date_of_record,station_name,month_num,season,avg_temp,min_temp,max_temp,temp_range,wind_speed,air_pressure,barometric_depression,elevation,elevation_vulnerability,latitude,longitude,rainfall,rainfall_rolling_3d,rainfall_rolling_7d,rainfall_lag1,rainfall_delta_1d,doy_sin,doy_cos,month_sin,month_cos,flood_risk_score,inundation_depth_cm,risk_category
2015-07-01,Bombay / Colaba,7,Monsoon,29.8,27.5,32.8,5.3,10.1,1004.2,9.05,10,5.0,18.9,72.8167,6.1,6.1,6.1,0.0,6.1,0.0108,-0.9999,-0.5,-0.866,0.0502,0.0,SAFE
2015-07-02,Bombay / Colaba,7,Monsoon,29.9,27.6,32.7,5.1,10.1,1004.2,9.05,10,5.0,18.9,72.8167,0.0,6.1,6.1,6.1,-6.1,-0.0065,-1.0,-0.5,-0.866,0.0,0.0,SAFE
2015-07-03,Bombay / Colaba,7,Monsoon,30.1,27.8,33.0,5.2,10.1,1004.2,9.05,10,5.0,18.9,72.8167,0.0,6.1,6.1,0.0,0.0,-0.0237,-0.9997,-0.5,-0.866,0.1824,3.1,SAFE
2015-07-04,Bombay / Colaba,7,Monsoon,30.0,28.0,32.7,4.7,10.1,1004.2,9.05,10,5.0,18.9,72.8167,0.0,0.0,6.1,0.0,0.0,-0.0408,-0.9992,-0.5,-0.866,0.0,0.0,SAFE
2015-07-05,Bombay / Colaba,7,Monsoon,29.9,27.6,32.6,5.0,10.1,1004.2,9.05,10,5.0,18.9,72.8167,0.0,0.0,6.1,0.0,0.0,-0.058,-0.9983,-0.5,-0.866,0.0,0.0,SAFE
2015-07-06,Bombay / Colaba,7,Monsoon,29.8,28.0,32.3,4.3,10.1,1004.2,9.05,10,5.0,18.9,72.8167,0.0,0.0,6.1,0.0,0.0,-0.0752,-0.9972,-0.5,-0.866,0.0,0.0,SAFE
2015-07-07,Bombay / Colaba,7,Monsoon,29.8,28.2,32.7,4.5,10.1,1004.2,9.05,10,5.0,18.9,72.8167,0.0,0.0,6.1,0.0,0.0,-0.0923,-0.9957,-0.5,-0.866,0.0,0.0,SAFE
2015-07-08,Bombay / Colaba,7,Monsoon,29.9,26.2,29.7,3.5,10.1,1004.2,9.05,10,5.0,18.9,72.8167,4.1,4.1,4.1,0.0,4.1,-0.1094,-0.994,-0.5,-0.866,0.1274,8.1,SAFE
2015-07-09,Bombay / Colaba,7,Monsoon,30.1,27.8,32.9,5.1,10.1,1004.2,9.05,10,5.0,18.9,72.8167,0.3,4.4,4.4,4.1,-3.8,-0.1265,-0.992,-0.5,-0.866,0.0,0.0,SAFE
2015-07-10,Bombay / Colaba,7,Monsoon,29.9,28.2,32.3,4.1,10.1,1004.2,9.05,10,5.0,18.9,72.8167,0.5,4.9,4.9,0.3,0.2,-0.1436,-0.9896,-0.5,-0.866,0.0,0.0,SAFE
2015-07-11,Bombay / Colaba,7,Monsoon,29.5,26.6,32.2,5.6,10.1,1004.2,9.05,10,5.0,18.9,72.8167,2.0,2.8,6.9,0.5,1.5,-0.1606,-0.987,-0.5,-0.866,0.0,0.0,SAFE
2015-07-12,Bombay / Colaba,7,Monsoon,29.8,26.2,32.6,6.4,10.1,1004.2,9.05,10,5.0,18.9,72.8167,6.1,8.6,13.0,2.0,4.1,-0.1775,-0.9841,-0.5,-0.866,0.0392,1.3,SAFE
2015-07-13,Bombay / Colaba,7,Monsoon,29.9,28.0,32.6,4.6,10.1,1004.2,9.05,10,5.0,18.9,72.8167,0.0,8.1,13.0,6.1,-6.1,-0.1944,-0.9809,-0.5,-0.866,0.3225,0.0,LOW
2015-07-14,Bombay / Colaba,7,Monsoon,30.0,26.4,32.8,6.4,10.1,1004.2,9.05,10,5.0,18.9,72.8167,2.0,8.1,15.0,0.0,2.0,-0.2113,-0.9774,-0.5,-0.866,0.0872,8.2,SAFE
2015-07-15,Bombay / Colaba,7,Monsoon,30.1,27.6,33.0,5.4,10.1,1004.2,9.05,10,5.0,18.9,72.8167,1.0,3.0,11.9,2.0,-1.0,-0.2281,-0.9736,-0.5,-0.866,0.0,0.0,SAFE
2015-07-16,Bombay / Colaba,7,Monsoon,29.8,27.8,32.3,4.5,10.1,1004.2,9.05,10,5.0,18.9,72.8167,0.0,3.0,11.6,1.0,-1.0,-0.2448,-0.9696,-0.5,-0.866,0.0,0.0,SAFE
2015-07-17,Bombay / Colaba,7,Monsoon,29.6,26.2,31.5,5.3,10.1,1004.2,9.05,10,5.0,18.9,72.8167,5.1,6.1,16.2,0.0,5.1,-0.2614,-0.9652,-0.5,-0.866,0.2139,5.9,LOW
2015-07-18,Bombay / Colaba,7,Monsoon,29.6,26.2,32.0,5.8,10.1,1004.2,9.05,10,5.0,18.9,72.8167,3.0,8.1,17.2,5.1,-2.1,-0.278,-0.9606,-0.5,-0.866,0.0,0.0,SAFE
2015-07-19,Bombay / Colaba,7,Monsoon,29.6,26.2,29.7,3.5,10.1,1004.2,9.05,10,5.0,18.9,72.8167,5.1,13.2,16.2,3.0,2.1,-0.2945,-0.9557,-0.5,-0.866,0.0,3.9,SAFE
2015-07-20,Bombay / Colaba,7,Monsoon,29.0,26.4,31.6,5.2,10.1,1004.2,9.05,10,5.0,18.9,72.8167,0.5,8.6,16.7,5.1,-4.6,-0.3109,-0.9505,-0.5,-0.866,0.0139,0.0,SAFE
2015-07-21,Bombay / Colaba,7,Monsoon,27.9,24.2,29.7,5.5,10.1,1004.2,9.05,10,5.0,18.9,72.8167,61.0,66.6,75.7,0.5,60.5,-0.3272,-0.945,-0.5,-0.866,0.587,26.5,MODERATE
2015-07-22,Bombay / Colaba,7,Monsoon,27.1,24.5,29.0,4.5,10.1,1004.2,9.05,10,5.0,18.9,72.8167,49.0,110.5,123.7,61.0,-12.0,-0.3434,-0.9392,-0.5,-0.866,0.5253,4.7,MODERATE
2015-07-23,Bombay / Colaba,7,Monsoon,27.4,24.4,30.0,5.6,10.1,1004.2,9.05,10,5.0,18.9,72.8167,46.0,156.0,169.7,49.0,-3.0,-0.3595,-0.9332,-0.5,-0.866,0.4808,19.6,LOW
2015-07-24,Bombay / Colaba,7,Monsoon,28.1,24.7,30.3,5.6,10.1,1004.2,9.05,10,5.0,18.9,72.8167,37.1,132.1,201.7,46.0,-8.9,-0.3755,-0.9268,-0.5,-0.866,0.4494,6.7,LOW
2015-07-25,Bombay / Colaba,7,Monsoon,28.7,25.0,30.7,5.7,10.1,1004.2,9.05,10,5.0,18.9,72.8167,29.0,112.1,227.7,37.1,-8.1,-0.3914,-0.9202,-0.5,-0.866,0.2834,13.7,LOW
2015-07-26,Bombay / Colaba,7,Monsoon,28.6,25.2,31.2,6.0,10.1,1004.2,9.05,10,5.0,18.9,72.8167,8.9,75.0,231.5,29.0,-20.1,-0.4071,-0.9134,-0.5,-0.866,0.205,9.8,LOW
2015-07-27,Bombay / Colaba,7,Monsoon,27.8,26.4,29.7,3.3,10.1,1004.2,9.05,10,5.0,18.9,72.8167,7.9,45.8,238.9,8.9,-1.0,-0.4228,-0.9062,-0.5,-0.866,0.1492,0.0,LOW
2015-07-28,Bombay / Colaba,7,Monsoon,28.0,25.4,29.6,4.2,10.1,1004.2,9.05,10,5.0,18.9,72.8167,27.9,44.7,205.8,7.9,20.0,-0.4383,-0.8988,-0.5,-0.866,0.3416,5.4,LOW
2015-07-29,Bombay / Colaba,7,Monsoon,27.7,24.4,29.5,5.1,10.1,1004.2,9.05,10,5.0,18.9,72.8167,32.0,67.8,188.8,27.9,4.1,-0.4537,-0.8912,-0.5,-0.866,0.3966,8.3,LOW
2015-07-30,Bombay / Colaba,7,Monsoon,27.8,23.6,31.2,7.6,10.1,1004.2,9.05,10,5.0,18.9,72.8167,17.0,76.9,159.8,32.0,-15.0,-0.469,-0.8832,-0.5,-0.866,0.2856,3.4,LOW
2015-07-31,Bombay / Colaba,7,Monsoon,28.9,25.0,31.5,6.5,10.1,1004.2,9.05,10,5.0,18.9,72.8167,8.9,57.9,131.6,17.0,-8.1,-0.4841,-0.875,-0.5,-0.866,0.1266,9.3,SAFE
2015-08-01,Bombay / Colaba,8,Monsoon,29.1,26.2,31.5,5.3,9.5,1005.9,7.35,10,5.0,18.9,72.8167,2.0,27.9,104.6,8.9,-6.9,-0.4991,-0.8666,-0.866,-0.5,0.1631,1.8,SAFE
2015-08-02,Bombay / Colaba,8,Monsoon,29.1,26.6,31.9,5.3,9.5,1005.9,7.35,10,5.0,18.9,72.8167,2.0,12.9,97.7,2.0,0.0,-0.5139,-0.8578,-0.866,-0.5,0.053,0.0,SAFE
2015-08-03,Bombay / Colaba,8,Monsoon,28.9,26.6,30.1,3.5,9.5,1005.9,7.35,10,5.0,18.9,72.8167,0.5,4.5,90.3,2.0,-1.5,-0.5286,-0.8489,-0.866,-0.5,0.0,0.0,SAFE
2015-08-04,Bombay / Colaba,8,Monsoon,28.8,26.8,30.6,3.8,9.5,1005.9,7.35,10,5.0,18.9,72.8167,0.0,2.5,62.4,0.5,-0.5,-0.5431,-0.8397,-0.866,-0.5,0.0,0.0,SAFE
2015-08-05,Bombay / Colaba,8,Monsoon,28.1,26.0,29.3,3.3,9.5,1005.9,7.35,10,5.0,18.9,72.8167,2.0,2.5,32.4,0.0,2.0,-0.5575,-0.8302,-0.866,-0.5,0.056,0.0,SAFE
2015-08-06,Bombay / Colaba,8,Monsoon,28.4,23.2,30.8,7.6,9.5,1005.9,7.35,10,5.0,18.9,72.8167,22.1,24.1,37.5,2.0,20.1,-0.5717,-0.8205,-0.866,-0.5,0.2756,0.0,LOW
2015-08-07,Bombay / Colaba,8,Monsoon,28.9,26.4,31.8,5.4,9.5,1005.9,7.35,10,5.0,18.9,72.8167,1.0,25.1,29.6,22.1,-21.1,-0.5857,-0.8105,-0.866,-0.5,0.0567,1.5,SAFE
2015-08-08,Bombay / Colaba,8,Monsoon,27.6,24.6,30.4,5.8,10.4,1005.4,7.85,10,5.0,18.9,72.8167,5.1,28.2,32.7,1.0,4.1,-0.5996,-0.8003,-0.866,-0.5,0.0,8.8,SAFE
2015-08-09,Bombay / Colaba,8,Monsoon,27.1,24.0,29.0,5.0,9.5,1003.9,9.35,10,5.0,18.9,72.8167,8.9,15.0,39.6,5.1,3.8,-0.6132,-0.7899,-0.866,-0.5,0.1063,4.5,SAFE
2015-08-10,Bombay / Colaba,8,Monsoon,26.6,24.2,29.5,5.3,6.4,1003.9,9.35,10,5.0,18.9,72.8167,8.9,22.9,48.0,8.9,0.0,-0.6267,-0.7792,-0.866,-0.5,0.1241,0.8,SAFE
2015-08-11,Bombay / Colaba,8,Monsoon,27.7,24.2,31.2,7.0,6.2,1005.8,7.45,10,5.0,18.9,72.8167,2.0,19.8,50.0,8.9,-6.9,-0.64,-0.7683,-0.866,-0.5,0.0925,4.3,SAFE
2015-08-12,Bombay / Colaba,8,Monsoon,27.9,23.8,30.8,7.0,9.5,1005.9,7.35,10,5.0,18.9,72.8167,6.1,17.0,54.1,2.0,4.1,-0.6532,-0.7572,-0.866,-0.5,0.1859,0.0,LOW
2015-08-13,Bombay / Colaba,8,Monsoon,28.2,24.8,31.0,6.2,9.5,1005.9,7.35,10,5.0,18.9,72.8167,2.0,10.1,34.0,6.1,-4.1,-0.6661,-0.7459,-0.866,-0.5,0.1655,0.0,SAFE
2015-08-14,Bombay / Colaba,8,Monsoon,28.2,25.0,31.5,6.5,9.5,1005.9,7.35,10,5.0,18.9,72.8167,3.0,11.1,36.0,2.0,1.0,-0.6788,-0.7343,-0.866,-0.5,0.0026,0.0,SAFE
2015-08-15,Bombay / Colaba,8,Monsoon,28.3,24.8,30.8,6.0,9.5,1005.9,7.35,10,5.0,18.9,72.8167,6.1,11.1,37.0,3.0,3.1,-0.6914,-0.7225,-0.866,-0.5,0.0158,0.0,SAFE
2015-08-16,Bombay / Colaba,8,Monsoon,28.2,25.4,31.7,6.3,9.5,1005.9,7.35,10,5.0,18.9,72.8167,7.1,16.2,35.2,6.1,1.0,-0.7037,-0.7105,-0.866,-0.5,0.0,0.1,SAFE
2015-08-17,Bombay / Colaba,8,Monsoon,28.1,25.0,31.3,6.3,9.5,1007.5,5.75,10,5.0,18.9,72.8167,11.9,25.1,38.2,7.1,4.8,-0.7158,-0.6983,-0.866,-0.5,0.2039,6.0,LOW
2015-08-18,Bombay / Colaba,8,Monsoon,28.7,24.8,31.9,7.1,7.7,1008.2,5.05,10,5.0,18.9,72.8167,10.9,29.9,47.1,11.9,-1.0,-0.7277,-0.6859,-0.866,-0.5,0.2848,4.0,LOW
2015-08-19,Bombay / Colaba,8,Monsoon,29.3,25.3,32.0,6.7,9.5,1005.9,7.35,10,5.0,18.9,72.8167,0.0,22.8,41.0,10.9,-10.9,-0.7394,-0.6733,-0.866,-0.5,0.0344,0.0,SAFE
2015-08-20,Bombay / Colaba,8,Monsoon,29.3,25.7,32.0,6.3,9.5,1005.9,7.35,10,5.0,18.9,72.8167,0.0,10.9,39.0,0.0,0.0,-0.7509,-0.6605,-0.866,-0.5,0.0243,0.0,SAFE
2015-08-21,Bombay / Colaba,8,Monsoon,29.1,25.2,32.2,7.0,9.5,1005.9,7.35,10,5.0,18.9,72.8167,0.3,0.3,36.3,0.0,0.3,-0.7621,-0.6474,-0.866,-0.5,0.0,0.0,SAFE
2015-08-22,Bombay / Colaba,8,Monsoon,29.1,24.0,31.6,7.6,9.5,1005.9,7.35,10,5.0,18.9,72.8167,5.1,5.4,35.3,0.3,4.8,-0.7731,-0.6342,-0.866,-0.5,0.12,0.0,SAFE
2015-08-23,Bombay / Colaba,8,Monsoon,29.3,26.6,31.8,5.2,9.5,1005.9,7.35,10,5.0,18.9,72.8167,0.0,5.4,28.2,5.1,-5.1,-0.7839,-0.6208,-0.866,-0.5,0.0872,4.5,SAFE
2015-08-24,Bombay / Colaba,8,Monsoon,28.7,25.8,32.5,6.7,9.5,1005.9,7.35,10,5.0,18.9,72.8167,0.0,5.1,16.3,0.0,0.0,-0.7945,-0.6073,-0.866,-0.5,0.0,0.0,SAFE
2015-08-25,Bombay / Colaba,8,Monsoon,27.4,25.3,30.2,4.9,9.5,1005.9,7.35,10,5.0,18.9,72.8167,3.0,3.0,8.4,0.0,3.0,-0.8048,-0.5935,-0.866,-0.5,0.1241,0.0,SAFE
2015-08-26,Bombay / Colaba,8,Monsoon,29.2,24.7,31.8,7.1,9.5,1005.9,7.35,10,5.0,18.9,72.8167,8.9,11.9,17.3,3.0,5.9,-0.8149,-0.5796,-0.866,-0.5,0.0,0.0,SAFE
2015-08-27,Bombay / Colaba,8,Monsoon,29.1,26.4,31.7,5.3,9.5,1005.9,7.35,10,5.0,18.9,72.8167,0.0,11.9,17.3,8.9,-8.9,-0.8248,-0.5655,-0.866,-0.5,0.0,0.0,SAFE
2015-08-28,Bombay / Colaba,8,Monsoon,26.6,24.5,28.8,4.3,9.5,1005.9,7.35,10,5.0,18.9,72.8167,7.9,16.8,24.9,0.0,7.9,-0.8344,-0.5512,-0.866,-0.5,0.0616,8.0,SAFE
2015-08-29,Bombay / Colaba,8,Monsoon,27.7,24.4,31.5,7.1,9.5,1005.9,7.35,10,5.0,18.9,72.8167,6.1,14.0,25.9,7.9,-1.8,-0.8437,-0.5368,-0.866,-0.5,0.0233,5.4,SAFE
2015-08-30,Bombay / Colaba,8,Monsoon,26.7,24.2,29.6,5.4,9.5,1005.9,7.35,10,5.0,18.9,72.8167,10.9,24.9,36.8,6.1,4.8,-0.8528,-0.5222,-0.866,-0.5,0.1019,8.4,SAFE
2015-08-31,Bombay / Colaba,8,Monsoon,28.0,23.8,31.0,7.2,9.5,1005.9,7.35,10,5.0,18.9,72.8167,9.9,26.9,46.7,10.9,-1.0,-0.8617,-0.5074,-0.866,-0.5,0.0,6.3,SAFE
2015-09-01,Bombay / Colaba,9,Monsoon,28.6,24.6,31.8,7.2,4.8,1007.1,6.15,10,5.0,18.9,72.8167,4.1,24.9,47.8,9.9,-5.8,-0.8703,-0.4925,-1.0,-0.0,0.1919,0.0,LOW
2015-09-02,Bombay / Colaba,9,Monsoon,27.9,23.3,31.3,8.0,4.8,1007.1,6.15,10,5.0,18.9,72.8167,4.1,18.1,43.0,4.1,0.0,-0.8786,-0.4775,-1.0,-0.0,0.1994,0.0,LOW
2015-09-03,Bombay / Colaba,9,Monsoon,28.4,23.8,32.0,8.2,4.8,1007.1,6.15,10,5.0,18.9,72.8167,0.5,8.7,43.5,4.1,-3.6,-0.8867,-0.4623,-1.0,-0.0,0.0,0.0,SAFE
2015-09-04,Bombay / Colaba,9,Monsoon,29.1,23.8,32.0,8.2,4.8,1007.1,6.15,10,5.0,18.9,72.8167,0.0,4.6,35.6,0.5,-0.5,-0.8945,-0.447,-1.0,-0.0,0.0,0.0,SAFE
2015-09-05,Bombay / Colaba,9,Monsoon,29.1,23.0,32.2,9.2,4.8,1007.1,6.15,10,5.0,18.9,72.8167,0.0,0.5,29.5,0.0,0.0,-0.9021,-0.4315,-1.0,-0.0,0.0,0.0,SAFE
2015-09-06,Bombay / Colaba,9,Monsoon,29.2,23.8,32.4,8.6,4.8,1007.1,6.15,10,5.0,18.9,72.8167,0.0,0.0,18.6,0.0,0.0,-0.9094,-0.4159,-1.0,-0.0,0.0,0.0,SAFE
2015-09-07,Bombay / Colaba,9,Monsoon,28.8,24.4,32.2,7.8,4.8,1007.1,6.15,10,5.0,18.9,72.8167,0.0,0.0,8.7,0.0,0.0,-0.9164,-0.4002,-1.0,-0.0,0.0,0.0,SAFE
2015-09-08,Bombay / Colaba,9,Monsoon,28.9,23.8,32.0,8.2,4.8,1007.1,6.15,10,5.0,18.9,72.8167,0.0,0.0,4.6,0.0,0.0,-0.9232,-0.3844,-1.0,-0.0,0.0,0.0,SAFE
2015-09-09,Bombay / Colaba,9,Monsoon,28.6,24.4,31.5,7.1,4.8,1007.1,6.15,10,5.0,18.9,72.8167,0.0,0.0,0.5,0.0,0.0,-0.9296,-0.3685,-1.0,-0.0,0.0,0.0,SAFE
2015-09-10,Bombay / Colaba,9,Monsoon,27.5,24.8,31.1,6.3,4.8,1007.1,6.15,10,5.0,18.9,72.8167,3.0,3.0,3.0,0.0,3.0,-0.9358,-0.3524,-1.0,-0.0,0.1801,4.8,SAFE
2015-09-11,Bombay / Colaba,9,Monsoon,29.1,24.0,32.0,8.0,4.8,1008.6,4.65,10,5.0,18.9,72.8167,32.0,35.0,35.0,3.0,29.0,-0.9418,-0.3363,-1.0,-0.0,0.1157,20.0,LOW
2015-09-12,Bombay / Colaba,9,Monsoon,28.3,25.8,32.5,6.7,4.8,1007.1,6.15,10,5.0,18.9,72.8167,0.0,35.0,35.0,32.0,-32.0,-0.9474,-0.32,-1.0,-0.0,0.1497,0.6,SAFE
2015-09-13,Bombay / Colaba,9,Monsoon,27.9,23.7,31.5,7.8,4.8,1007.1,6.15,10,5.0,18.9,72.8167,17.0,49.0,52.0,0.0,17.0,-0.9528,-0.3037,-1.0,-0.0,0.3075,0.0,LOW
2015-09-14,Bombay / Colaba,9,Monsoon,28.3,23.8,31.5,7.7,4.8,1007.1,6.15,10,5.0,18.9,72.8167,21.1,38.1,73.1,17.0,4.1,-0.9579,-0.2873,-1.0,-0.0,0.2712,0.0,LOW
2015-09-15,Bombay / Colaba,9,Monsoon,28.7,24.2,30.5,6.3,4.8,1007.1,6.15,10,5.0,18.9,72.8167,33.0,71.1,106.1,21.1,11.9,-0.9627,-0.2707,-1.0,-0.0,0.5491,15.1,LOW
2015-09-16,Bombay / Colaba,9,Monsoon,29.4,24.5,31.0,6.5,4.8,1005.8,7.45,10,5.0,18.9,72.8167,4.1,58.2,110.2,33.0,-28.9,-0.9672,-0.2541,-1.0,-0.0,0.0856,0.0,SAFE
2015-09-17,Bombay / Colaba,9,Monsoon,29.6,26.0,32.0,6.0,12.4,1004.7,8.55,10,5.0,18.9,72.8167,2.0,39.1,109.2,4.1,-2.1,-0.9714,-0.2375,-1.0,-0.0,0.2025,1.4,SAFE
2015-09-18,Bombay / Colaba,9,Monsoon,28.9,28.0,30.0,2.0,17.1,1003.2,10.05,10,5.0,18.9,72.8167,0.5,6.6,77.7,2.0,-1.5,-0.9753,-0.2207,-1.0,-0.0,0.0346,2.5,SAFE
2015-09-19,Bombay / Colaba,9,Monsoon,28.4,25.0,31.1,6.1,16.3,1003.7,9.55,10,5.0,18.9,72.8167,5.1,7.6,82.8,0.5,4.6,-0.979,-0.2039,-1.0,-0.0,0.1997,2.3,LOW
2015-09-20,Bombay / Colaba,9,Monsoon,27.6,24.0,30.0,6.0,14.4,1004.2,9.05,10,5.0,18.9,72.8167,32.0,37.6,97.8,5.1,26.9,-0.9824,-0.187,-1.0,-0.0,0.2489,11.5,LOW
2015-09-21,Bombay / Colaba,9,Monsoon,28.6,24.7,32.3,7.6,13.8,1005.1,8.15,10,5.0,18.9,72.8167,27.9,65.0,104.6,32.0,-4.1,-0.9854,-0.1701,-1.0,-0.0,0.2296,15.0,LOW
2015-09-22,Bombay / Colaba,9,Monsoon,28.6,24.6,32.0,7.4,8.8,1007.6,5.65,10,5.0,18.9,72.8167,15.0,74.9,86.6,27.9,-12.9,-0.9882,-0.1531,-1.0,-0.0,0.3578,13.7,LOW
2015-09-23,Bombay / Colaba,9,Monsoon,29.1,25.2,32.2,7.0,8.2,1010.1,3.15,10,5.0,18.9,72.8167,3.0,45.9,85.5,15.0,-12.0,-0.9907,-0.1361,-1.0,-0.0,0.0656,0.0,SAFE
2015-09-24,Bombay / Colaba,9,Monsoon,28.7,24.0,32.0,8.0,4.8,1009.4,3.85,10,5.0,18.9,72.8167,0.0,18.0,83.5,3.0,-3.0,-0.9929,-0.1191,-1.0,-0.0,0.0,0.0,SAFE
2015-09-25,Bombay / Colaba,9,Monsoon,28.2,23.7,31.8,8.1,8.1,1008.9,4.35,10,5.0,18.9,72.8167,0.0,3.0,83.0,0.0,0.0,-0.9948,-0.102,-1.0,-0.0,0.0,0.0,SAFE
2015-09-26,Bombay / Colaba,9,Monsoon,27.9,23.8,31.7,7.9,7.8,1009.2,4.05,10,5.0,18.9,72.8167,0.0,0.0,77.9,0.0,0.0,-0.9964,-0.0848,-1.0,-0.0,0.0,0.0,SAFE
2015-09-27,Bombay / Colaba,9,Monsoon,28.4,21.3,32.0,10.7,4.8,1009.3,3.95,10,5.0,18.9,72.8167,0.0,0.0,45.9,0.0,0.0,-0.9977,-0.0677,-1.0,-0.0,0.0,0.0,SAFE
2015-09-28,Bombay / Colaba,9,Monsoon,29.8,23.2,34.8,11.6,7.3,1007.9,5.35,10,5.0,18.9,72.8167,0.0,0.0,18.0,0.0,0.0,-0.9987,-0.0505,-1.0,-0.0,0.0,0.0,SAFE
2015-09-29,Bombay / Colaba,9,Monsoon,31.9,24.3,36.2,11.9,7.9,1007.2,6.05,10,5.0,18.9,72.8167,0.0,0.0,3.0,0.0,0.0,-0.9994,-0.0333,-1.0,-0.0,0.0,0.0,SAFE
2015-09-30,Bombay / Colaba,9,Monsoon,32.8,24.4,37.4,13.0,9.3,1008.3,4.95,10,5.0,18.9,72.8167,0.0,0.0,0.0,0.0,0.0,-0.9999,-0.0161,-1.0,-0.0,0.0,0.0,SAFE
2016-07-01,Bombay / Colaba,7,Monsoon,27.8,23.6,30.0,6.4,10.5,1004.2,9.05,10,5.0,18.9,72.8167,71.1,71.1,71.1,0.0,71.1,-0.0065,-1.0,-0.5,-0.866,0.4489,23.0,MODERATE
2016-07-02,Bombay / Colaba,7,Monsoon,27.2,24.6,28.0,3.4,16.7,1001.7,11.55,10,5.0,18.9,72.8167,77.0,148.1,148.1,71.1,5.9,-0.0237,-0.9997,-0.5,-0.866,0.6102,30.2,MODERATE
2016-07-03,Bombay / Colaba,7,Monsoon,27.9,24.8,30.0,5.2,16.4,1002.2,11.05,10,5.0,18.9,72.8167,93.0,241.1,241.1,77.0,16.0,-0.0408,-0.9992,-0.5,-0.866,0.848,34.4,HIGH
2016-07-04,Bombay / Colaba,7,Monsoon,27.6,24.5,30.4,5.9,13.3,1003.6,9.65,10,5.0,18.9,72.8167,25.9,195.9,267.0,93.0,-67.1,-0.058,-0.9983,-0.5,-0.866,0.4655,20.6,LOW
2016-07-05,Bombay / Colaba,7,Monsoon,27.4,24.1,31.0,6.9,12.4,1003.7,9.55,10,5.0,18.9,72.8167,46.0,164.9,313.0,25.9,20.1,-0.0752,-0.9972,-0.5,-0.866,0.5832,13.5,MODERATE
2016-07-06,Bombay / Colaba,7,Monsoon,28.7,24.2,30.0,5.8,12.8,1004.1,9.15,10,5.0,18.9,72.8167,9.9,81.8,322.9,46.0,-36.1,-0.0923,-0.9957,-0.5,-0.866,0.1588,5.7,LOW
2016-07-07,Bombay / Colaba,7,Monsoon,28.9,25.9,29.2,3.3,13.9,1005.0,8.25,10,5.0,18.9,72.8167,8.9,64.8,331.8,9.9,-1.0,-0.1094,-0.994,-0.5,-0.866,0.1896,2.6,LOW
2016-07-08,Bombay / Colaba,7,Monsoon,28.4,28.0,29.4,1.4,14.4,1004.0,9.25,10,5.0,18.9,72.8167,1.0,19.8,261.7,8.9,-7.9,-0.1265,-0.992,-0.5,-0.866,0.0633,5.3,SAFE
2016-07-09,Bombay / Colaba,7,Monsoon,28.8,25.4,30.0,4.6,16.9,1002.6,10.65,10,5.0,18.9,72.8167,10.9,20.8,195.6,1.0,9.9,-0.1436,-0.9896,-0.5,-0.866,0.0218,0.0,SAFE
2016-07-10,Bombay / Colaba,7,Monsoon,28.7,27.0,29.0,2.0,20.8,1002.2,11.05,10,5.0,18.9,72.8167,99.1,111.0,201.7,10.9,88.2,-0.1606,-0.987,-0.5,-0.866,0.6834,26.6,MODERATE
2016-07-11,Bombay / Colaba,7,Monsoon,28.3,26.1,29.0,2.9,20.8,1004.2,9.05,10,5.0,18.9,72.8167,7.1,117.1,182.9,99.1,-92.0,-0.1775,-0.9841,-0.5,-0.866,0.2294,16.2,LOW
2016-07-12,Bombay / Colaba,7,Monsoon,28.4,27.0,30.0,3.0,16.6,1002.9,10.35,10,5.0,18.9,72.8167,7.1,113.3,144.0,7.1,0.0,-0.1944,-0.9809,-0.5,-0.866,0.2214,11.2,LOW
2016-07-13,Bombay / Colaba,7,Monsoon,28.2,24.0,30.4,6.4,16.6,1004.2,9.05,10,5.0,18.9,72.8167,16.0,30.2,150.1,7.1,8.9,-0.2113,-0.9774,-0.5,-0.866,0.162,6.3,LOW
2016-07-14,Bombay / Colaba,7,Monsoon,27.0,25.0,30.4,5.4,12.2,1004.0,9.25,10,5.0,18.9,72.8167,13.0,36.1,154.2,16.0,-3.0,-0.2281,-0.9736,-0.5,-0.866,0.1604,0.4,LOW
2016-07-15,Bombay / Colaba,7,Monsoon,28.2,24.3,31.4,7.1,12.8,1004.9,8.35,10,5.0,18.9,72.8167,10.9,39.9,164.1,13.0,-2.1,-0.2448,-0.9696,-0.5,-0.866,0.1023,3.1,SAFE
2016-07-16,Bombay / Colaba,7,Monsoon,28.1,26.0,30.8,4.8,14.6,1005.4,7.85,10,5.0,18.9,72.8167,2.0,25.9,155.2,10.9,-8.9,-0.2614,-0.9652,-0.5,-0.866,0.2158,8.9,LOW
2016-07-17,Bombay / Colaba,7,Monsoon,27.6,23.9,31.6,7.7,11.8,1007.5,5.75,10,5.0,18.9,72.8167,13.0,25.9,69.1,2.0,11.0,-0.278,-0.9606,-0.5,-0.866,0.0144,8.6,SAFE
2016-07-18,Bombay / Colaba,7,Monsoon,27.3,24.4,29.0,4.6,13.5,1008.2,5.05,10,5.0,18.9,72.8167,15.0,30.0,77.0,13.0,2.0,-0.2945,-0.9557,-0.5,-0.866,0.0776,4.6,SAFE
2016-07-19,Bombay / Colaba,7,Monsoon,26.4,23.4,27.0,3.6,13.2,1008.1,5.15,10,5.0,18.9,72.8167,57.9,85.9,127.8,15.0,42.9,-0.3109,-0.9505,-0.5,-0.866,0.7436,5.5,MODERATE
2016-07-20,Bombay / Colaba,7,Monsoon,27.5,24.0,30.0,6.0,12.5,1004.2,9.05,10,5.0,18.9,72.8167,64.0,136.9,175.8,57.9,6.1,-0.3272,-0.945,-0.5,-0.866,0.4497,10.8,MODERATE
2016-07-21,Bombay / Colaba,7,Monsoon,26.1,23.7,27.8,4.1,7.2,1006.1,7.15,10,5.0,18.9,72.8167,10.9,132.8,173.7,64.0,-53.1,-0.3434,-0.9392,-0.5,-0.866,0.1449,6.5,LOW
2016-07-22,Bombay / Colaba,7,Monsoon,27.6,23.6,29.2,5.6,12.8,1004.6,8.65,10,5.0,18.9,72.8167,15.0,89.9,177.8,10.9,4.1,-0.3595,-0.9332,-0.5,-0.866,0.3203,25.8,LOW
2016-07-23,Bombay / Colaba,7,Monsoon,27.5,23.6,31.7,8.1,11.7,1003.9,9.35,10,5.0,18.9,72.8167,9.9,35.8,185.7,15.0,-5.1,-0.3755,-0.9268,-0.5,-0.866,0.0,0.0,SAFE
2016-07-24,Bombay / Colaba,7,Monsoon,27.7,24.2,30.0,5.8,9.2,1004.2,9.05,10,5.0,18.9,72.8167,6.1,31.0,178.8,9.9,-3.8,-0.3914,-0.9202,-0.5,-0.866,0.0856,4.7,SAFE
2016-07-25,Bombay / Colaba,7,Monsoon,27.7,24.7,29.4,4.7,8.5,1004.8,8.45,10,5.0,18.9,72.8167,7.9,23.9,171.7,6.1,1.8,-0.4071,-0.9134,-0.5,-0.866,0.334,8.4,LOW
2016-07-26,Bombay / Colaba,7,Monsoon,26.4,25.0,28.0,3.0,8.7,1005.6,7.65,10,5.0,18.9,72.8167,0.0,14.0,113.8,7.9,-7.9,-0.4228,-0.9062,-0.5,-0.866,0.0,0.0,SAFE
2016-07-27,Bombay / Colaba,7,Monsoon,25.9,23.4,29.0,5.6,8.7,1006.4,6.85,10,5.0,18.9,72.8167,68.1,76.0,117.9,0.0,68.1,-0.4383,-0.8988,-0.5,-0.866,0.2797,24.2,LOW
2016-07-28,Bombay / Colaba,7,Monsoon,25.8,22.9,29.4,6.5,8.4,1006.7,6.55,10,5.0,18.9,72.8167,17.0,85.1,124.0,68.1,-51.1,-0.4537,-0.8912,-0.5,-0.866,0.0886,16.2,LOW
2016-07-29,Bombay / Colaba,7,Monsoon,25.8,22.4,28.0,5.6,7.7,1006.1,7.15,10,5.0,18.9,72.8167,110.0,195.1,219.0,17.0,93.0,-0.469,-0.8832,-0.5,-0.866,0.9703,41.5,HIGH
2016-07-30,Bombay / Colaba,7,Monsoon,27.1,23.0,29.0,6.0,11.3,1005.3,7.95,10,5.0,18.9,72.8167,115.1,242.1,324.2,110.0,5.1,-0.4841,-0.875,-0.5,-0.866,1.0,43.5,HIGH
2016-07-31,Bombay / Colaba,7,Monsoon,26.5,25.0,28.0,3.0,12.9,1006.2,7.05,10,5.0,18.9,72.8167,15.0,240.1,333.1,115.1,-100.1,-0.4991,-0.8666,-0.5,-0.866,0.4147,20.1,LOW
2016-08-01,Bombay / Colaba,8,Monsoon,27.0,23.2,28.0,4.8,21.5,1004.9,8.35,10,5.0,18.9,72.8167,111.0,241.1,436.2,15.0,96.0,-0.5139,-0.8578,-0.866,-0.5,1.0,28.3,HIGH
2016-08-02,Bombay / Colaba,8,Monsoon,27.8,24.6,28.0,3.4,20.7,1002.0,11.25,10,5.0,18.9,72.8167,25.9,151.9,462.1,111.0,-85.1,-0.5286,-0.8489,-0.866,-0.5,0.5367,17.6,LOW
2016-08-03,Bombay / Colaba,8,Monsoon,27.9,26.0,29.0,3.0,18.9,1001.8,11.45,10,5.0,18.9,72.8167,13.0,149.9,407.0,25.9,-12.9,-0.5431,-0.8397,-0.866,-0.5,0.5109,25.8,LOW
2016-08-04,Bombay / Colaba,8,Monsoon,28.3,24.5,30.6,6.1,18.0,1002.8,10.45,10,5.0,18.9,72.8167,15.0,53.9,405.0,13.0,2.0,-0.5575,-0.8302,-0.866,-0.5,0.1633,7.1,LOW
2016-08-05,Bombay / Colaba,8,Monsoon,26.9,24.0,28.0,4.0,17.3,1002.6,10.65,10,5.0,18.9,72.8167,17.0,45.0,312.0,15.0,2.0,-0.5717,-0.8205,-0.866,-0.5,0.0,1.5,SAFE
2016-08-06,Bombay / Colaba,8,Monsoon,27.7,24.5,29.0,4.5,18.8,1003.7,9.55,10,5.0,18.9,72.8167,142.0,174.0,338.9,17.0,125.0,-0.5857,-0.8105,-0.866,-0.5,0.9181,40.1,HIGH
2016-08-07,Bombay / Colaba,8,Monsoon,28.4,25.2,30.0,4.8,17.2,1004.8,8.45,10,5.0,18.9,72.8167,13.0,172.0,336.9,142.0,-129.0,-0.5996,-0.8003,-0.866,-0.5,0.3115,3.4,LOW
2016-08-08,Bombay / Colaba,8,Monsoon,28.3,25.5,30.6,5.1,18.7,1005.8,7.45,10,5.0,18.9,72.8167,3.0,158.0,228.9,13.0,-10.0,-0.6132,-0.7899,-0.866,-0.5,0.2581,10.1,LOW
2016-08-09,Bombay / Colaba,8,Monsoon,28.2,26.0,30.6,4.6,18.4,1005.7,7.55,10,5.0,18.9,72.8167,2.0,18.0,205.0,3.0,-1.0,-0.6267,-0.7792,-0.866,-0.5,0.0506,3.3,SAFE
2016-08-10,Bombay / Colaba,8,Monsoon,28.2,24.9,30.0,5.1,19.5,1006.2,7.05,10,5.0,18.9,72.8167,10.9,15.9,202.9,2.0,8.9,-0.64,-0.7683,-0.866,-0.5,0.2292,5.5,LOW
2016-08-11,Bombay / Colaba,8,Monsoon,27.8,24.9,30.4,5.5,16.4,1007.7,5.55,10,5.0,18.9,72.8167,4.1,17.0,192.0,10.9,-6.8,-0.6532,-0.7572,-0.866,-0.5,0.2131,7.8,LOW
2016-08-12,Bombay / Colaba,8,Monsoon,28.1,25.1,30.4,5.3,16.0,1005.9,7.35,10,5.0,18.9,72.8167,3.0,18.0,178.0,4.1,-1.1,-0.6661,-0.7459,-0.866,-0.5,0.0573,3.3,SAFE
2016-08-13,Bombay / Colaba,8,Monsoon,28.5,25.9,30.6,4.7,16.1,1007.1,6.15,10,5.0,18.9,72.8167,1.0,8.1,37.0,3.0,-2.0,-0.6788,-0.7343,-0.866,-0.5,0.1658,1.9,SAFE
2016-08-14,Bombay / Colaba,8,Monsoon,28.2,25.8,29.8,4.0,19.7,1006.8,6.45,10,5.0,18.9,72.8167,0.0,4.0,24.0,1.0,-1.0,-0.6914,-0.7225,-0.866,-0.5,0.0,0.0,SAFE
2016-08-15,Bombay / Colaba,8,Monsoon,28.5,26.0,30.6,4.6,18.7,1006.7,6.55,10,5.0,18.9,72.8167,3.0,4.0,24.0,0.0,3.0,-0.7037,-0.7105,-0.866,-0.5,0.0611,0.0,SAFE
2016-08-16,Bombay / Colaba,8,Monsoon,28.6,26.2,30.6,4.4,17.1,1005.9,7.35,10,5.0,18.9,72.8167,2.0,5.0,24.0,3.0,-1.0,-0.7158,-0.6983,-0.866,-0.5,0.146,7.1,SAFE
2016-08-17,Bombay / Colaba,8,Monsoon,28.3,26.0,31.2,5.2,15.7,1004.9,8.35,10,5.0,18.9,72.8167,0.0,5.0,13.1,2.0,-2.0,-0.7277,-0.6859,-0.866,-0.5,0.0,0.0,SAFE
2016-08-18,Bombay / Colaba,8,Monsoon,28.5,24.4,31.0,6.6,14.7,1004.8,8.45,10,5.0,18.9,72.8167,8.9,10.9,17.9,0.0,8.9,-0.7394,-0.6733,-0.866,-0.5,0.3103,1.3,LOW
2016-08-19,Bombay / Colaba,8,Monsoon,28.3,25.7,31.0,5.3,15.0,1005.9,7.35,10,5.0,18.9,72.8167,0.0,8.9,14.9,8.9,-8.9,-0.7509,-0.6605,-0.866,-0.5,0.0,1.2,SAFE
2016-08-20,Bombay / Colaba,8,Monsoon,28.6,25.4,30.2,4.8,14.0,1005.1,8.15,10,5.0,18.9,72.8167,1.0,9.9,14.9,0.0,1.0,-0.7621,-0.6474,-0.866,-0.5,0.0,0.0,SAFE
2016-08-21,Bombay / Colaba,8,Monsoon,28.6,25.8,30.6,4.8,14.1,1005.3,7.95,10,5.0,18.9,72.8167,5.1,6.1,20.0,1.0,4.1,-0.7731,-0.6342,-0.866,-0.5,0.0547,7.5,SAFE
2016-08-22,Bombay / Colaba,8,Monsoon,27.8,27.0,30.2,3.2,14.1,1006.1,7.15,10,5.0,18.9,72.8167,2.0,8.1,19.0,5.1,-3.1,-0.7839,-0.6208,-0.866,-0.5,0.1016,4.5,SAFE
2016-08-23,Bombay / Colaba,8,Monsoon,27.2,23.8,29.0,5.2,12.8,1005.9,7.35,10,5.0,18.9,72.8167,8.9,16.0,25.9,2.0,6.9,-0.7945,-0.6073,-0.866,-0.5,0.235,13.5,LOW
2016-08-24,Bombay / Colaba,8,Monsoon,28.1,24.7,30.6,5.9,14.1,1005.9,7.35,10,5.0,18.9,72.8167,10.9,21.8,36.8,8.9,2.0,-0.8048,-0.5935,-0.866,-0.5,0.118,0.0,SAFE
2016-08-25,Bombay / Colaba,8,Monsoon,28.3,24.8,31.8,7.0,14.8,1005.9,7.35,10,5.0,18.9,72.8167,5.1,24.9,33.0,10.9,-5.8,-0.8149,-0.5796,-0.866,-0.5,0.0,0.0,SAFE
2016-08-26,Bombay / Colaba,8,Monsoon,26.3,24.4,28.0,3.6,7.8,1006.6,6.65,10,5.0,18.9,72.8167,1.0,17.0,34.0,5.1,-4.1,-0.8248,-0.5655,-0.866,-0.5,0.1523,2.9,SAFE
2016-08-27,Bombay / Colaba,8,Monsoon,25.7,24.0,27.0,3.0,7.8,1006.5,6.75,10,5.0,18.9,72.8167,56.9,63.0,89.9,1.0,55.9,-0.8344,-0.5512,-0.866,-0.5,0.4916,19.3,MODERATE
2016-08-28,Bombay / Colaba,8,Monsoon,26.8,23.7,28.0,4.3,11.4,1006.4,6.85,10,5.0,18.9,72.8167,52.1,110.0,136.9,56.9,-4.8,-0.8437,-0.5368,-0.866,-0.5,0.2549,17.5,LOW
2016-08-29,Bombay / Colaba,8,Monsoon,27.9,25.0,30.8,5.8,11.9,1006.2,7.05,10,5.0,18.9,72.8167,40.9,149.9,175.8,52.1,-11.2,-0.8528,-0.5222,-0.866,-0.5,0.4623,15.6,LOW
2016-08-30,Bombay / Colaba,8,Monsoon,27.9,25.5,29.8,4.3,11.9,1005.4,7.85,10,5.0,18.9,72.8167,2.0,95.0,168.9,40.9,-38.9,-0.8617,-0.5074,-0.866,-0.5,0.0189,10.6,SAFE
2016-08-31,Bombay / Colaba,8,Monsoon,28.2,25.0,30.8,5.8,11.9,1005.8,7.45,10,5.0,18.9,72.8167,2.0,44.9,160.0,2.0,0.0,-0.8703,-0.4925,-0.866,-0.5,0.0409,7.7,SAFE
2016-09-01,Bombay / Colaba,9,Monsoon,28.2,25.4,30.5,5.1,4.8,1007.1,6.15,10,5.0,18.9,72.8167,0.5,4.5,155.4,2.0,-1.5,-0.8786,-0.4775,-1.0,-0.0,0.0,0.0,SAFE
2016-09-02,Bombay / Colaba,9,Monsoon,27.2,25.2,30.0,4.8,12.2,1007.1,6.15,10,5.0,18.9,72.8167,4.1,6.6,158.5,0.5,3.6,-0.8867,-0.4623,-1.0,-0.0,0.1487,8.0,SAFE
2016-09-03,Bombay / Colaba,9,Monsoon,27.4,23.6,30.2,6.6,10.5,1007.6,5.65,10,5.0,18.9,72.8167,22.1,26.7,123.7,4.1,18.0,-0.8945,-0.447,-1.0,-0.0,0.1962,15.0,LOW
2016-09-04,Bombay / Colaba,9,Monsoon,28.4,23.9,31.2,7.3,14.1,1009.8,3.45,10,5.0,18.9,72.8167,1.0,27.2,72.6,22.1,-21.1,-0.9021,-0.4315,-1.0,-0.0,0.0,3.2,SAFE
2016-09-05,Bombay / Colaba,9,Monsoon,28.4,25.2,31.2,6.0,14.4,1010.6,2.65,10,5.0,18.9,72.8167,0.0,23.1,31.7,1.0,-1.0,-0.9094,-0.4159,-1.0,-0.0,0.1604,1.6,SAFE
2016-09-06,Bombay / Colaba,9,Monsoon,28.4,25.2,31.2,6.0,12.3,1010.6,2.65,10,5.0,18.9,72.8167,0.0,1.0,29.7,0.0,0.0,-0.9164,-0.4002,-1.0,-0.0,0.0,0.0,SAFE
2016-09-07,Bombay / Colaba,9,Monsoon,27.6,25.4,30.6,5.2,13.4,1009.6,3.65,10,5.0,18.9,72.8167,0.3,0.3,28.0,0.0,0.3,-0.9232,-0.3844,-1.0,-0.0,0.0,0.0,SAFE
2016-09-08,Bombay / Colaba,9,Monsoon,27.9,24.0,31.4,7.4,10.2,1007.1,6.15,10,5.0,18.9,72.8167,5.1,5.4,32.6,0.3,4.8,-0.9296,-0.3685,-1.0,-0.0,0.0,1.7,SAFE
2016-09-09,Bombay / Colaba,9,Monsoon,27.2,24.0,31.8,7.8,10.7,1010.8,2.45,10,5.0,18.9,72.8167,0.0,5.4,28.5,5.1,-5.1,-0.9358,-0.3524,-1.0,-0.0,0.003,0.0,SAFE
2016-09-10,Bombay / Colaba,9,Monsoon,27.8,22.6,30.8,8.2,10.6,1009.9,3.35,10,5.0,18.9,72.8167,26.9,32.0,33.3,0.0,26.9,-0.9418,-0.3363,-1.0,-0.0,0.2688,10.0,LOW
2016-09-11,Bombay / Colaba,9,Monsoon,27.8,24.2,30.8,6.6,10.9,1008.6,4.65,10,5.0,18.9,72.8167,0.8,27.7,33.1,26.9,-26.1,-0.9474,-0.32,-1.0,-0.0,0.1336,0.0,SAFE
2016-09-12,Bombay / Colaba,9,Monsoon,28.3,23.4,31.4,8.0,10.1,1008.0,5.25,10,5.0,18.9,72.8167,7.9,35.6,41.0,0.8,7.1,-0.9528,-0.3037,-1.0,-0.0,0.2666,12.3,LOW
2016-09-13,Bombay / Colaba,9,Monsoon,28.0,23.6,30.0,6.4,9.4,1008.4,4.85,10,5.0,18.9,72.8167,0.0,8.7,41.0,7.9,-7.9,-0.9579,-0.2873,-1.0,-0.0,0.0377,0.0,SAFE
2016-09-14,Bombay / Colaba,9,Monsoon,28.9,23.9,31.0,7.1,9.2,1008.1,5.15,10,5.0,18.9,72.8167,6.1,14.0,46.8,0.0,6.1,-0.9627,-0.2707,-1.0,-0.0,0.117,2.1,SAFE
2016-09-15,Bombay / Colaba,9,Monsoon,26.2,25.0,29.0,4.0,11.3,1006.7,6.55,10,5.0,18.9,72.8167,2.0,8.1,43.7,6.1,-4.1,-0.9672,-0.2541,-1.0,-0.0,0.0095,0.0,SAFE
2016-09-16,Bombay / Colaba,9,Monsoon,26.9,23.4,28.0,4.6,8.9,1005.0,8.25,10,5.0,18.9,72.8167,81.0,89.1,124.7,2.0,79.0,-0.9714,-0.2375,-1.0,-0.0,0.5911,15.0,MODERATE
2016-09-17,Bombay / Colaba,9,Monsoon,26.7,23.0,29.0,6.0,11.5,1007.1,6.15,10,5.0,18.9,72.8167,50.0,133.0,147.8,81.0,-31.0,-0.9753,-0.2207,-1.0,-0.0,0.529,21.4,MODERATE
2016-09-18,Bombay / Colaba,9,Monsoon,26.3,23.6,27.0,3.4,14.5,1005.4,7.85,10,5.0,18.9,72.8167,56.9,187.9,203.9,50.0,6.9,-0.979,-0.2039,-1.0,-0.0,0.5894,5.6,MODERATE
2016-09-19,Bombay / Colaba,9,Monsoon,26.6,23.0,29.0,6.0,12.2,1008.1,5.15,10,5.0,18.9,72.8167,35.1,142.0,231.1,56.9,-21.8,-0.9824,-0.187,-1.0,-0.0,0.2324,23.1,LOW
2016-09-20,Bombay / Colaba,9,Monsoon,25.2,23.0,28.0,5.0,10.4,1008.2,5.05,10,5.0,18.9,72.8167,23.1,115.1,254.2,35.1,-12.0,-0.9854,-0.1701,-1.0,-0.0,0.3563,15.6,LOW
2016-09-21,Bombay / Colaba,9,Monsoon,25.9,22.0,27.0,5.0,10.7,1008.0,5.25,10,5.0,18.9,72.8167,143.0,201.2,391.1,23.1,119.9,-0.9882,-0.1531,-1.0,-0.0,1.0,36.9,HIGH
2016-09-22,Bombay / Colaba,9,Monsoon,27.1,22.8,29.0,6.2,12.0,1007.8,5.45,10,5.0,18.9,72.8167,103.9,270.0,493.0,143.0,-39.1,-0.9907,-0.1361,-1.0,-0.0,0.8864,41.7,HIGH
2016-09-23,Bombay / Colaba,9,Monsoon,27.0,24.2,28.0,3.8,12.1,1005.9,7.35,10,5.0,18.9,72.8167,39.9,286.8,451.9,103.9,-64.0,-0.9929,-0.1191,-1.0,-0.0,0.5282,37.3,LOW
2016-09-24,Bombay / Colaba,9,Monsoon,27.3,23.0,29.0,6.0,11.0,1004.9,8.35,10,5.0,18.9,72.8167,93.0,236.8,494.9,39.9,53.1,-0.9948,-0.102,-1.0,-0.0,1.0,43.0,HIGH
2016-09-25,Bombay / Colaba,9,Monsoon,27.4,23.4,29.2,5.8,10.4,1006.3,6.95,10,5.0,18.9,72.8167,1.0,133.9,439.0,93.0,-92.0,-0.9964,-0.0848,-1.0,-0.0,0.2908,3.5,LOW
2016-09-26,Bombay / Colaba,9,Monsoon,28.7,24.8,31.0,6.2,11.4,1008.3,4.95,10,5.0,18.9,72.8167,7.1,101.1,411.0,1.0,6.1,-0.9977,-0.0677,-1.0,-0.0,0.1964,21.5,LOW
2016-09-27,Bombay / Colaba,9,Monsoon,28.1,25.2,29.4,4.2,12.2,1009.2,4.05,10,5.0,18.9,72.8167,0.0,8.1,387.9,7.1,-7.1,-0.9987,-0.0505,-1.0,-0.0,0.0,2.5,SAFE
2016-09-28,Bombay / Colaba,9,Monsoon,28.3,24.4,30.0,5.6,10.9,1007.1,6.15,10,5.0,18.9,72.8167,2.0,9.1,246.9,0.0,2.0,-0.9994,-0.0333,-1.0,-0.0,0.0,0.0,SAFE
2016-09-29,Bombay / Colaba,9,Monsoon,28.3,24.4,31.0,6.6,10.9,1008.1,5.15,10,5.0,18.9,72.8167,0.0,2.0,143.0,2.0,-2.0,-0.9999,-0.0161,-1.0,-0.0,0.0,0.0,SAFE
2016-09-30,Bombay / Colaba,9,Monsoon,28.0,22.5,30.8,8.3,9.9,1007.6,5.65,10,5.0,18.9,72.8167,0.0,2.0,103.1,0.0,0.0,-1.0,0.0011,-1.0,-0.0,0.0,0.0,SAFE
2017-07-01,Bombay / Colaba,7,Monsoon,28.4,24.4,31.0,6.6,18.0,1002.2,11.05,10,5.0,18.9,72.8167,93.0,93.0,103.1,0.0,93.0,0.0108,-0.9999,-0.5,-0.866,0.58,27.5,MODERATE
2017-07-02,Bombay / Colaba,7,Monsoon,28.2,24.2,31.0,6.8,16.4,1003.1,10.15,10,5.0,18.9,72.8167,49.0,142.0,151.1,93.0,-44.0,-0.0065,-1.0,-0.5,-0.866,0.5449,28.6,MODERATE
2017-07-03,Bombay / Colaba,7,Monsoon,29.8,25.2,31.6,6.4,16.5,1005.0,8.25,10,5.0,18.9,72.8167,18.0,160.0,162.0,49.0,-31.0,-0.0237,-0.9997,-0.5,-0.866,0.2778,19.9,LOW
2017-07-04,Bombay / Colaba,7,Monsoon,29.3,26.0,32.0,6.0,15.5,1005.9,7.35,10,5.0,18.9,72.8167,4.1,71.1,166.1,18.0,-13.9,-0.0408,-0.9992,-0.5,-0.866,0.3181,7.8,LOW
2017-07-05,Bombay / Colaba,7,Monsoon,29.7,24.9,31.0,6.1,18.2,1005.8,7.45,10,5.0,18.9,72.8167,7.1,29.2,171.2,4.1,3.0,-0.058,-0.9983,-0.5,-0.866,0.2547,11.8,LOW
2017-07-06,Bombay / Colaba,7,Monsoon,29.5,27.2,32.0,4.8,18.5,1006.0,7.25,10,5.0,18.9,72.8167,1.0,12.2,172.2,7.1,-6.1,-0.0752,-0.9972,-0.5,-0.866,0.0076,0.6,SAFE
2017-07-07,Bombay / Colaba,7,Monsoon,29.7,25.5,32.2,6.7,15.6,1006.5,6.75,10,5.0,18.9,72.8167,6.1,14.2,178.3,1.0,5.1,-0.0923,-0.9957,-0.5,-0.866,0.0191,0.0,SAFE
2017-07-08,Bombay / Colaba,7,Monsoon,29.4,28.4,31.4,3.0,15.1,1006.8,6.45,10,5.0,18.9,72.8167,0.0,7.1,85.3,6.1,-6.1,-0.1094,-0.994,-0.5,-0.866,0.0,3.0,SAFE
2017-07-09,Bombay / Colaba,7,Monsoon,29.4,24.6,32.0,7.4,11.4,1006.1,7.15,10,5.0,18.9,72.8167,9.9,16.0,46.2,0.0,9.9,-0.1265,-0.992,-0.5,-0.866,0.0,14.0,SAFE
2017-07-10,Bombay / Colaba,7,Monsoon,29.4,26.2,32.4,6.2,11.7,1007.2,6.05,10,5.0,18.9,72.8167,0.0,9.9,28.2,9.9,-9.9,-0.1436,-0.9896,-0.5,-0.866,0.0,0.0,SAFE
2017-07-11,Bombay / Colaba,7,Monsoon,29.7,26.0,32.0,6.0,15.4,1007.3,5.95,10,5.0,18.9,72.8167,3.0,12.9,27.1,0.0,3.0,-0.1606,-0.987,-0.5,-0.866,0.0819,0.0,SAFE
2017-07-12,Bombay / Colaba,7,Monsoon,29.7,27.4,32.0,4.6,17.3,1006.5,6.75,10,5.0,18.9,72.8167,0.5,3.5,20.5,3.0,-2.5,-0.1775,-0.9841,-0.5,-0.866,0.0,0.0,SAFE
2017-07-13,Bombay / Colaba,7,Monsoon,28.8,26.0,31.0,5.0,16.9,1005.1,8.15,10,5.0,18.9,72.8167,0.3,3.8,19.8,0.5,-0.2,-0.1944,-0.9809,-0.5,-0.866,0.0,0.0,SAFE
2017-07-14,Bombay / Colaba,7,Monsoon,28.2,24.2,30.0,5.8,18.8,1004.2,9.05,10,5.0,18.9,72.8167,25.9,26.7,39.6,0.3,25.6,-0.2113,-0.9774,-0.5,-0.866,0.1734,1.7,LOW
2017-07-15,Bombay / Colaba,7,Monsoon,27.4,23.4,29.0,5.6,18.2,1004.2,9.05,10,5.0,18.9,72.8167,68.1,94.3,107.7,25.9,42.2,-0.2281,-0.9736,-0.5,-0.866,0.5683,25.1,MODERATE
2017-07-16,Bombay / Colaba,7,Monsoon,27.9,23.0,30.4,7.4,19.5,1004.0,9.25,10,5.0,18.9,72.8167,72.9,166.9,170.7,68.1,4.8,-0.2448,-0.9696,-0.5,-0.866,0.7036,29.3,MODERATE
2017-07-17,Bombay / Colaba,7,Monsoon,25.5,23.0,27.0,4.0,14.2,1003.7,9.55,10,5.0,18.9,72.8167,56.9,197.9,227.6,72.9,-16.0,-0.2614,-0.9652,-0.5,-0.866,0.4152,28.3,MODERATE
2017-07-18,Bombay / Colaba,7,Monsoon,26.4,22.5,27.0,4.5,12.7,1001.8,11.45,10,5.0,18.9,72.8167,163.1,292.9,387.7,56.9,106.2,-0.278,-0.9606,-0.5,-0.866,1.0,53.7,HIGH
2017-07-19,Bombay / Colaba,7,Monsoon,27.1,24.2,29.0,4.8,10.8,1000.0,13.25,10,5.0,18.9,72.8167,79.0,299.0,466.2,163.1,-84.1,-0.2945,-0.9557,-0.5,-0.866,0.7316,39.2,MODERATE
2017-07-20,Bombay / Colaba,7,Monsoon,27.5,24.6,30.0,5.4,13.1,999.0,14.25,10,5.0,18.9,72.8167,22.1,264.2,488.0,79.0,-56.9,-0.3109,-0.9505,-0.5,-0.866,0.6348,32.0,LOW
2017-07-21,Bombay / Colaba,7,Monsoon,27.4,24.5,29.0,4.5,19.8,1000.5,12.75,10,5.0,18.9,72.8167,40.9,142.0,503.0,22.1,18.8,-0.3272,-0.945,-0.5,-0.866,0.5332,16.7,LOW
2017-07-22,Bombay / Colaba,7,Monsoon,27.7,24.2,30.0,5.8,20.7,1002.7,10.55,10,5.0,18.9,72.8167,87.1,150.1,522.0,40.9,46.2,-0.3434,-0.9392,-0.5,-0.866,0.5997,22.0,MODERATE
2017-07-23,Bombay / Colaba,7,Monsoon,28.5,24.2,30.0,5.8,17.5,1003.4,9.85,10,5.0,18.9,72.8167,27.9,155.9,477.0,87.1,-59.2,-0.3595,-0.9332,-0.5,-0.866,0.3262,19.0,LOW
2017-07-24,Bombay / Colaba,7,Monsoon,28.8,26.6,31.0,4.4,20.7,1004.1,9.15,10,5.0,18.9,72.8167,0.0,115.0,420.1,27.9,-27.9,-0.3755,-0.9268,-0.5,-0.866,0.1574,6.8,SAFE
2017-07-25,Bombay / Colaba,7,Monsoon,28.4,24.8,30.0,5.2,16.0,1004.1,9.15,10,5.0,18.9,72.8167,5.1,33.0,262.1,0.0,5.1,-0.3914,-0.9202,-0.5,-0.866,0.0,0.0,SAFE
2017-07-26,Bombay / Colaba,7,Monsoon,28.6,26.4,30.0,3.6,16.5,1004.4,8.85,10,5.0,18.9,72.8167,8.9,14.0,192.0,5.1,3.8,-0.4071,-0.9134,-0.5,-0.866,0.1341,9.3,SAFE
2017-07-27,Bombay / Colaba,7,Monsoon,28.3,25.9,30.0,4.1,16.9,1005.0,8.25,10,5.0,18.9,72.8167,4.1,18.1,174.0,8.9,-4.8,-0.4228,-0.9062,-0.5,-0.866,0.0523,7.2,SAFE
2017-07-28,Bombay / Colaba,7,Monsoon,28.3,25.6,30.0,4.4,16.9,1006.2,7.05,10,5.0,18.9,72.8167,5.1,18.1,138.2,4.1,1.0,-0.4383,-0.8988,-0.5,-0.866,0.1879,0.0,LOW
2017-07-29,Bombay / Colaba,7,Monsoon,28.6,25.0,31.0,6.0,16.8,1007.1,6.15,10,5.0,18.9,72.8167,4.1,13.3,55.2,5.1,-1.0,-0.4537,-0.8912,-0.5,-0.866,0.0,10.4,SAFE
2017-07-30,Bombay / Colaba,7,Monsoon,28.1,25.6,31.0,5.4,15.2,1007.5,5.75,10,5.0,18.9,72.8167,2.0,11.2,29.3,4.1,-2.1,-0.469,-0.8832,-0.5,-0.866,0.0,4.4,SAFE
2017-07-31,Bombay / Colaba,7,Monsoon,27.8,24.9,30.2,5.3,13.2,1007.2,6.05,10,5.0,18.9,72.8167,2.0,8.1,31.3,2.0,0.0,-0.4841,-0.875,-0.5,-0.866,0.0,8.2,SAFE
2017-08-01,Bombay / Colaba,8,Monsoon,28.3,24.8,31.0,6.2,14.9,1007.3,5.95,10,5.0,18.9,72.8167,13.0,17.0,39.2,2.0,11.0,-0.4991,-0.8666,-0.866,-0.5,0.0184,0.0,SAFE
2017-08-02,Bombay / Colaba,8,Monsoon,28.6,26.5,30.8,4.3,14.8,1007.5,5.75,10,5.0,18.9,72.8167,2.0,17.0,32.3,13.0,-11.0,-0.5139,-0.8578,-0.866,-0.5,0.0,0.0,SAFE
2017-08-03,Bombay / Colaba,8,Monsoon,28.6,25.5,30.6,5.1,15.9,1005.9,7.35,10,5.0,18.9,72.8167,6.1,21.1,34.3,2.0,4.1,-0.5286,-0.8489,-0.866,-0.5,0.2001,1.7,LOW
2017-08-04,Bombay / Colaba,8,Monsoon,29.1,26.1,32.0,5.9,16.1,1004.0,9.25,10,5.0,18.9,72.8167,2.0,10.1,31.2,6.1,-4.1,-0.5431,-0.8397,-0.866,-0.5,0.0,3.6,SAFE
2017-08-05,Bombay / Colaba,8,Monsoon,29.1,26.0,31.0,5.0,14.6,1003.8,9.45,10,5.0,18.9,72.8167,3.0,11.1,30.1,2.0,1.0,-0.5575,-0.8302,-0.866,-0.5,0.078,10.7,SAFE
2017-08-06,Bombay / Colaba,8,Monsoon,29.1,26.5,32.0,5.5,13.4,1004.1,9.15,10,5.0,18.9,72.8167,0.0,5.0,28.1,3.0,-3.0,-0.5717,-0.8205,-0.866,-0.5,0.0,0.0,SAFE
2017-08-07,Bombay / Colaba,8,Monsoon,28.9,26.4,32.0,5.6,11.0,1005.0,8.25,10,5.0,18.9,72.8167,0.8,3.8,26.9,0.0,0.8,-0.5857,-0.8105,-0.866,-0.5,0.0,0.0,SAFE
2017-08-08,Bombay / Colaba,8,Monsoon,29.0,25.6,31.6,6.0,13.4,1005.9,7.35,10,5.0,18.9,72.8167,22.1,22.9,36.0,0.8,21.3,-0.5996,-0.8003,-0.866,-0.5,0.1605,1.3,LOW
2017-08-09,Bombay / Colaba,8,Monsoon,28.8,26.2,31.6,5.4,13.3,1005.9,7.35,10,5.0,18.9,72.8167,0.3,23.2,34.3,22.1,-21.8,-0.6132,-0.7899,-0.866,-0.5,0.1325,7.4,SAFE
2017-08-10,Bombay / Colaba,8,Monsoon,28.8,26.4,39.0,12.6,14.5,1006.2,7.05,10,5.0,18.9,72.8167,0.5,22.9,28.7,0.3,0.2,-0.6267,-0.7792,-0.866,-0.5,0.0,0.0,SAFE
2017-08-11,Bombay / Colaba,8,Monsoon,29.1,26.5,31.6,5.1,15.2,1007.1,6.15,10,5.0,18.9,72.8167,1.0,1.8,27.7,0.5,0.5,-0.64,-0.7683,-0.866,-0.5,0.0,0.0,SAFE
2017-08-12,Bombay / Colaba,8,Monsoon,28.8,25.1,31.4,6.3,16.9,1007.8,5.45,10,5.0,18.9,72.8167,5.1,6.6,29.8,1.0,4.1,-0.6532,-0.7572,-0.866,-0.5,0.0,0.0,SAFE
2017-08-13,Bombay / Colaba,8,Monsoon,28.2,25.4,30.6,5.2,15.3,1008.2,5.05,10,5.0,18.9,72.8167,4.1,10.2,33.9,5.1,-1.0,-0.6661,-0.7459,-0.866,-0.5,0.0184,9.3,SAFE
2017-08-14,Bombay / Colaba,8,Monsoon,26.8,24.5,29.0,4.5,11.1,1009.5,3.75,10,5.0,18.9,72.8167,10.9,20.1,44.0,4.1,6.8,-0.6788,-0.7343,-0.866,-0.5,0.1737,6.3,LOW
2017-08-15,Bombay / Colaba,8,Monsoon,27.6,23.7,29.0,5.3,8.0,1009.1,4.15,10,5.0,18.9,72.8167,54.1,69.1,76.0,10.9,43.2,-0.6914,-0.7225,-0.866,-0.5,0.3378,16.7,LOW
2017-08-16,Bombay / Colaba,8,Monsoon,28.7,24.6,31.0,6.4,12.4,1007.4,5.85,10,5.0,18.9,72.8167,5.1,70.1,80.8,54.1,-49.0,-0.7037,-0.7105,-0.866,-0.5,0.1679,2.2,SAFE
2017-08-17,Bombay / Colaba,8,Monsoon,29.3,26.0,32.0,6.0,13.8,1005.4,7.85,10,5.0,18.9,72.8167,0.3,59.5,80.6,5.1,-4.8,-0.7158,-0.6983,-0.866,-0.5,0.091,3.0,SAFE
2017-08-18,Bombay / Colaba,8,Monsoon,29.3,26.0,31.0,5.0,14.4,1004.0,9.25,10,5.0,18.9,72.8167,0.5,5.9,80.1,0.3,0.2,-0.7277,-0.6859,-0.866,-0.5,0.0583,2.8,SAFE
2017-08-19,Bombay / Colaba,8,Monsoon,27.3,25.6,29.0,3.4,9.5,1004.2,9.05,10,5.0,18.9,72.8167,4.1,4.9,79.1,0.5,3.6,-0.7394,-0.6733,-0.866,-0.5,0.0,1.3,SAFE
2017-08-20,Bombay / Colaba,8,Monsoon,24.6,22.6,28.0,5.4,12.1,1003.2,10.05,10,5.0,18.9,72.8167,54.1,58.7,129.1,4.1,50.0,-0.7509,-0.6605,-0.866,-0.5,0.1998,19.1,LOW
2017-08-21,Bombay / Colaba,8,Monsoon,25.5,21.8,28.0,6.2,8.4,1001.7,11.55,10,5.0,18.9,72.8167,119.9,178.1,238.1,54.1,65.8,-0.7621,-0.6474,-0.866,-0.5,0.9647,39.6,HIGH
2017-08-22,Bombay / Colaba,8,Monsoon,27.7,22.2,31.0,8.8,11.7,1003.1,10.15,10,5.0,18.9,72.8167,14.0,188.0,198.0,119.9,-105.9,-0.7731,-0.6342,-0.866,-0.5,0.4942,7.6,LOW
2017-08-23,Bombay / Colaba,8,Monsoon,28.4,26.4,31.0,4.6,11.5,1006.1,7.15,10,5.0,18.9,72.8167,0.0,133.9,192.9,14.0,-14.0,-0.7839,-0.6208,-0.866,-0.5,0.1386,0.0,SAFE
2017-08-24,Bombay / Colaba,8,Monsoon,28.9,25.6,31.0,5.4,14.0,1006.5,6.75,10,5.0,18.9,72.8167,15.0,29.0,207.6,0.0,15.0,-0.7945,-0.6073,-0.866,-0.5,0.1262,6.3,LOW
2017-08-25,Bombay / Colaba,8,Monsoon,26.9,25.0,29.0,4.0,14.4,1004.8,8.45,10,5.0,18.9,72.8167,3.0,18.0,210.1,15.0,-12.0,-0.8048,-0.5935,-0.866,-0.5,0.1063,0.0,SAFE
2017-08-26,Bombay / Colaba,8,Monsoon,27.5,24.2,29.0,4.8,12.2,1002.7,10.55,10,5.0,18.9,72.8167,89.9,107.9,295.9,3.0,86.9,-0.8149,-0.5796,-0.866,-0.5,0.7175,12.5,MODERATE
2017-08-27,Bombay / Colaba,8,Monsoon,28.0,26.4,30.0,3.6,13.4,1001.8,11.45,10,5.0,18.9,72.8167,31.0,123.9,272.8,89.9,-58.9,-0.8248,-0.5655,-0.866,-0.5,0.1613,5.5,LOW
2017-08-28,Bombay / Colaba,8,Monsoon,27.1,24.2,29.0,4.8,9.8,1000.0,13.25,10,5.0,18.9,72.8167,59.9,180.8,212.8,31.0,28.9,-0.8344,-0.5512,-0.866,-0.5,0.511,18.1,MODERATE
2017-08-29,Bombay / Colaba,8,Monsoon,25.8,24.1,27.0,2.9,23.1,997.7,15.55,10,5.0,18.9,72.8167,87.9,178.8,286.7,59.9,28.0,-0.8437,-0.5368,-0.866,-0.5,0.7061,28.7,MODERATE
2017-08-30,Bombay / Colaba,8,Monsoon,27.6,23.2,30.4,7.2,16.1,1002.2,11.05,10,5.0,18.9,72.8167,331.0,478.8,617.7,87.9,243.1,-0.8528,-0.5222,-0.866,-0.5,1.0,58.6,CRITICAL
2017-08-31,Bombay / Colaba,8,Monsoon,28.6,25.8,32.0,6.2,15.1,1006.3,6.95,10,5.0,18.9,72.8167,8.9,427.8,611.6,331.0,-322.1,-0.8617,-0.5074,-0.866,-0.5,0.9819,40.6,MODERATE
2017-09-01,Bombay / Colaba,9,Monsoon,27.9,26.0,31.0,5.0,12.5,1007.7,5.55,10,5.0,18.9,72.8167,0.0,339.9,608.6,8.9,-8.9,-0.8703,-0.4925,-1.0,-0.0,0.5192,19.4,LOW
2017-09-02,Bombay / Colaba,9,Monsoon,27.8,26.0,31.0,5.0,11.2,1007.3,5.95,10,5.0,18.9,72.8167,7.9,16.8,526.6,0.0,7.9,-0.8786,-0.4775,-1.0,-0.0,0.0,3.1,SAFE
2017-09-03,Bombay / Colaba,9,Monsoon,27.6,25.0,30.2,5.2,9.2,1007.8,5.45,10,5.0,18.9,72.8167,13.0,20.9,508.6,7.9,5.1,-0.8867,-0.4623,-1.0,-0.0,0.1719,7.8,LOW
2017-09-04,Bombay / Colaba,9,Monsoon,29.0,25.5,31.4,5.9,9.7,1009.2,4.05,10,5.0,18.9,72.8167,1.0,21.9,449.7,13.0,-12.0,-0.8945,-0.447,-1.0,-0.0,0.2099,2.7,SAFE
2017-09-05,Bombay / Colaba,9,Monsoon,28.9,25.3,31.4,6.1,9.8,1009.2,4.05,10,5.0,18.9,72.8167,0.0,14.0,361.8,1.0,-1.0,-0.9021,-0.4315,-1.0,-0.0,0.0657,0.3,SAFE
2017-09-06,Bombay / Colaba,9,Monsoon,28.9,25.6,31.4,5.8,8.8,1008.0,5.25,10,5.0,18.9,72.8167,0.0,1.0,30.8,0.0,0.0,-0.9094,-0.4159,-1.0,-0.0,0.0,0.0,SAFE
2017-09-07,Bombay / Colaba,9,Monsoon,29.4,25.0,32.0,7.0,9.5,1007.0,6.25,10,5.0,18.9,72.8167,0.0,0.0,21.9,0.0,0.0,-0.9164,-0.4002,-1.0,-0.0,0.0,0.0,SAFE
2017-09-08,Bombay / Colaba,9,Monsoon,29.2,27.0,32.4,5.4,10.5,1006.7,6.55,10,5.0,18.9,72.8167,0.0,0.0,21.9,0.0,0.0,-0.9232,-0.3844,-1.0,-0.0,0.0,0.0,SAFE
2017-09-09,Bombay / Colaba,9,Monsoon,29.1,26.4,31.0,4.6,10.3,1005.8,7.45,10,5.0,18.9,72.8167,0.0,0.0,14.0,0.0,0.0,-0.9296,-0.3685,-1.0,-0.0,0.0,0.0,SAFE
2017-09-10,Bombay / Colaba,9,Monsoon,29.4,26.4,31.8,5.4,8.9,1006.0,7.25,10,5.0,18.9,72.8167,0.0,0.0,1.0,0.0,0.0,-0.9358,-0.3524,-1.0,-0.0,0.0,0.0,SAFE
2017-09-11,Bombay / Colaba,9,Monsoon,31.1,27.5,35.0,7.5,10.0,1006.4,6.85,10,5.0,18.9,72.8167,0.0,0.0,0.0,0.0,0.0,-0.9418,-0.3363,-1.0,-0.0,0.0,0.0,SAFE
2017-09-12,Bombay / Colaba,9,Monsoon,31.1,27.8,35.0,7.2,8.2,1006.9,6.35,10,5.0,18.9,72.8167,0.3,0.3,0.3,0.0,0.3,-0.9474,-0.32,-1.0,-0.0,0.0,0.0,SAFE
2017-09-13,Bombay / Colaba,9,Monsoon,28.5,23.6,31.0,7.4,8.6,1007.1,6.15,10,5.0,18.9,72.8167,103.1,103.4,103.4,0.3,102.8,-0.9528,-0.3037,-1.0,-0.0,0.697,31.6,HIGH
2017-09-14,Bombay / Colaba,9,Monsoon,29.1,25.0,32.4,7.4,7.3,1007.3,5.95,10,5.0,18.9,72.8167,0.5,103.9,103.9,103.1,-102.6,-0.9579,-0.2873,-1.0,-0.0,0.1541,5.8,SAFE
2017-09-15,Bombay / Colaba,9,Monsoon,28.1,24.0,31.4,7.4,7.2,1006.8,6.45,10,5.0,18.9,72.8167,64.0,167.6,167.9,0.5,63.5,-0.9627,-0.2707,-1.0,-0.0,0.7336,28.9,MODERATE
2017-09-16,Bombay / Colaba,9,Monsoon,27.8,26.0,31.0,5.0,7.9,1005.7,7.55,10,5.0,18.9,72.8167,4.1,68.6,172.0,64.0,-59.9,-0.9672,-0.2541,-1.0,-0.0,0.0297,12.0,SAFE
2017-09-17,Bombay / Colaba,9,Monsoon,27.2,25.0,29.0,4.0,8.7,1005.6,7.65,10,5.0,18.9,72.8167,32.0,100.1,204.0,4.1,27.9,-0.9714,-0.2375,-1.0,-0.0,0.3895,5.0,LOW
2017-09-18,Bombay / Colaba,9,Monsoon,28.5,25.4,31.4,6.0,11.5,1004.7,8.55,10,5.0,18.9,72.8167,1.0,37.1,205.0,32.0,-31.0,-0.9753,-0.2207,-1.0,-0.0,0.0,7.4,SAFE
2017-09-19,Bombay / Colaba,9,Monsoon,27.2,24.6,31.0,6.4,11.5,1003.6,9.65,10,5.0,18.9,72.8167,0.0,33.0,204.7,1.0,-1.0,-0.979,-0.2039,-1.0,-0.0,0.1947,8.1,SAFE
2017-09-20,Bombay / Colaba,9,Monsoon,24.9,23.8,27.0,3.2,12.5,1005.0,8.25,10,5.0,18.9,72.8167,304.0,305.0,405.6,0.0,304.0,-0.9824,-0.187,-1.0,-0.0,1.0,46.6,CRITICAL
2017-09-21,Bombay / Colaba,9,Monsoon,26.8,24.0,29.0,5.0,10.0,1005.6,7.65,10,5.0,18.9,72.8167,63.0,367.0,468.1,304.0,-241.0,-0.9854,-0.1701,-1.0,-0.0,1.0,51.9,MODERATE
2017-09-22,Bombay / Colaba,9,Monsoon,27.7,24.5,31.0,6.5,9.9,1007.6,5.65,10,5.0,18.9,72.8167,0.3,367.3,404.4,63.0,-62.7,-0.9882,-0.1531,-1.0,-0.0,0.6374,17.0,LOW
2017-09-23,Bombay / Colaba,9,Monsoon,28.6,25.5,30.5,5.0,4.8,1007.1,6.15,10,5.0,18.9,72.8167,0.0,63.3,400.3,0.3,-0.3,-0.9907,-0.1361,-1.0,-0.0,0.0,8.6,SAFE
2017-09-24,Bombay / Colaba,9,Monsoon,28.7,25.7,30.5,4.8,4.8,1007.1,6.15,10,5.0,18.9,72.8167,0.0,0.3,368.3,0.0,0.0,-0.9929,-0.1191,-1.0,-0.0,0.0,0.0,SAFE
2017-09-25,Bombay / Colaba,9,Monsoon,28.9,25.7,30.5,4.8,4.8,1007.1,6.15,10,5.0,18.9,72.8167,0.0,0.0,367.3,0.0,0.0,-0.9948,-0.102,-1.0,-0.0,0.0,0.0,SAFE
2017-09-26,Bombay / Colaba,9,Monsoon,29.1,24.5,30.5,6.0,4.8,1007.1,6.15,10,5.0,18.9,72.8167,0.0,0.0,367.3,0.0,0.0,-0.9964,-0.0848,-1.0,-0.0,0.0,0.0,SAFE
2017-09-27,Bombay / Colaba,9,Monsoon,30.0,26.6,34.0,7.4,10.5,1007.1,6.15,10,5.0,18.9,72.8167,0.0,0.0,63.3,0.0,0.0,-0.9977,-0.0677,-1.0,-0.0,0.0,0.0,SAFE
2017-09-28,Bombay / Colaba,9,Monsoon,30.1,27.4,33.0,5.6,9.6,1007.2,6.05,10,5.0,18.9,72.8167,0.0,0.0,0.3,0.0,0.0,-0.9987,-0.0505,-1.0,-0.0,0.0,0.0,SAFE
2017-09-29,Bombay / Colaba,9,Monsoon,28.7,26.0,31.2,5.2,9.9,1007.2,6.05,10,5.0,18.9,72.8167,0.5,0.5,0.5,0.0,0.5,-0.9994,-0.0333,-1.0,-0.0,0.0,0.0,SAFE
2017-09-30,Bombay / Colaba,9,Monsoon,29.8,25.4,33.0,7.6,8.3,1007.1,6.15,10,5.0,18.9,72.8167,3.0,3.5,3.5,0.5,2.5,-0.9999,-0.0161,-1.0,-0.0,0.0,0.0,SAFE
2018-07-01,Bombay / Colaba,7,Monsoon,28.9,23.7,32.6,8.9,14.5,1005.0,8.25,10,5.0,18.9,72.8167,2.0,5.5,5.5,3.0,-1.0,0.0108,-0.9999,-0.5,-0.866,0.2293,3.4,LOW
2018-07-02,Bombay / Colaba,7,Monsoon,27.3,25.0,30.0,5.0,15.3,1004.4,8.85,10,5.0,18.9,72.8167,0.5,5.5,6.0,2.0,-1.5,-0.0065,-1.0,-0.5,-0.866,0.0592,8.2,SAFE
2018-07-03,Bombay / Colaba,7,Monsoon,26.6,22.3,28.0,5.7,9.2,1004.6,8.65,10,5.0,18.9,72.8167,131.1,133.6,137.1,0.5,130.6,-0.0237,-0.9997,-0.5,-0.866,0.6054,45.4,HIGH
2018-07-04,Bombay / Colaba,7,Monsoon,28.0,23.2,30.6,7.4,16.8,1004.5,8.75,10,5.0,18.9,72.8167,118.1,249.7,255.2,131.1,-13.0,-0.0408,-0.9992,-0.5,-0.866,1.0,33.0,HIGH
2018-07-05,Bombay / Colaba,7,Monsoon,29.1,23.6,31.0,7.4,16.4,1004.8,8.45,10,5.0,18.9,72.8167,42.9,292.1,298.1,118.1,-75.2,-0.058,-0.9983,-0.5,-0.866,0.6494,32.9,MODERATE
2018-07-06,Bombay / Colaba,7,Monsoon,29.2,24.2,31.2,7.0,15.5,1004.8,8.45,10,5.0,18.9,72.8167,17.0,178.0,314.6,42.9,-25.9,-0.0752,-0.9972,-0.5,-0.866,0.3775,22.3,LOW
2018-07-07,Bombay / Colaba,7,Monsoon,27.6,25.0,29.0,4.0,15.1,1003.7,9.55,10,5.0,18.9,72.8167,6.1,66.0,317.7,17.0,-10.9,-0.0923,-0.9957,-0.5,-0.866,0.1241,9.7,SAFE
2018-07-08,Bombay / Colaba,7,Monsoon,25.5,22.6,28.0,5.4,11.6,1003.1,10.15,10,5.0,18.9,72.8167,131.1,154.2,446.8,6.1,125.0,-0.1094,-0.994,-0.5,-0.866,1.0,22.0,HIGH
2018-07-09,Bombay / Colaba,7,Monsoon,25.6,22.2,28.0,5.8,9.6,1002.7,10.55,10,5.0,18.9,72.8167,121.9,259.1,568.2,131.1,-9.2,-0.1265,-0.992,-0.5,-0.866,1.0,67.4,HIGH
2018-07-10,Bombay / Colaba,7,Monsoon,26.9,22.4,28.0,5.6,15.0,1002.7,10.55,10,5.0,18.9,72.8167,183.9,436.9,621.0,121.9,62.0,-0.1436,-0.9896,-0.5,-0.866,1.0,16.3,HIGH
2018-07-11,Bombay / Colaba,7,Monsoon,28.8,25.2,31.0,5.8,16.5,1002.9,10.35,10,5.0,18.9,72.8167,114.0,419.8,616.9,183.9,-69.9,-0.1606,-0.987,-0.5,-0.866,1.0,52.8,HIGH
2018-07-12,Bombay / Colaba,7,Monsoon,28.9,28.0,30.0,2.0,17.9,1002.1,11.15,10,5.0,18.9,72.8167,5.1,303.0,579.1,114.0,-108.9,-0.1775,-0.9841,-0.5,-0.866,0.509,28.2,LOW
2018-07-13,Bombay / Colaba,7,Monsoon,28.2,26.0,30.4,4.4,17.1,1001.4,11.85,10,5.0,18.9,72.8167,3.0,122.1,565.1,5.1,-2.1,-0.1944,-0.9809,-0.5,-0.866,0.2335,9.3,LOW
2018-07-14,Bombay / Colaba,7,Monsoon,28.1,26.0,29.2,3.2,19.2,1000.7,12.55,10,5.0,18.9,72.8167,16.0,24.1,575.0,3.0,13.0,-0.2113,-0.9774,-0.5,-0.866,0.0652,14.4,SAFE
2018-07-15,Bombay / Colaba,7,Monsoon,27.3,25.6,29.0,3.4,19.8,999.3,13.95,10,5.0,18.9,72.8167,38.1,57.1,482.0,16.0,22.1,-0.2281,-0.9736,-0.5,-0.866,0.3703,6.8,LOW
2018-07-16,Bombay / Colaba,7,Monsoon,27.7,25.0,29.0,4.0,22.8,1000.2,13.05,10,5.0,18.9,72.8167,95.0,149.1,455.1,38.1,56.9,-0.2448,-0.9696,-0.5,-0.866,0.7803,21.9,HIGH
2018-07-17,Bombay / Colaba,7,Monsoon,27.8,26.0,29.4,3.4,19.8,1001.4,11.85,10,5.0,18.9,72.8167,38.1,171.2,309.3,95.0,-56.9,-0.2614,-0.9652,-0.5,-0.866,0.6424,26.6,MODERATE
2018-07-18,Bombay / Colaba,7,Monsoon,28.4,25.8,31.0,5.2,18.5,1002.9,10.35,10,5.0,18.9,72.8167,9.9,143.0,205.2,38.1,-28.2,-0.278,-0.9606,-0.5,-0.866,0.4291,11.1,LOW
2018-07-19,Bombay / Colaba,7,Monsoon,28.4,26.1,31.2,5.1,17.8,1003.4,9.85,10,5.0,18.9,72.8167,2.0,50.0,202.1,9.9,-7.9,-0.2945,-0.9557,-0.5,-0.866,0.0463,1.6,SAFE
2018-07-20,Bombay / Colaba,7,Monsoon,27.7,25.3,29.4,4.1,16.4,1003.1,10.15,10,5.0,18.9,72.8167,5.1,17.0,204.2,2.0,3.1,-0.3109,-0.9505,-0.5,-0.866,0.1705,1.0,SAFE
2018-07-21,Bombay / Colaba,7,Monsoon,27.6,26.7,28.4,1.7,10.3,1003.8,9.45,10,5.0,18.9,72.8167,18.0,25.1,206.2,5.1,12.9,-0.3272,-0.945,-0.5,-0.866,0.0611,10.7,LOW
2018-07-22,Bombay / Colaba,7,Monsoon,27.9,27.2,28.7,1.5,11.2,1004.2,9.05,10,5.0,18.9,72.8167,0.0,23.1,168.1,18.0,-18.0,-0.3434,-0.9392,-0.5,-0.866,0.1411,3.0,SAFE
2018-07-23,Bombay / Colaba,7,Monsoon,28.4,27.6,29.7,2.1,11.8,1003.7,9.55,10,5.0,18.9,72.8167,0.0,18.0,73.1,0.0,0.0,-0.3595,-0.9332,-0.5,-0.866,0.0061,0.0,SAFE
2018-07-24,Bombay / Colaba,7,Monsoon,28.5,27.4,30.0,2.6,12.5,1004.9,8.35,10,5.0,18.9,72.8167,4.1,4.1,39.1,0.0,4.1,-0.3755,-0.9268,-0.5,-0.866,0.0,0.0,SAFE
2018-07-25,Bombay / Colaba,7,Monsoon,28.6,27.6,30.2,2.6,11.6,1005.5,7.75,10,5.0,18.9,72.8167,1.0,5.1,30.2,4.1,-3.1,-0.3914,-0.9202,-0.5,-0.866,0.0754,0.0,SAFE
2018-07-26,Bombay / Colaba,7,Monsoon,28.5,27.6,30.0,2.4,11.3,1006.2,7.05,10,5.0,18.9,72.8167,1.0,6.1,29.2,1.0,0.0,-0.4071,-0.9134,-0.5,-0.866,0.0,0.1,SAFE
2018-07-27,Bombay / Colaba,7,Monsoon,28.7,27.4,30.4,3.0,12.4,1005.8,7.45,10,5.0,18.9,72.8167,1.0,3.0,25.1,1.0,0.0,-0.4228,-0.9062,-0.5,-0.866,0.0,0.0,SAFE
2018-07-28,Bombay / Colaba,7,Monsoon,28.9,27.4,30.7,3.3,11.6,1005.7,7.55,10,5.0,18.9,72.8167,1.0,3.0,8.1,1.0,0.0,-0.4383,-0.8988,-0.5,-0.866,0.0,0.0,SAFE
2018-07-29,Bombay / Colaba,7,Monsoon,29.1,27.9,31.1,3.2,10.2,1005.7,7.55,10,5.0,18.9,72.8167,0.0,2.0,8.1,1.0,-1.0,-0.4537,-0.8912,-0.5,-0.866,0.0,0.0,SAFE
2018-07-30,Bombay / Colaba,7,Monsoon,29.1,27.8,31.2,3.4,10.2,1005.3,7.95,10,5.0,18.9,72.8167,0.0,1.0,8.1,0.0,0.0,-0.469,-0.8832,-0.5,-0.866,0.0,0.0,SAFE
2018-07-31,Bombay / Colaba,7,Monsoon,29.0,27.8,30.9,3.1,10.4,1005.3,7.95,10,5.0,18.9,72.8167,0.0,0.0,4.0,0.0,0.0,-0.4841,-0.875,-0.5,-0.866,0.0,0.0,SAFE
2018-08-01,Bombay / Colaba,8,Monsoon,28.7,27.4,30.6,3.2,10.5,1006.0,7.25,10,5.0,18.9,72.8167,0.0,0.0,3.0,0.0,0.0,-0.4991,-0.8666,-0.866,-0.5,0.0,0.0,SAFE
2018-08-02,Bombay / Colaba,8,Monsoon,28.5,27.2,30.6,3.4,8.6,1007.3,5.95,10,5.0,18.9,72.8167,2.0,2.0,4.0,0.0,2.0,-0.5139,-0.8578,-0.866,-0.5,0.0874,2.9,SAFE
2018-08-03,Bombay / Colaba,8,Monsoon,28.0,26.9,29.9,3.0,7.4,1008.4,4.85,10,5.0,18.9,72.8167,3.0,5.0,6.0,2.0,1.0,-0.5286,-0.8489,-0.866,-0.5,0.1169,6.6,SAFE
2018-08-04,Bombay / Colaba,8,Monsoon,27.5,25.6,29.3,3.7,8.7,1008.2,5.05,10,5.0,18.9,72.8167,8.9,13.9,13.9,3.0,5.9,-0.5431,-0.8397,-0.866,-0.5,0.097,4.9,SAFE
2018-08-05,Bombay / Colaba,8,Monsoon,28.1,26.4,29.9,3.5,10.4,1008.2,5.05,10,5.0,18.9,72.8167,7.9,19.8,21.8,8.9,-1.0,-0.5575,-0.8302,-0.866,-0.5,0.224,10.8,LOW
2018-08-06,Bombay / Colaba,8,Monsoon,28.5,27.5,30.0,2.5,11.7,1006.7,6.55,10,5.0,18.9,72.8167,4.1,20.9,25.9,7.9,-3.8,-0.5717,-0.8205,-0.866,-0.5,0.1269,5.5,SAFE
2018-08-07,Bombay / Colaba,8,Monsoon,28.6,27.6,30.1,2.5,11.8,1004.8,8.45,10,5.0,18.9,72.8167,2.0,14.0,27.9,4.1,-2.1,-0.5857,-0.8105,-0.866,-0.5,0.0,1.2,SAFE
2018-08-08,Bombay / Colaba,8,Monsoon,28.2,27.4,29.4,2.0,10.7,1003.8,9.45,10,5.0,18.9,72.8167,0.8,6.9,28.7,2.0,-1.2,-0.5996,-0.8003,-0.866,-0.5,0.0182,12.7,SAFE
2018-08-09,Bombay / Colaba,8,Monsoon,28.0,27.0,29.7,2.7,9.2,1005.6,7.65,10,5.0,18.9,72.8167,2.0,4.8,28.7,0.8,1.2,-0.6132,-0.7899,-0.866,-0.5,0.0,5.3,SAFE
2018-08-10,Bombay / Colaba,8,Monsoon,28.0,26.6,29.8,3.2,6.9,1007.8,5.45,10,5.0,18.9,72.8167,4.1,6.9,29.8,2.0,2.1,-0.6267,-0.7792,-0.866,-0.5,0.0528,4.5,SAFE
2018-08-11,Bombay / Colaba,8,Monsoon,27.8,26.7,28.9,2.2,8.4,1007.0,6.25,10,5.0,18.9,72.8167,15.0,21.1,35.9,4.1,10.9,-0.64,-0.7683,-0.866,-0.5,0.2568,0.0,LOW
2018-08-12,Bombay / Colaba,8,Monsoon,27.7,26.8,29.1,2.3,11.1,1004.1,9.15,10,5.0,18.9,72.8167,14.0,33.1,42.0,15.0,-1.0,-0.6532,-0.7572,-0.866,-0.5,0.2249,0.0,LOW
2018-08-13,Bombay / Colaba,8,Monsoon,27.7,26.2,28.8,2.6,12.2,1002.7,10.55,10,5.0,18.9,72.8167,10.9,39.9,48.8,14.0,-3.1,-0.6661,-0.7459,-0.866,-0.5,0.2949,6.2,LOW
2018-08-14,Bombay / Colaba,8,Monsoon,28.1,27.3,29.3,2.0,10.7,1003.7,9.55,10,5.0,18.9,72.8167,6.1,31.0,52.9,10.9,-4.8,-0.6788,-0.7343,-0.866,-0.5,0.0785,4.2,SAFE
2018-08-15,Bombay / Colaba,8,Monsoon,27.7,26.0,28.9,2.9,10.0,1003.6,9.65,10,5.0,18.9,72.8167,0.5,17.5,52.6,6.1,-5.6,-0.6914,-0.7225,-0.866,-0.5,0.2034,0.0,SAFE
2018-08-16,Bombay / Colaba,8,Monsoon,27.3,26.4,27.9,1.5,11.1,1003.0,10.25,10,5.0,18.9,72.8167,7.1,13.7,57.7,0.5,6.6,-0.7037,-0.7105,-0.866,-0.5,0.0691,2.5,SAFE
2018-08-17,Bombay / Colaba,8,Monsoon,27.0,26.2,27.8,1.6,12.8,1002.3,10.95,10,5.0,18.9,72.8167,10.9,18.5,64.5,7.1,3.8,-0.7158,-0.6983,-0.866,-0.5,0.2701,13.5,LOW
2018-08-18,Bombay / Colaba,8,Monsoon,27.3,26.0,28.6,2.6,10.4,1003.3,9.95,10,5.0,18.9,72.8167,4.1,22.1,53.6,10.9,-6.8,-0.7277,-0.6859,-0.866,-0.5,0.0847,5.3,SAFE
2018-08-19,Bombay / Colaba,8,Monsoon,27.3,26.2,28.5,2.3,9.8,1004.5,8.75,10,5.0,18.9,72.8167,7.9,22.9,47.5,4.1,3.8,-0.7394,-0.6733,-0.866,-0.5,0.1814,0.0,LOW
2018-08-20,Bombay / Colaba,8,Monsoon,27.4,26.5,29.0,2.5,9.0,1005.0,8.25,10,5.0,18.9,72.8167,16.0,28.0,52.6,7.9,8.1,-0.7509,-0.6605,-0.866,-0.5,0.3102,5.9,LOW
2018-08-21,Bombay / Colaba,8,Monsoon,26.8,25.4,27.9,2.5,8.9,1005.1,8.15,10,5.0,18.9,72.8167,5.1,29.0,51.6,16.0,-10.9,-0.7621,-0.6474,-0.866,-0.5,0.082,0.0,SAFE
2018-08-22,Bombay / Colaba,8,Monsoon,26.6,24.8,28.0,3.2,8.6,1006.0,7.25,10,5.0,18.9,72.8167,24.9,46.0,76.0,5.1,19.8,-0.7731,-0.6342,-0.866,-0.5,0.2498,7.2,LOW
2018-08-23,Bombay / Colaba,8,Monsoon,27.2,26.0,28.6,2.6,8.6,1007.1,6.15,10,5.0,18.9,72.8167,23.1,53.1,92.0,24.9,-1.8,-0.7839,-0.6208,-0.866,-0.5,0.3638,7.3,LOW
2018-08-24,Bombay / Colaba,8,Monsoon,27.5,26.2,29.2,3.0,8.5,1007.3,5.95,10,5.0,18.9,72.8167,8.9,56.9,90.0,23.1,-14.2,-0.7945,-0.6073,-0.866,-0.5,0.1492,3.3,LOW
2018-08-25,Bombay / Colaba,8,Monsoon,27.3,25.6,28.6,3.0,9.1,1006.6,6.65,10,5.0,18.9,72.8167,5.1,37.1,91.0,8.9,-3.8,-0.8048,-0.5935,-0.866,-0.5,0.0,0.0,SAFE
2018-08-26,Bombay / Colaba,8,Monsoon,27.2,26.1,28.6,2.5,8.9,1005.3,7.95,10,5.0,18.9,72.8167,11.9,25.9,95.0,5.1,6.8,-0.8149,-0.5796,-0.866,-0.5,0.3567,3.4,LOW
2018-08-27,Bombay / Colaba,8,Monsoon,27.1,25.8,28.6,2.8,6.8,1005.1,8.15,10,5.0,18.9,72.8167,8.9,25.9,87.9,11.9,-3.0,-0.8248,-0.5655,-0.866,-0.5,0.0674,0.0,SAFE
2018-08-28,Bombay / Colaba,8,Monsoon,26.7,25.5,28.2,2.7,4.5,1005.2,8.05,10,5.0,18.9,72.8167,13.0,33.8,95.8,8.9,4.1,-0.8344,-0.5512,-0.866,-0.5,0.1657,0.0,LOW
2018-08-29,Bombay / Colaba,8,Monsoon,27.0,25.3,29.0,3.7,4.7,1006.7,6.55,10,5.0,18.9,72.8167,0.3,22.2,71.2,13.0,-12.7,-0.8437,-0.5368,-0.866,-0.5,0.1895,12.3,SAFE
2018-08-30,Bombay / Colaba,8,Monsoon,27.5,25.9,29.2,3.3,5.8,1007.3,5.95,10,5.0,18.9,72.8167,0.0,13.3,48.1,0.3,-0.3,-0.8528,-0.5222,-0.866,-0.5,0.0,6.4,SAFE
2018-08-31,Bombay / Colaba,8,Monsoon,27.9,26.2,30.0,3.8,5.5,1007.5,5.75,10,5.0,18.9,72.8167,7.1,7.4,46.3,0.0,7.1,-0.8617,-0.5074,-0.866,-0.5,0.0,0.0,SAFE
2018-09-01,Bombay / Colaba,9,Monsoon,28.0,26.3,29.8,3.5,5.9,1008.3,4.95,10,5.0,18.9,72.8167,2.0,9.1,43.2,7.1,-5.1,-0.8703,-0.4925,-1.0,-0.0,0.0836,1.2,SAFE
2018-09-02,Bombay / Colaba,9,Monsoon,27.7,26.3,29.5,3.2,7.6,1008.5,4.75,10,5.0,18.9,72.8167,16.0,25.1,47.3,2.0,14.0,-0.8786,-0.4775,-1.0,-0.0,0.0,0.0,SAFE
2018-09-03,Bombay / Colaba,9,Monsoon,27.8,26.2,29.6,3.4,7.9,1008.5,4.75,10,5.0,18.9,72.8167,3.0,21.0,41.4,16.0,-13.0,-0.8867,-0.4623,-1.0,-0.0,0.0496,10.4,SAFE
2018-09-04,Bombay / Colaba,9,Monsoon,27.8,26.1,29.8,3.7,7.0,1009.4,3.85,10,5.0,18.9,72.8167,5.1,24.1,33.5,3.0,2.1,-0.8945,-0.447,-1.0,-0.0,0.1207,12.8,SAFE
2018-09-05,Bombay / Colaba,9,Monsoon,27.8,26.1,29.7,3.6,7.0,1009.3,3.95,10,5.0,18.9,72.8167,0.0,8.1,33.2,5.1,-5.1,-0.9021,-0.4315,-1.0,-0.0,0.0171,1.5,SAFE
2018-09-06,Bombay / Colaba,9,Monsoon,27.8,25.9,30.0,4.1,6.6,1008.4,4.85,10,5.0,18.9,72.8167,0.8,5.9,34.0,0.0,0.8,-0.9094,-0.4159,-1.0,-0.0,0.0,5.8,SAFE
2018-09-07,Bombay / Colaba,9,Monsoon,27.7,25.7,30.2,4.5,5.2,1008.1,5.15,10,5.0,18.9,72.8167,0.0,0.8,26.9,0.8,-0.8,-0.9164,-0.4002,-1.0,-0.0,0.0,0.0,SAFE
2018-09-08,Bombay / Colaba,9,Monsoon,27.7,25.1,30.4,5.3,4.8,1008.2,5.05,10,5.0,18.9,72.8167,1.0,1.8,25.9,0.0,1.0,-0.9232,-0.3844,-1.0,-0.0,0.0,0.0,SAFE
2018-09-09,Bombay / Colaba,9,Monsoon,27.7,25.1,30.9,5.8,4.3,1008.9,4.35,10,5.0,18.9,72.8167,0.5,1.5,10.4,1.0,-0.5,-0.9296,-0.3685,-1.0,-0.0,0.0,0.0,SAFE
2018-09-10,Bombay / Colaba,9,Monsoon,27.7,24.9,30.7,5.8,3.4,1011.2,2.05,10,5.0,18.9,72.8167,7.9,9.4,15.3,0.5,7.4,-0.9358,-0.3524,-1.0,-0.0,0.0596,2.0,SAFE
2018-09-11,Bombay / Colaba,9,Monsoon,27.7,25.2,30.6,5.4,3.3,1012.2,1.05,10,5.0,18.9,72.8167,0.0,8.4,10.2,7.9,-7.9,-0.9418,-0.3363,-1.0,-0.0,0.0,0.0,SAFE
2018-09-12,Bombay / Colaba,9,Monsoon,27.6,25.2,30.6,5.4,3.1,1011.0,2.25,10,5.0,18.9,72.8167,2.0,9.9,12.2,0.0,2.0,-0.9474,-0.32,-1.0,-0.0,0.0864,0.0,SAFE
2018-09-13,Bombay / Colaba,9,Monsoon,27.6,25.1,30.6,5.5,3.2,1009.5,3.75,10,5.0,18.9,72.8167,0.0,2.0,11.4,2.0,-2.0,-0.9528,-0.3037,-1.0,-0.0,0.0,0.0,SAFE
2018-09-14,Bombay / Colaba,9,Monsoon,27.6,25.2,30.5,5.3,2.9,1009.5,3.75,10,5.0,18.9,72.8167,8.9,10.9,20.3,0.0,8.9,-0.9579,-0.2873,-1.0,-0.0,0.0,2.9,SAFE
2018-09-15,Bombay / Colaba,9,Monsoon,27.7,24.9,30.4,5.5,3.0,1010.3,2.95,10,5.0,18.9,72.8167,0.5,9.4,19.8,8.9,-8.4,-0.9627,-0.2707,-1.0,-0.0,0.2043,1.3,SAFE
2018-09-16,Bombay / Colaba,9,Monsoon,27.8,25.3,30.6,5.3,3.6,1009.5,3.75,10,5.0,18.9,72.8167,1.0,10.4,20.3,0.5,0.5,-0.9672,-0.2541,-1.0,-0.0,0.0,0.0,SAFE
2018-09-17,Bombay / Colaba,9,Monsoon,27.9,25.4,30.8,5.4,3.8,1008.5,4.75,10,5.0,18.9,72.8167,0.0,1.5,12.4,1.0,-1.0,-0.9714,-0.2375,-1.0,-0.0,0.0,0.0,SAFE
2018-09-18,Bombay / Colaba,9,Monsoon,27.9,25.5,30.7,5.2,3.5,1008.7,4.55,10,5.0,18.9,72.8167,0.0,1.0,12.4,0.0,0.0,-0.9753,-0.2207,-1.0,-0.0,0.0,0.0,SAFE
2018-09-19,Bombay / Colaba,9,Monsoon,27.5,25.2,29.9,4.7,3.9,1008.8,4.45,10,5.0,18.9,72.8167,8.9,8.9,19.3,0.0,8.9,-0.979,-0.2039,-1.0,-0.0,0.0382,7.3,SAFE
2018-09-20,Bombay / Colaba,9,Monsoon,27.5,25.3,30.0,4.7,4.4,1006.8,6.45,10,5.0,18.9,72.8167,0.0,8.9,19.3,8.9,-8.9,-0.9824,-0.187,-1.0,-0.0,0.0,0.0,SAFE
2018-09-21,Bombay / Colaba,9,Monsoon,28.0,25.9,30.1,4.2,4.6,1005.7,7.55,10,5.0,18.9,72.8167,2.0,10.9,12.4,0.0,2.0,-0.9854,-0.1701,-1.0,-0.0,0.0,7.3,SAFE
2018-09-22,Bombay / Colaba,9,Monsoon,28.1,26.3,30.2,3.9,5.4,1007.0,6.25,10,5.0,18.9,72.8167,0.3,2.3,12.2,2.0,-1.7,-0.9882,-0.1531,-1.0,-0.0,0.0,0.0,SAFE
2018-09-23,Bombay / Colaba,9,Monsoon,28.2,26.5,30.7,4.2,4.8,1010.2,3.05,10,5.0,18.9,72.8167,0.0,2.3,11.2,0.3,-0.3,-0.9907,-0.1361,-1.0,-0.0,0.0,0.0,SAFE
2018-09-24,Bombay / Colaba,9,Monsoon,28.3,25.9,31.0,5.1,3.1,1011.2,2.05,10,5.0,18.9,72.8167,0.0,0.3,11.2,0.0,0.0,-0.9929,-0.1191,-1.0,-0.0,0.0,0.0,SAFE
2018-09-25,Bombay / Colaba,9,Monsoon,28.4,25.8,31.4,5.6,3.0,1010.7,2.55,10,5.0,18.9,72.8167,0.0,0.0,11.2,0.0,0.0,-0.9948,-0.102,-1.0,-0.0,0.0,0.0,SAFE
2018-09-26,Bombay / Colaba,9,Monsoon,28.4,25.4,32.1,6.7,3.2,1009.2,4.05,10,5.0,18.9,72.8167,0.0,0.0,2.3,0.0,0.0,-0.9964,-0.0848,-1.0,-0.0,0.0,0.0,SAFE
2018-09-27,Bombay / Colaba,9,Monsoon,28.7,25.4,32.5,7.1,3.1,1008.4,4.85,10,5.0,18.9,72.8167,0.0,0.0,2.3,0.0,0.0,-0.9977,-0.0677,-1.0,-0.0,0.0,0.0,SAFE
2018-09-28,Bombay / Colaba,9,Monsoon,28.9,25.8,32.9,7.1,2.4,1008.7,4.55,10,5.0,18.9,72.8167,7.1,7.1,7.4,0.0,7.1,-0.9987,-0.0505,-1.0,-0.0,0.0,0.0,SAFE
2018-09-29,Bombay / Colaba,9,Monsoon,29.0,25.0,33.5,8.5,2.5,1009.4,3.85,10,5.0,18.9,72.8167,4.1,11.2,11.2,7.1,-3.0,-0.9994,-0.0333,-1.0,-0.0,0.0,9.6,SAFE
2018-09-30,Bombay / Colaba,9,Monsoon,29.3,25.9,33.8,7.9,2.4,1009.1,4.15,10,5.0,18.9,72.8167,0.0,11.2,11.2,4.1,-4.1,-0.9999,-0.0161,-1.0,-0.0,0.0699,4.3,SAFE
2019-07-01,Bombay / Colaba,7,Monsoon,27.7,25.0,29.3,4.3,5.9,1002.9,10.35,10,5.0,18.9,72.8167,91.9,96.0,103.1,0.0,91.9,0.0108,-0.9999,-0.5,-0.866,0.5542,19.1,MODERATE
2019-07-02,Bombay / Colaba,7,Monsoon,26.9,25.0,28.4,3.4,4.5,1003.1,10.15,10,5.0,18.9,72.8167,374.9,466.8,478.0,91.9,283.0,-0.0065,-1.0,-0.5,-0.866,1.0,70.5,CRITICAL
2019-07-03,Bombay / Colaba,7,Monsoon,27.2,26.4,28.2,1.8,8.7,1003.4,9.85,10,5.0,18.9,72.8167,34.0,500.8,512.0,374.9,-340.9,-0.0237,-0.9997,-0.5,-0.866,1.0,42.1,MODERATE
2019-07-04,Bombay / Colaba,7,Monsoon,27.9,26.6,29.7,3.1,5.9,1003.2,10.05,10,5.0,18.9,72.8167,4.1,413.0,516.1,34.0,-29.9,-0.0408,-0.9992,-0.5,-0.866,0.7744,35.0,LOW
2019-07-05,Bombay / Colaba,7,Monsoon,28.0,27.2,29.2,2.0,8.7,1002.1,11.15,10,5.0,18.9,72.8167,23.1,61.2,532.1,4.1,19.0,-0.058,-0.9983,-0.5,-0.866,0.1119,14.7,LOW
2019-07-06,Bombay / Colaba,7,Monsoon,27.7,27.3,28.5,1.2,11.4,1001.4,11.85,10,5.0,18.9,72.8167,78.0,105.2,606.0,23.1,54.9,-0.0752,-0.9972,-0.5,-0.866,0.8118,24.5,MODERATE
2019-07-07,Bombay / Colaba,7,Monsoon,28.3,27.3,29.5,2.2,12.4,1002.0,11.25,10,5.0,18.9,72.8167,40.9,142.0,646.9,78.0,-37.1,-0.0923,-0.9957,-0.5,-0.866,0.5314,31.2,LOW
2019-07-08,Bombay / Colaba,7,Monsoon,28.3,26.8,29.4,2.6,12.5,1003.5,9.75,10,5.0,18.9,72.8167,31.0,149.9,586.0,40.9,-9.9,-0.1094,-0.994,-0.5,-0.866,0.413,23.1,LOW
2019-07-09,Bombay / Colaba,7,Monsoon,28.6,27.7,29.9,2.2,13.2,1003.1,10.15,10,5.0,18.9,72.8167,130.0,201.9,341.1,31.0,99.0,-0.1265,-0.992,-0.5,-0.866,1.0,51.4,HIGH
2019-07-10,Bombay / Colaba,7,Monsoon,28.0,26.9,29.2,2.3,11.0,1003.2,10.05,10,5.0,18.9,72.8167,7.1,168.1,314.2,130.0,-122.9,-0.1436,-0.9896,-0.5,-0.866,0.5694,14.3,LOW
2019-07-11,Bombay / Colaba,7,Monsoon,28.0,26.8,29.8,3.0,10.5,1005.1,8.15,10,5.0,18.9,72.8167,50.0,187.1,360.1,7.1,42.9,-0.1606,-0.987,-0.5,-0.866,0.4129,35.8,LOW
2019-07-12,Bombay / Colaba,7,Monsoon,28.7,27.5,30.2,2.7,10.5,1006.4,6.85,10,5.0,18.9,72.8167,24.9,82.0,361.9,50.0,-25.1,-0.1775,-0.9841,-0.5,-0.866,0.2572,6.3,LOW
2019-07-13,Bombay / Colaba,7,Monsoon,29.0,27.5,31.0,3.5,8.4,1007.4,5.85,10,5.0,18.9,72.8167,4.1,79.0,288.0,24.9,-20.8,-0.1944,-0.9809,-0.5,-0.866,0.0,11.2,SAFE
2019-07-14,Bombay / Colaba,7,Monsoon,28.9,27.6,30.8,3.2,7.7,1007.2,6.05,10,5.0,18.9,72.8167,10.9,39.9,258.0,4.1,6.8,-0.2113,-0.9774,-0.5,-0.866,0.1679,0.8,LOW
2019-07-15,Bombay / Colaba,7,Monsoon,29.0,27.7,30.6,2.9,8.2,1006.0,7.25,10,5.0,18.9,72.8167,3.0,18.0,230.0,10.9,-7.9,-0.2281,-0.9736,-0.5,-0.866,0.1137,1.0,SAFE
2019-07-16,Bombay / Colaba,7,Monsoon,29.1,27.7,31.0,3.3,7.8,1006.2,7.05,10,5.0,18.9,72.8167,3.0,16.9,103.0,3.0,0.0,-0.2448,-0.9696,-0.5,-0.866,0.0696,1.8,SAFE
2019-07-17,Bombay / Colaba,7,Monsoon,29.0,27.6,31.0,3.4,6.2,1006.5,6.75,10,5.0,18.9,72.8167,4.1,10.1,100.0,3.0,1.1,-0.2614,-0.9652,-0.5,-0.866,0.0003,0.0,SAFE
2019-07-18,Bombay / Colaba,7,Monsoon,29.3,27.4,31.8,4.4,5.0,1005.0,8.25,10,5.0,18.9,72.8167,7.1,14.2,57.1,4.1,3.0,-0.278,-0.9606,-0.5,-0.866,0.0,0.0,SAFE
2019-07-19,Bombay / Colaba,7,Monsoon,29.3,27.4,32.0,4.6,3.3,1003.2,10.05,10,5.0,18.9,72.8167,2.0,13.2,34.2,7.1,-5.1,-0.2945,-0.9557,-0.5,-0.866,0.1024,3.1,SAFE
2019-07-20,Bombay / Colaba,7,Monsoon,28.5,27.3,30.0,2.7,1.8,1002.2,11.05,10,5.0,18.9,72.8167,0.3,9.4,30.4,2.0,-1.7,-0.3109,-0.9505,-0.5,-0.866,0.2018,0.8,SAFE
2019-07-21,Bombay / Colaba,7,Monsoon,28.4,26.7,31.2,4.5,2.4,1001.0,12.25,10,5.0,18.9,72.8167,6.1,8.4,25.6,0.3,5.8,-0.3272,-0.945,-0.5,-0.866,0.0144,4.8,SAFE
2019-07-22,Bombay / Colaba,7,Monsoon,28.4,26.8,31.0,4.2,4.4,1000.3,12.95,10,5.0,18.9,72.8167,16.0,22.4,38.6,6.1,9.9,-0.3434,-0.9392,-0.5,-0.866,0.1931,1.0,LOW
2019-07-23,Bombay / Colaba,7,Monsoon,28.5,27.1,30.2,3.1,6.1,1001.2,12.05,10,5.0,18.9,72.8167,0.0,22.1,35.6,16.0,-16.0,-0.3595,-0.9332,-0.5,-0.866,0.0,7.6,SAFE
2019-07-24,Bombay / Colaba,7,Monsoon,27.6,26.4,29.0,2.6,6.0,1003.2,10.05,10,5.0,18.9,72.8167,84.1,100.1,115.6,0.0,84.1,-0.3755,-0.9268,-0.5,-0.866,0.652,20.7,MODERATE
2019-07-25,Bombay / Colaba,7,Monsoon,27.6,26.8,28.5,1.7,7.4,1005.8,7.45,10,5.0,18.9,72.8167,38.1,122.2,146.6,84.1,-46.0,-0.3914,-0.9202,-0.5,-0.866,0.3658,18.9,LOW
2019-07-26,Bombay / Colaba,7,Monsoon,27.7,26.8,29.0,2.2,9.4,1005.2,8.05,10,5.0,18.9,72.8167,43.9,166.1,188.5,38.1,5.8,-0.4071,-0.9134,-0.5,-0.866,0.4219,21.4,LOW
2019-07-27,Bombay / Colaba,7,Monsoon,27.5,27.0,28.2,1.2,11.6,1004.7,8.55,10,5.0,18.9,72.8167,218.9,300.9,407.1,43.9,175.0,-0.4228,-0.9062,-0.5,-0.866,1.0,83.2,CRITICAL
2019-07-28,Bombay / Colaba,7,Monsoon,27.7,27.2,28.6,1.4,12.1,1004.9,8.35,10,5.0,18.9,72.8167,27.9,290.7,428.9,218.9,-191.0,-0.4383,-0.8988,-0.5,-0.866,0.5676,25.7,LOW
2019-07-29,Bombay / Colaba,7,Monsoon,27.5,26.9,28.6,1.7,12.3,1004.2,9.05,10,5.0,18.9,72.8167,0.5,247.3,413.4,27.9,-27.4,-0.4537,-0.8912,-0.5,-0.866,0.4469,5.6,LOW
2019-07-30,Bombay / Colaba,7,Monsoon,27.1,25.6,28.2,2.6,13.0,1004.9,8.35,10,5.0,18.9,72.8167,39.1,67.5,452.5,0.5,38.6,-0.469,-0.8832,-0.5,-0.866,0.1923,18.6,LOW
2019-07-31,Bombay / Colaba,7,Monsoon,27.4,26.6,28.4,1.8,13.8,1006.1,7.15,10,5.0,18.9,72.8167,65.0,104.6,433.4,39.1,25.9,-0.4841,-0.875,-0.5,-0.866,0.4735,25.3,MODERATE
2019-08-01,Bombay / Colaba,8,Monsoon,27.8,26.6,29.4,2.8,12.7,1005.8,7.45,10,5.0,18.9,72.8167,13.0,117.1,408.3,65.0,-52.0,-0.4991,-0.8666,-0.866,-0.5,0.2696,3.4,LOW
2019-08-02,Bombay / Colaba,8,Monsoon,27.5,26.7,28.3,1.6,14.8,1004.6,8.65,10,5.0,18.9,72.8167,42.9,120.9,407.3,13.0,29.9,-0.5139,-0.8578,-0.866,-0.5,0.3138,11.8,LOW
2019-08-03,Bombay / Colaba,8,Monsoon,26.7,26.2,27.3,1.1,16.8,1003.8,9.45,10,5.0,18.9,72.8167,134.1,190.0,322.5,42.9,91.2,-0.5286,-0.8489,-0.866,-0.5,1.0,18.4,HIGH
2019-08-04,Bombay / Colaba,8,Monsoon,26.6,26.2,27.4,1.2,15.4,1003.1,10.15,10,5.0,18.9,72.8167,0.0,177.0,294.6,134.1,-134.1,-0.5431,-0.8397,-0.866,-0.5,0.2092,8.3,SAFE
2019-08-05,Bombay / Colaba,8,Monsoon,27.3,27.0,28.4,1.4,15.0,1002.5,10.75,10,5.0,18.9,72.8167,62.0,196.1,356.1,0.0,62.0,-0.5575,-0.8302,-0.866,-0.5,0.5672,34.4,MODERATE
2019-08-06,Bombay / Colaba,8,Monsoon,27.7,27.1,29.2,2.1,13.8,1002.3,10.95,10,5.0,18.9,72.8167,8.9,70.9,325.9,62.0,-53.1,-0.5717,-0.8205,-0.866,-0.5,0.0815,3.0,SAFE
2019-08-07,Bombay / Colaba,8,Monsoon,27.8,27.0,28.3,1.3,14.5,1001.4,11.85,10,5.0,18.9,72.8167,7.9,78.8,268.8,8.9,-1.0,-0.5857,-0.8105,-0.866,-0.5,0.3799,2.5,LOW
2019-08-08,Bombay / Colaba,8,Monsoon,28.2,27.7,28.8,1.1,14.8,1000.3,12.95,10,5.0,18.9,72.8167,1.0,17.8,256.8,7.9,-6.9,-0.5996,-0.8003,-0.866,-0.5,0.1231,0.0,SAFE
2019-08-09,Bombay / Colaba,8,Monsoon,28.1,27.7,28.6,0.9,16.1,1000.7,12.55,10,5.0,18.9,72.8167,4.1,13.0,218.0,1.0,3.1,-0.6132,-0.7899,-0.866,-0.5,0.0,12.4,SAFE
2019-08-10,Bombay / Colaba,8,Monsoon,28.3,27.6,29.2,1.6,17.5,1002.0,11.25,10,5.0,18.9,72.8167,3.0,8.1,86.9,4.1,-1.1,-0.6267,-0.7792,-0.866,-0.5,0.1766,0.0,SAFE
2019-08-11,Bombay / Colaba,8,Monsoon,28.5,27.4,30.0,2.6,14.8,1004.0,9.25,10,5.0,18.9,72.8167,5.1,12.2,92.0,3.0,2.1,-0.64,-0.7683,-0.866,-0.5,0.0982,0.0,SAFE
2019-08-12,Bombay / Colaba,8,Monsoon,28.5,27.3,30.1,2.8,10.1,1005.3,7.95,10,5.0,18.9,72.8167,6.1,14.2,36.1,5.1,1.0,-0.6532,-0.7572,-0.866,-0.5,0.1121,10.3,SAFE
2019-08-13,Bombay / Colaba,8,Monsoon,28.1,27.2,29.6,2.4,6.4,1005.6,7.65,10,5.0,18.9,72.8167,1.0,12.2,28.2,6.1,-5.1,-0.6661,-0.7459,-0.866,-0.5,0.0205,10.4,SAFE
2019-08-14,Bombay / Colaba,8,Monsoon,27.9,26.7,29.4,2.7,5.6,1005.7,7.55,10,5.0,18.9,72.8167,3.0,10.1,23.3,1.0,2.0,-0.6788,-0.7343,-0.866,-0.5,0.0,0.2,SAFE
2019-08-15,Bombay / Colaba,8,Monsoon,27.9,26.6,29.3,2.7,7.7,1006.7,6.55,10,5.0,18.9,72.8167,7.9,11.9,30.2,3.0,4.9,-0.6914,-0.7225,-0.866,-0.5,0.1261,0.0,SAFE
2019-08-16,Bombay / Colaba,8,Monsoon,28.4,27.1,30.3,3.2,10.2,1006.5,6.75,10,5.0,18.9,72.8167,6.1,17.0,32.2,7.9,-1.8,-0.7037,-0.7105,-0.866,-0.5,0.0321,13.5,SAFE
2019-08-17,Bombay / Colaba,8,Monsoon,28.6,27.2,30.6,3.4,10.3,1006.2,7.05,10,5.0,18.9,72.8167,5.1,19.1,34.3,6.1,-1.0,-0.7158,-0.6983,-0.866,-0.5,0.2782,10.1,LOW
2019-08-18,Bombay / Colaba,8,Monsoon,28.5,26.9,30.5,3.6,7.8,1007.4,5.85,10,5.0,18.9,72.8167,4.1,15.3,33.3,5.1,-1.0,-0.7277,-0.6859,-0.866,-0.5,0.0,6.2,SAFE
2019-08-19,Bombay / Colaba,8,Monsoon,28.5,26.7,30.6,3.9,5.6,1008.5,4.75,10,5.0,18.9,72.8167,2.0,11.2,29.2,4.1,-2.1,-0.7394,-0.6733,-0.866,-0.5,0.2214,0.0,LOW
2019-08-20,Bombay / Colaba,8,Monsoon,28.5,26.7,30.6,3.9,4.0,1008.7,4.55,10,5.0,18.9,72.8167,1.0,7.1,29.2,2.0,-1.0,-0.7509,-0.6605,-0.866,-0.5,0.0373,0.7,SAFE
2019-08-21,Bombay / Colaba,8,Monsoon,28.5,26.8,31.4,4.6,4.1,1008.0,5.25,10,5.0,18.9,72.8167,6.1,9.1,32.3,1.0,5.1,-0.7621,-0.6474,-0.866,-0.5,0.1089,0.9,SAFE
2019-08-22,Bombay / Colaba,8,Monsoon,28.3,26.4,31.6,5.2,4.4,1007.4,5.85,10,5.0,18.9,72.8167,1.0,8.1,25.4,6.1,-5.1,-0.7731,-0.6342,-0.866,-0.5,0.138,3.0,SAFE
2019-08-23,Bombay / Colaba,8,Monsoon,28.1,26.0,31.0,5.0,3.9,1007.4,5.85,10,5.0,18.9,72.8167,2.0,9.1,21.3,1.0,1.0,-0.7839,-0.6208,-0.866,-0.5,0.0,9.1,SAFE
2019-08-24,Bombay / Colaba,8,Monsoon,28.3,26.4,30.6,4.2,4.1,1007.1,6.15,10,5.0,18.9,72.8167,1.0,4.0,17.2,2.0,-1.0,-0.7945,-0.6073,-0.866,-0.5,0.0,0.0,SAFE
2019-08-25,Bombay / Colaba,8,Monsoon,28.1,26.3,30.4,4.1,3.7,1006.1,7.15,10,5.0,18.9,72.8167,10.9,13.9,24.0,1.0,9.9,-0.8048,-0.5935,-0.866,-0.5,0.0,0.0,SAFE
2019-08-26,Bombay / Colaba,8,Monsoon,28.1,26.5,30.0,3.5,4.2,1005.7,7.55,10,5.0,18.9,72.8167,7.1,19.0,29.1,10.9,-3.8,-0.8149,-0.5796,-0.866,-0.5,0.0217,10.3,SAFE
2019-08-27,Bombay / Colaba,8,Monsoon,28.2,26.3,30.2,3.9,5.9,1005.0,8.25,10,5.0,18.9,72.8167,0.0,18.0,28.1,7.1,-7.1,-0.8248,-0.5655,-0.866,-0.5,0.0,3.5,SAFE
2019-08-28,Bombay / Colaba,8,Monsoon,28.3,26.4,30.5,4.1,7.0,1004.8,8.45,10,5.0,18.9,72.8167,6.1,13.2,28.1,0.0,6.1,-0.8344,-0.5512,-0.866,-0.5,0.0,5.1,SAFE
2019-08-29,Bombay / Colaba,8,Monsoon,28.3,26.5,30.2,3.7,5.9,1005.2,8.05,10,5.0,18.9,72.8167,3.0,9.1,30.1,6.1,-3.1,-0.8437,-0.5368,-0.866,-0.5,0.0394,9.1,SAFE
2019-08-30,Bombay / Colaba,8,Monsoon,27.7,26.4,29.4,3.0,5.4,1004.1,9.15,10,5.0,18.9,72.8167,3.0,12.1,31.1,3.0,0.0,-0.8528,-0.5222,-0.866,-0.5,0.107,0.0,SAFE
2019-08-31,Bombay / Colaba,8,Monsoon,27.4,26.6,28.7,2.1,6.1,1002.6,10.65,10,5.0,18.9,72.8167,13.0,19.0,43.1,3.0,10.0,-0.8617,-0.5074,-0.866,-0.5,0.2006,1.7,LOW
2019-09-01,Bombay / Colaba,9,Monsoon,27.0,26.0,28.4,2.4,6.7,1003.3,9.95,10,5.0,18.9,72.8167,16.0,32.0,48.2,13.0,3.0,-0.8703,-0.4925,-1.0,-0.0,0.1866,0.7,LOW
2019-09-02,Bombay / Colaba,9,Monsoon,27.4,26.1,29.1,3.0,6.8,1004.8,8.45,10,5.0,18.9,72.8167,17.0,46.0,58.1,16.0,1.0,-0.8786,-0.4775,-1.0,-0.0,0.1174,0.0,LOW
2019-09-03,Bombay / Colaba,9,Monsoon,26.6,25.4,27.9,2.5,6.7,1004.6,8.65,10,5.0,18.9,72.8167,131.1,164.1,189.2,17.0,114.1,-0.8867,-0.4623,-1.0,-0.0,0.9737,34.4,HIGH
2019-09-04,Bombay / Colaba,9,Monsoon,26.1,24.8,27.1,2.3,6.2,1003.2,10.05,10,5.0,18.9,72.8167,118.1,266.2,301.2,131.1,-13.0,-0.8945,-0.447,-1.0,-0.0,1.0,61.9,HIGH
2019-09-05,Bombay / Colaba,9,Monsoon,26.3,25.6,27.1,1.5,7.3,1002.5,10.75,10,5.0,18.9,72.8167,242.1,491.3,540.3,118.1,124.0,-0.9021,-0.4315,-1.0,-0.0,1.0,103.0,CRITICAL
2019-09-06,Bombay / Colaba,9,Monsoon,26.8,26.2,27.7,1.5,10.6,1002.6,10.65,10,5.0,18.9,72.8167,45.0,405.2,582.3,242.1,-197.1,-0.9094,-0.4159,-1.0,-0.0,0.9477,38.9,MODERATE
2019-09-07,Bombay / Colaba,9,Monsoon,26.7,26.0,27.5,1.5,10.6,1002.9,10.35,10,5.0,18.9,72.8167,23.1,310.2,592.4,45.0,-21.9,-0.9164,-0.4002,-1.0,-0.0,0.6173,43.1,LOW
2019-09-08,Bombay / Colaba,9,Monsoon,26.9,26.2,27.9,1.7,10.2,1004.2,9.05,10,5.0,18.9,72.8167,119.1,187.2,695.5,23.1,96.0,-0.9232,-0.3844,-1.0,-0.0,0.8154,22.0,HIGH
2019-09-09,Bombay / Colaba,9,Monsoon,27.3,26.4,28.4,2.0,10.3,1004.4,8.85,10,5.0,18.9,72.8167,25.9,168.1,704.4,119.1,-93.2,-0.9296,-0.3685,-1.0,-0.0,0.3464,8.4,LOW
2019-09-10,Bombay / Colaba,9,Monsoon,27.8,26.2,32.0,5.8,9.2,1003.8,9.45,10,5.0,18.9,72.8167,54.1,199.1,627.4,25.9,28.2,-0.9358,-0.3524,-1.0,-0.0,0.5448,17.3,MODERATE
2019-09-11,Bombay / Colaba,9,Monsoon,27.9,26.4,29.5,3.1,8.0,1006.3,6.95,10,5.0,18.9,72.8167,7.1,87.1,516.4,54.1,-47.0,-0.9418,-0.3363,-1.0,-0.0,0.1664,9.8,LOW
2019-09-12,Bombay / Colaba,9,Monsoon,27.2,26.4,28.6,2.2,6.9,1008.2,5.05,10,5.0,18.9,72.8167,5.1,66.3,279.4,7.1,-2.0,-0.9474,-0.32,-1.0,-0.0,0.1864,1.9,LOW
2019-09-13,Bombay / Colaba,9,Monsoon,27.1,26.4,28.4,2.0,6.2,1008.6,4.65,10,5.0,18.9,72.8167,40.9,53.1,275.3,5.1,35.8,-0.9528,-0.3037,-1.0,-0.0,0.3926,0.0,LOW
2019-09-14,Bombay / Colaba,9,Monsoon,27.4,26.2,29.0,2.8,5.6,1008.5,4.75,10,5.0,18.9,72.8167,23.1,69.1,275.3,40.9,-17.8,-0.9579,-0.2873,-1.0,-0.0,0.2471,15.2,LOW
2019-09-15,Bombay / Colaba,9,Monsoon,27.2,26.0,28.8,2.8,4.4,1008.9,4.35,10,5.0,18.9,72.8167,31.0,95.0,187.2,23.1,7.9,-0.9627,-0.2707,-1.0,-0.0,0.3325,12.9,LOW
2019-09-16,Bombay / Colaba,9,Monsoon,27.2,26.0,28.9,2.9,4.1,1008.2,5.05,10,5.0,18.9,72.8167,8.9,63.0,170.2,31.0,-22.1,-0.9672,-0.2541,-1.0,-0.0,0.1874,7.7,LOW
2019-09-17,Bombay / Colaba,9,Monsoon,27.3,26.1,29.1,3.0,3.6,1007.1,6.15,10,5.0,18.9,72.8167,5.1,45.0,121.2,8.9,-3.8,-0.9714,-0.2375,-1.0,-0.0,0.0722,5.9,SAFE
2019-09-18,Bombay / Colaba,9,Monsoon,27.2,25.7,28.8,3.1,2.5,1006.9,6.35,10,5.0,18.9,72.8167,7.9,21.9,122.0,5.1,2.8,-0.9753,-0.2207,-1.0,-0.0,0.0085,7.8,SAFE
2019-09-19,Bombay / Colaba,9,Monsoon,27.1,26.0,28.4,2.4,2.5,1005.5,7.75,10,5.0,18.9,72.8167,69.1,82.1,186.0,7.9,61.2,-0.979,-0.2039,-1.0,-0.0,0.3177,16.8,MODERATE
2019-09-20,Bombay / Colaba,9,Monsoon,27.4,25.2,30.3,5.1,8.0,1005.3,7.95,10,5.0,18.9,72.8167,3.0,80.0,148.1,69.1,-66.1,-0.9824,-0.187,-1.0,-0.0,0.0953,9.3,SAFE
2019-09-21,Bombay / Colaba,9,Monsoon,27.7,25.5,30.8,5.3,10.9,1005.2,8.05,10,5.0,18.9,72.8167,55.1,127.2,180.1,3.0,52.1,-0.9854,-0.1701,-1.0,-0.0,0.5493,17.3,MODERATE
2019-09-22,Bombay / Colaba,9,Monsoon,28.3,25.9,31.9,6.0,10.4,1006.6,6.65,10,5.0,18.9,72.8167,0.8,58.9,149.9,55.1,-54.3,-0.9882,-0.1531,-1.0,-0.0,0.0519,12.6,SAFE
2019-09-23,Bombay / Colaba,9,Monsoon,28.4,26.1,31.4,5.3,5.7,1008.4,4.85,10,5.0,18.9,72.8167,0.0,55.9,141.0,0.8,-0.8,-0.9907,-0.1361,-1.0,-0.0,0.0922,4.7,SAFE
2019-09-24,Bombay / Colaba,9,Monsoon,28.1,26.0,30.5,4.5,2.4,1008.1,5.15,10,5.0,18.9,72.8167,0.5,1.3,136.4,0.0,0.5,-0.9929,-0.1191,-1.0,-0.0,0.0,0.0,SAFE
2019-09-25,Bombay / Colaba,9,Monsoon,27.5,25.2,29.7,4.5,2.8,1007.1,6.15,10,5.0,18.9,72.8167,30.0,30.5,158.5,0.5,29.5,-0.9948,-0.102,-1.0,-0.0,0.2838,0.0,LOW
2019-09-26,Bombay / Colaba,9,Monsoon,27.5,26.0,30.1,4.1,6.2,1008.3,4.95,10,5.0,18.9,72.8167,1.0,31.5,90.4,30.0,-29.0,-0.9964,-0.0848,-1.0,-0.0,0.0,3.5,SAFE
2019-09-27,Bombay / Colaba,9,Monsoon,27.3,24.4,29.6,5.2,9.0,1011.2,2.05,10,5.0,18.9,72.8167,29.0,60.0,116.4,1.0,28.0,-0.9977,-0.0677,-1.0,-0.0,0.373,5.0,LOW
2019-09-28,Bombay / Colaba,9,Monsoon,27.7,25.6,30.5,4.9,8.3,1011.3,1.95,10,5.0,18.9,72.8167,1.0,31.0,62.3,29.0,-28.0,-0.9987,-0.0505,-1.0,-0.0,0.2032,0.0,SAFE
2019-09-29,Bombay / Colaba,9,Monsoon,28.0,26.0,31.1,5.1,7.9,1011.5,1.75,10,5.0,18.9,72.8167,0.3,30.3,61.8,1.0,-0.7,-0.9994,-0.0333,-1.0,-0.0,0.0,0.0,SAFE
2019-09-30,Bombay / Colaba,9,Monsoon,28.2,26.2,30.8,4.6,6.4,1011.3,1.95,10,5.0,18.9,72.8167,4.1,5.4,65.9,0.3,3.8,-0.9999,-0.0161,-1.0,-0.0,0.0,0.0,SAFE
2020-07-01,Bombay / Colaba,7,Monsoon,28.6,26.9,30.6,3.7,6.8,1003.1,10.15,10,5.0,18.9,72.8167,8.9,13.3,74.3,4.1,4.8,-0.0065,-1.0,-0.5,-0.866,0.2228,15.0,LOW
2020-07-02,Bombay / Colaba,7,Monsoon,28.1,26.4,30.2,3.8,5.8,1003.0,10.25,10,5.0,18.9,72.8167,7.1,20.1,51.4,8.9,-1.8,-0.0237,-0.9997,-0.5,-0.866,0.0836,9.7,SAFE
2020-07-03,Bombay / Colaba,7,Monsoon,27.2,25.4,28.4,3.0,5.2,1002.7,10.55,10,5.0,18.9,72.8167,10.9,26.9,61.3,7.1,3.8,-0.0408,-0.9992,-0.5,-0.866,0.0,13.1,SAFE
2020-07-04,Bombay / Colaba,7,Monsoon,26.8,25.8,27.7,1.9,5.9,1001.1,12.15,10,5.0,18.9,72.8167,157.0,175.0,189.3,10.9,146.1,-0.058,-0.9983,-0.5,-0.866,0.9339,36.7,HIGH
2020-07-05,Bombay / Colaba,7,Monsoon,27.1,25.2,28.1,2.9,10.7,1000.6,12.65,10,5.0,18.9,72.8167,200.9,368.8,389.2,157.0,43.9,-0.0752,-0.9972,-0.5,-0.866,1.0,61.2,HIGH
2020-07-06,Bombay / Colaba,7,Monsoon,28.3,27.1,29.6,2.5,15.4,1000.1,13.15,10,5.0,18.9,72.8167,116.1,474.0,505.0,200.9,-84.8,-0.0923,-0.9957,-0.5,-0.866,1.0,45.7,HIGH
2020-07-07,Bombay / Colaba,7,Monsoon,28.3,26.0,30.0,4.0,16.6,1000.2,13.05,10,5.0,18.9,72.8167,30.0,347.0,530.9,116.1,-86.1,-0.1094,-0.994,-0.5,-0.866,0.6604,33.0,MODERATE
2020-07-08,Bombay / Colaba,7,Monsoon,28.5,27.0,31.0,4.0,11.0,1003.5,9.75,10,5.0,18.9,72.8167,57.9,204.0,579.9,30.0,27.9,-0.1265,-0.992,-0.5,-0.866,0.6322,26.1,MODERATE
2020-07-09,Bombay / Colaba,7,Monsoon,28.6,27.3,30.8,3.5,8.8,1004.2,9.05,10,5.0,18.9,72.8167,20.1,108.0,592.9,57.9,-37.8,-0.1436,-0.9896,-0.5,-0.866,0.4494,16.3,LOW
2020-07-10,Bombay / Colaba,7,Monsoon,28.8,27.4,30.9,3.5,9.3,1004.2,9.05,10,5.0,18.9,72.8167,6.1,84.1,588.1,20.1,-14.0,-0.1606,-0.987,-0.5,-0.866,0.1595,4.1,SAFE
2020-07-11,Bombay / Colaba,7,Monsoon,28.6,27.4,30.4,3.0,9.0,1004.3,8.95,10,5.0,18.9,72.8167,1.0,27.2,432.1,6.1,-5.1,-0.1775,-0.9841,-0.5,-0.866,0.1918,7.6,SAFE
2020-07-12,Bombay / Colaba,7,Monsoon,28.2,26.0,30.0,4.0,6.8,1004.6,8.65,10,5.0,18.9,72.8167,22.1,29.2,253.3,1.0,21.1,-0.1944,-0.9809,-0.5,-0.866,0.3377,5.3,LOW
2020-07-13,Bombay / Colaba,7,Monsoon,27.4,25.6,29.0,3.4,6.5,1004.2,9.05,10,5.0,18.9,72.8167,70.1,93.2,207.3,22.1,48.0,-0.2113,-0.9774,-0.5,-0.866,0.6742,23.1,MODERATE
2020-07-14,Bombay / Colaba,7,Monsoon,27.2,26.2,28.6,2.4,4.6,1003.5,9.75,10,5.0,18.9,72.8167,26.9,119.1,204.2,70.1,-43.2,-0.2281,-0.9736,-0.5,-0.866,0.3764,11.2,LOW
2020-07-15,Bombay / Colaba,7,Monsoon,26.6,25.6,27.8,2.2,3.6,1002.1,11.15,10,5.0,18.9,72.8167,97.0,194.0,243.3,26.9,70.1,-0.2448,-0.9696,-0.5,-0.866,0.6032,52.6,MODERATE
2020-07-16,Bombay / Colaba,7,Monsoon,26.7,25.4,27.9,2.5,7.1,999.8,13.45,10,5.0,18.9,72.8167,191.0,314.9,414.2,97.0,94.0,-0.2614,-0.9652,-0.5,-0.866,1.0,59.0,HIGH
2020-07-17,Bombay / Colaba,7,Monsoon,27.6,26.1,29.8,3.7,10.6,999.2,14.05,10,5.0,18.9,72.8167,154.9,442.9,563.0,191.0,-36.1,-0.278,-0.9606,-0.5,-0.866,1.0,65.0,HIGH
2020-07-18,Bombay / Colaba,7,Monsoon,27.8,26.4,30.0,3.6,8.6,1001.9,11.35,10,5.0,18.9,72.8167,54.1,400.0,616.1,154.9,-100.8,-0.2945,-0.9557,-0.5,-0.866,0.8953,48.1,MODERATE
2020-07-19,Bombay / Colaba,7,Monsoon,28.6,26.8,31.0,4.2,6.1,1004.9,8.35,10,5.0,18.9,72.8167,7.9,216.9,601.9,54.1,-46.2,-0.3109,-0.9505,-0.5,-0.866,0.5814,34.6,LOW
2020-07-20,Bombay / Colaba,7,Monsoon,28.8,27.4,31.0,3.6,3.6,1004.2,9.05,10,5.0,18.9,72.8167,6.1,68.1,537.9,7.9,-1.8,-0.3272,-0.945,-0.5,-0.866,0.2563,6.9,LOW
2020-07-21,Bombay / Colaba,7,Monsoon,28.8,27.3,30.7,3.4,6.0,1004.2,9.05,10,5.0,18.9,72.8167,4.1,18.1,515.1,6.1,-2.0,-0.3434,-0.9392,-0.5,-0.866,0.1407,0.0,SAFE
2020-07-22,Bombay / Colaba,7,Monsoon,28.9,27.2,31.2,4.0,4.3,1005.7,7.55,10,5.0,18.9,72.8167,0.0,10.2,418.1,4.1,-4.1,-0.3595,-0.9332,-0.5,-0.866,0.1627,0.0,SAFE
2020-07-23,Bombay / Colaba,7,Monsoon,28.5,27.1,30.6,3.5,1.6,1005.3,7.95,10,5.0,18.9,72.8167,49.0,53.1,276.1,0.0,49.0,-0.3755,-0.9268,-0.5,-0.866,0.393,17.6,LOW
2020-07-24,Bombay / Colaba,7,Monsoon,28.1,26.0,29.6,3.6,2.4,1005.6,7.65,10,5.0,18.9,72.8167,18.0,67.0,139.2,49.0,-31.0,-0.3914,-0.9202,-0.5,-0.866,0.0,8.6,SAFE
2020-07-25,Bombay / Colaba,7,Monsoon,27.9,26.3,29.8,3.5,4.7,1005.7,7.55,10,5.0,18.9,72.8167,9.9,76.9,95.0,18.0,-8.1,-0.4071,-0.9134,-0.5,-0.866,0.1458,10.0,LOW
2020-07-26,Bombay / Colaba,7,Monsoon,28.0,26.2,31.1,4.9,5.8,1006.6,6.65,10,5.0,18.9,72.8167,8.9,36.8,96.0,9.9,-1.0,-0.4228,-0.9062,-0.5,-0.866,0.2587,0.0,LOW
2020-07-27,Bombay / Colaba,7,Monsoon,27.6,25.4,30.0,4.6,4.5,1007.7,5.55,10,5.0,18.9,72.8167,101.1,119.9,191.0,8.9,92.2,-0.4383,-0.8988,-0.5,-0.866,0.6339,17.8,MODERATE
2020-07-28,Bombay / Colaba,7,Monsoon,27.5,25.4,29.7,4.3,2.4,1006.6,6.65,10,5.0,18.9,72.8167,29.0,139.0,215.9,101.1,-72.1,-0.4537,-0.8912,-0.5,-0.866,0.3634,16.4,LOW
2020-07-29,Bombay / Colaba,7,Monsoon,27.3,25.8,28.9,3.1,1.9,1004.6,8.65,10,5.0,18.9,72.8167,8.9,139.0,224.8,29.0,-20.1,-0.469,-0.8832,-0.5,-0.866,0.1766,10.6,LOW
2020-07-30,Bombay / Colaba,7,Monsoon,27.5,26.0,29.5,3.5,2.4,1004.1,9.15,10,5.0,18.9,72.8167,18.0,55.9,193.8,8.9,9.1,-0.4841,-0.875,-0.5,-0.866,0.3945,7.0,LOW
2020-07-31,Bombay / Colaba,7,Monsoon,27.9,26.2,29.7,3.5,3.5,1003.9,9.35,10,5.0,18.9,72.8167,8.9,35.8,184.7,18.0,-9.1,-0.4991,-0.8666,-0.5,-0.866,0.3081,4.4,LOW
2020-08-01,Bombay / Colaba,8,Monsoon,28.1,26.6,30.2,3.6,4.1,1003.3,9.95,10,5.0,18.9,72.8167,0.5,27.4,175.3,8.9,-8.4,-0.5139,-0.8578,-0.866,-0.5,0.0,3.6,SAFE
2020-08-02,Bombay / Colaba,8,Monsoon,28.2,26.6,30.4,3.8,6.9,1002.6,10.65,10,5.0,18.9,72.8167,0.3,9.7,166.7,0.5,-0.2,-0.5286,-0.8489,-0.866,-0.5,0.0648,0.0,SAFE
2020-08-03,Bombay / Colaba,8,Monsoon,27.8,26.7,29.3,2.6,8.6,1000.8,12.45,10,5.0,18.9,72.8167,3.0,3.8,68.6,0.3,2.7,-0.5431,-0.8397,-0.866,-0.5,0.0,2.7,SAFE
2020-08-04,Bombay / Colaba,8,Monsoon,26.9,25.4,27.5,2.1,12.3,997.6,15.65,10,5.0,18.9,72.8167,0.0,3.3,39.6,3.0,-3.0,-0.5575,-0.8302,-0.866,-0.5,0.0,0.0,SAFE
2020-08-05,Bombay / Colaba,8,Monsoon,26.3,23.4,27.4,4.0,12.8,995.3,17.95,10,5.0,18.9,72.8167,84.1,87.1,114.8,0.0,84.1,-0.5717,-0.8205,-0.866,-0.5,0.638,28.3,MODERATE
2020-08-06,Bombay / Colaba,8,Monsoon,26.6,25.4,27.5,2.1,18.0,995.8,17.45,10,5.0,18.9,72.8167,16.0,100.1,112.8,84.1,-68.1,-0.5857,-0.8105,-0.866,-0.5,0.3487,2.2,LOW
2020-08-07,Bombay / Colaba,8,Monsoon,28.0,26.6,29.7,3.1,16.4,1000.7,12.55,10,5.0,18.9,72.8167,79.0,179.1,182.9,16.0,63.0,-0.5996,-0.8003,-0.866,-0.5,0.7318,24.3,MODERATE
2020-08-08,Bombay / Colaba,8,Monsoon,28.2,27.4,29.7,2.3,13.7,1004.2,9.05,10,5.0,18.9,72.8167,11.9,106.9,194.3,79.0,-67.1,-0.6132,-0.7899,-0.866,-0.5,0.5614,13.8,LOW
2020-08-09,Bombay / Colaba,8,Monsoon,28.3,27.4,30.8,3.4,10.3,1004.1,9.15,10,5.0,18.9,72.8167,19.1,110.0,213.1,11.9,7.2,-0.6267,-0.7792,-0.866,-0.5,0.1859,11.8,LOW
2020-08-10,Bombay / Colaba,8,Monsoon,27.8,27.0,29.2,2.2,7.5,1003.7,9.55,10,5.0,18.9,72.8167,0.5,31.5,210.6,19.1,-18.6,-0.64,-0.7683,-0.866,-0.5,0.0,0.0,SAFE
2020-08-11,Bombay / Colaba,8,Monsoon,27.5,26.7,29.0,2.3,8.0,1004.9,8.35,10,5.0,18.9,72.8167,5.1,24.7,215.7,0.5,4.6,-0.6532,-0.7572,-0.866,-0.5,0.0546,6.0,SAFE
2020-08-12,Bombay / Colaba,8,Monsoon,27.2,26.0,28.0,2.0,9.8,1006.6,6.65,10,5.0,18.9,72.8167,31.0,36.6,162.6,5.1,25.9,-0.6661,-0.7459,-0.866,-0.5,0.0786,0.0,LOW
2020-08-13,Bombay / Colaba,8,Monsoon,27.0,26.5,28.4,1.9,11.2,1005.1,8.15,10,5.0,18.9,72.8167,41.9,78.0,188.5,31.0,10.9,-0.6788,-0.7343,-0.866,-0.5,0.2031,15.5,LOW
2020-08-14,Bombay / Colaba,8,Monsoon,26.5,25.4,27.1,1.7,13.2,1002.9,10.35,10,5.0,18.9,72.8167,40.9,113.8,150.4,41.9,-1.0,-0.6914,-0.7225,-0.866,-0.5,0.3034,22.7,LOW
2020-08-15,Bombay / Colaba,8,Monsoon,26.5,26.0,27.0,1.0,13.7,1002.3,10.95,10,5.0,18.9,72.8167,59.9,142.7,198.4,40.9,19.0,-0.7037,-0.7105,-0.866,-0.5,0.4501,13.4,MODERATE
2020-08-16,Bombay / Colaba,8,Monsoon,27.1,26.3,28.0,1.7,11.5,1003.2,10.05,10,5.0,18.9,72.8167,19.1,119.9,198.4,59.9,-40.8,-0.7158,-0.6983,-0.866,-0.5,0.2084,6.0,LOW
2020-08-17,Bombay / Colaba,8,Monsoon,27.2,26.6,28.0,1.4,11.6,1002.9,10.35,10,5.0,18.9,72.8167,7.9,86.9,205.8,19.1,-11.2,-0.7277,-0.6859,-0.866,-0.5,0.2576,10.0,LOW
2020-08-18,Bombay / Colaba,8,Monsoon,27.3,26.4,28.4,2.0,11.3,1004.2,9.05,10,5.0,18.9,72.8167,45.0,72.0,245.7,7.9,37.1,-0.7394,-0.6733,-0.866,-0.5,0.3132,5.4,LOW
2020-08-19,Bombay / Colaba,8,Monsoon,27.3,26.0,29.0,3.0,9.5,1004.0,9.25,10,5.0,18.9,72.8167,10.9,63.8,225.6,45.0,-34.1,-0.7509,-0.6605,-0.866,-0.5,0.1647,1.8,LOW
2020-08-20,Bombay / Colaba,8,Monsoon,26.9,26.0,27.7,1.7,8.4,1003.1,10.15,10,5.0,18.9,72.8167,23.1,79.0,206.8,10.9,12.2,-0.7621,-0.6474,-0.866,-0.5,0.3612,13.8,LOW
2020-08-21,Bombay / Colaba,8,Monsoon,26.4,25.0,27.3,2.3,12.6,1004.0,9.25,10,5.0,18.9,72.8167,32.0,66.0,197.9,23.1,8.9,-0.7731,-0.6342,-0.866,-0.5,0.2119,7.1,LOW
2020-08-22,Bombay / Colaba,8,Monsoon,27.3,26.2,28.5,2.3,12.8,1005.0,8.25,10,5.0,18.9,72.8167,65.0,120.1,203.0,32.0,33.0,-0.7839,-0.6208,-0.866,-0.5,0.5107,17.8,MODERATE
2020-08-23,Bombay / Colaba,8,Monsoon,27.9,26.8,29.4,2.6,12.3,1005.6,7.65,10,5.0,18.9,72.8167,14.0,111.0,197.9,65.0,-51.0,-0.7945,-0.6073,-0.866,-0.5,0.3082,11.9,LOW
2020-08-24,Bombay / Colaba,8,Monsoon,28.4,27.0,30.1,3.1,13.0,1006.1,7.15,10,5.0,18.9,72.8167,7.9,86.9,197.9,14.0,-6.1,-0.8048,-0.5935,-0.866,-0.5,0.0,8.8,SAFE
2020-08-25,Bombay / Colaba,8,Monsoon,28.7,27.1,31.0,3.9,10.1,1008.2,5.05,10,5.0,18.9,72.8167,13.0,34.9,165.9,7.9,5.1,-0.8149,-0.5796,-0.866,-0.5,0.0,7.3,SAFE
2020-08-26,Bombay / Colaba,8,Monsoon,28.7,27.1,31.1,4.0,7.3,1008.9,4.35,10,5.0,18.9,72.8167,4.1,25.0,159.1,13.0,-8.9,-0.8248,-0.5655,-0.866,-0.5,0.1277,1.2,SAFE
2020-08-27,Bombay / Colaba,8,Monsoon,28.3,26.7,30.5,3.8,6.8,1007.6,5.65,10,5.0,18.9,72.8167,2.0,19.1,138.0,4.1,-2.1,-0.8344,-0.5512,-0.866,-0.5,0.1236,3.2,SAFE
2020-08-28,Bombay / Colaba,8,Monsoon,27.3,25.4,29.0,3.6,7.7,1006.1,7.15,10,5.0,18.9,72.8167,5.1,11.2,111.1,2.0,3.1,-0.8437,-0.5368,-0.866,-0.5,0.2924,1.1,LOW
2020-08-29,Bombay / Colaba,8,Monsoon,26.4,25.0,27.8,2.8,6.9,1005.3,7.95,10,5.0,18.9,72.8167,85.1,92.2,131.2,5.1,80.0,-0.8528,-0.5222,-0.866,-0.5,0.6137,28.8,MODERATE
2020-08-30,Bombay / Colaba,8,Monsoon,26.6,25.6,28.2,2.6,9.7,1005.5,7.75,10,5.0,18.9,72.8167,53.1,143.3,170.3,85.1,-32.0,-0.8617,-0.5074,-0.866,-0.5,0.5999,8.1,MODERATE
2020-08-31,Bombay / Colaba,8,Monsoon,27.7,26.1,30.2,4.1,9.5,1007.2,6.05,10,5.0,18.9,72.8167,46.0,184.2,208.4,53.1,-7.1,-0.8703,-0.4925,-0.866,-0.5,0.5191,24.2,MODERATE
2020-09-01,Bombay / Colaba,9,Monsoon,28.1,26.4,30.9,4.5,4.2,1008.8,4.45,10,5.0,18.9,72.8167,8.9,108.0,204.3,46.0,-37.1,-0.8786,-0.4775,-1.0,-0.0,0.271,2.7,LOW
2020-09-02,Bombay / Colaba,9,Monsoon,28.4,26.2,31.2,5.0,3.2,1008.3,4.95,10,5.0,18.9,72.8167,10.9,65.8,211.1,8.9,2.0,-0.8867,-0.4623,-1.0,-0.0,0.3616,7.8,LOW
2020-09-03,Bombay / Colaba,9,Monsoon,28.6,26.6,31.0,4.4,3.4,1007.1,6.15,10,5.0,18.9,72.8167,0.0,19.8,209.1,10.9,-10.9,-0.8945,-0.447,-1.0,-0.0,0.0,0.0,SAFE
2020-09-04,Bombay / Colaba,9,Monsoon,28.9,26.5,31.6,5.1,3.7,1006.5,6.75,10,5.0,18.9,72.8167,0.0,10.9,204.0,0.0,0.0,-0.9021,-0.4315,-1.0,-0.0,0.0931,0.0,SAFE
2020-09-05,Bombay / Colaba,9,Monsoon,29.2,26.9,32.0,5.1,3.2,1006.1,7.15,10,5.0,18.9,72.8167,7.1,7.1,126.0,0.0,7.1,-0.9094,-0.4159,-1.0,-0.0,0.3037,2.3,LOW
2020-09-06,Bombay / Colaba,9,Monsoon,29.4,27.2,32.6,5.4,2.1,1005.3,7.95,10,5.0,18.9,72.8167,0.0,7.1,72.9,7.1,-7.1,-0.9164,-0.4002,-1.0,-0.0,0.0736,1.6,SAFE
2020-09-07,Bombay / Colaba,9,Monsoon,29.0,26.4,31.4,5.0,3.0,1005.9,7.35,10,5.0,18.9,72.8167,10.9,18.0,37.8,0.0,10.9,-0.9232,-0.3844,-1.0,-0.0,0.2881,7.6,LOW
2020-09-08,Bombay / Colaba,9,Monsoon,28.6,26.7,30.8,4.1,2.4,1006.8,6.45,10,5.0,18.9,72.8167,0.5,11.4,29.4,10.9,-10.4,-0.9296,-0.3685,-1.0,-0.0,0.0,0.0,SAFE
2020-09-09,Bombay / Colaba,9,Monsoon,29.0,26.7,31.6,4.9,3.0,1005.6,7.65,10,5.0,18.9,72.8167,0.0,11.4,18.5,0.5,-0.5,-0.9358,-0.3524,-1.0,-0.0,0.0471,3.1,SAFE
2020-09-10,Bombay / Colaba,9,Monsoon,28.8,27.1,31.2,4.1,2.6,1003.7,9.55,10,5.0,18.9,72.8167,6.1,6.6,24.6,0.0,6.1,-0.9418,-0.3363,-1.0,-0.0,0.0773,3.7,SAFE
2020-09-11,Bombay / Colaba,9,Monsoon,28.3,26.9,30.0,3.1,2.6,1003.0,10.25,10,5.0,18.9,72.8167,0.0,6.1,24.6,6.1,-6.1,-0.9474,-0.32,-1.0,-0.0,0.0,2.8,SAFE
2020-09-12,Bombay / Colaba,9,Monsoon,28.1,26.2,30.7,4.5,6.3,1004.0,9.25,10,5.0,18.9,72.8167,10.9,17.0,28.4,0.0,10.9,-0.9528,-0.3037,-1.0,-0.0,0.0,0.0,SAFE
2020-09-13,Bombay / Colaba,9,Monsoon,27.7,26.3,29.5,3.2,6.8,1006.3,6.95,10,5.0,18.9,72.8167,25.9,36.8,54.3,10.9,15.0,-0.9579,-0.2873,-1.0,-0.0,0.1029,6.7,LOW
2020-09-14,Bombay / Colaba,9,Monsoon,27.5,26.0,29.4,3.4,3.9,1006.5,6.75,10,5.0,18.9,72.8167,3.0,39.8,46.4,25.9,-22.9,-0.9627,-0.2707,-1.0,-0.0,0.1944,5.5,LOW
2020-09-15,Bombay / Colaba,9,Monsoon,27.4,26.1,29.2,3.1,3.4,1006.1,7.15,10,5.0,18.9,72.8167,7.1,36.0,53.0,3.0,4.1,-0.9672,-0.2541,-1.0,-0.0,0.2144,3.0,LOW
2020-09-16,Bombay / Colaba,9,Monsoon,27.3,26.0,29.0,3.0,1.9,1006.3,6.95,10,5.0,18.9,72.8167,3.0,13.1,56.0,7.1,-4.1,-0.9714,-0.2375,-1.0,-0.0,0.102,0.0,SAFE
2020-09-17,Bombay / Colaba,9,Monsoon,27.3,26.1,29.1,3.0,2.0,1006.7,6.55,10,5.0,18.9,72.8167,15.0,25.1,64.9,3.0,12.0,-0.9753,-0.2207,-1.0,-0.0,0.2325,6.6,LOW
2020-09-18,Bombay / Colaba,9,Monsoon,26.7,25.4,28.8,3.4,2.1,1006.2,7.05,10,5.0,18.9,72.8167,0.0,18.0,64.9,15.0,-15.0,-0.979,-0.2039,-1.0,-0.0,0.0431,12.6,SAFE
2020-09-19,Bombay / Colaba,9,Monsoon,26.7,25.6,28.3,2.7,2.5,1004.1,9.15,10,5.0,18.9,72.8167,2.0,17.0,56.0,0.0,2.0,-0.9824,-0.187,-1.0,-0.0,0.195,0.1,SAFE
2020-09-20,Bombay / Colaba,9,Monsoon,27.4,26.0,29.6,3.6,2.3,1002.1,11.15,10,5.0,18.9,72.8167,11.9,13.9,42.0,2.0,9.9,-0.9854,-0.1701,-1.0,-0.0,0.1146,0.0,LOW
2020-09-21,Bombay / Colaba,9,Monsoon,27.8,26.3,29.6,3.3,2.8,1000.7,12.55,10,5.0,18.9,72.8167,0.0,13.9,39.0,11.9,-11.9,-0.9882,-0.1531,-1.0,-0.0,0.0603,3.1,SAFE
2020-09-22,Bombay / Colaba,9,Monsoon,27.2,26.0,27.8,1.8,4.2,1001.1,12.15,10,5.0,18.9,72.8167,23.1,35.0,55.0,0.0,23.1,-0.9907,-0.1361,-1.0,-0.0,0.1734,11.0,LOW
2020-09-23,Bombay / Colaba,9,Monsoon,27.1,25.4,28.6,3.2,6.1,1002.9,10.35,10,5.0,18.9,72.8167,286.0,309.1,338.0,23.1,262.9,-0.9929,-0.1191,-1.0,-0.0,1.0,28.8,CRITICAL
2020-09-24,Bombay / Colaba,9,Monsoon,27.6,25.2,30.2,5.0,4.5,1006.3,6.95,10,5.0,18.9,72.8167,109.0,418.1,432.0,286.0,-177.0,-0.9948,-0.102,-1.0,-0.0,1.0,32.6,HIGH
2020-09-25,Bombay / Colaba,9,Monsoon,27.7,26.0,30.2,4.2,3.4,1007.7,5.55,10,5.0,18.9,72.8167,2.0,397.0,434.0,109.0,-107.0,-0.9964,-0.0848,-1.0,-0.0,0.7414,38.8,LOW
2020-09-26,Bombay / Colaba,9,Monsoon,28.0,26.2,31.6,5.4,3.7,1007.5,5.75,10,5.0,18.9,72.8167,0.0,111.0,432.0,2.0,-2.0,-0.9977,-0.0677,-1.0,-0.0,0.081,10.9,SAFE
2020-09-27,Bombay / Colaba,9,Monsoon,28.2,26.0,30.8,4.8,3.4,1008.4,4.85,10,5.0,18.9,72.8167,0.0,2.0,420.1,0.0,0.0,-0.9987,-0.0505,-1.0,-0.0,0.0,0.0,SAFE
2020-09-28,Bombay / Colaba,9,Monsoon,28.2,25.7,31.0,5.3,2.5,1008.9,4.35,10,5.0,18.9,72.8167,0.0,0.0,420.1,0.0,0.0,-0.9994,-0.0333,-1.0,-0.0,0.0,0.0,SAFE
2020-09-29,Bombay / Colaba,9,Monsoon,28.2,25.8,31.0,5.2,2.8,1008.5,4.75,10,5.0,18.9,72.8167,0.0,0.0,397.0,0.0,0.0,-0.9999,-0.0161,-1.0,-0.0,0.0,0.0,SAFE
2020-09-30,Bombay / Colaba,9,Monsoon,28.2,25.7,31.2,5.5,2.7,1007.7,5.55,10,5.0,18.9,72.8167,0.0,0.0,111.0,0.0,0.0,-1.0,0.0011,-1.0,-0.0,0.0,0.0,SAFE
2021-07-01,Bombay / Colaba,7,Monsoon,29.2,27.6,31.0,3.4,6.2,1005.3,7.95,10,5.0,18.9,72.8167,5.1,5.1,7.1,0.0,5.1,0.0108,-0.9999,-0.5,-0.866,0.1599,0.0,SAFE
2021-07-02,Bombay / Colaba,7,Monsoon,29.7,28.0,31.7,3.7,8.6,1005.4,7.85,10,5.0,18.9,72.8167,0.3,5.4,5.4,5.1,-4.8,-0.0065,-1.0,-0.5,-0.866,0.0,4.8,SAFE
2021-07-03,Bombay / Colaba,7,Monsoon,30.0,28.2,32.4,4.2,5.1,1006.2,7.05,10,5.0,18.9,72.8167,2.0,7.4,7.4,0.3,1.7,-0.0237,-0.9997,-0.5,-0.866,0.0334,0.7,SAFE
2021-07-04,Bombay / Colaba,7,Monsoon,29.9,28.0,32.2,4.2,4.1,1006.8,6.45,10,5.0,18.9,72.8167,0.0,2.3,7.4,2.0,-2.0,-0.0408,-0.9992,-0.5,-0.866,0.0,0.0,SAFE
2021-07-05,Bombay / Colaba,7,Monsoon,30.2,28.1,32.5,4.4,3.5,1006.6,6.65,10,5.0,18.9,72.8167,1.8,3.8,9.2,0.0,1.8,-0.058,-0.9983,-0.5,-0.866,0.2096,0.9,LOW
2021-07-06,Bombay / Colaba,7,Monsoon,29.5,27.7,31.9,4.2,2.8,1005.5,7.75,10,5.0,18.9,72.8167,0.0,1.8,9.2,1.8,-1.8,-0.0752,-0.9972,-0.5,-0.866,0.0,0.0,SAFE
2021-07-07,Bombay / Colaba,7,Monsoon,29.5,27.5,31.5,4.0,2.3,1005.3,7.95,10,5.0,18.9,72.8167,18.0,19.8,27.2,0.0,18.0,-0.0923,-0.9957,-0.5,-0.866,0.1234,11.3,LOW
2021-07-08,Bombay / Colaba,7,Monsoon,29.1,27.9,30.9,3.0,3.6,1005.4,7.85,10,5.0,18.9,72.8167,1.0,19.0,23.1,18.0,-17.0,-0.1094,-0.994,-0.5,-0.866,0.1961,1.0,SAFE
2021-07-09,Bombay / Colaba,7,Monsoon,27.9,26.2,29.0,2.8,2.5,1003.7,9.55,10,5.0,18.9,72.8167,72.9,91.9,95.7,1.0,71.9,-0.1265,-0.992,-0.5,-0.866,0.436,15.4,MODERATE
2021-07-10,Bombay / Colaba,7,Monsoon,27.4,26.4,28.7,2.3,1.9,1002.6,10.65,10,5.0,18.9,72.8167,27.9,101.8,121.6,72.9,-45.0,-0.1436,-0.9896,-0.5,-0.866,0.2303,17.7,LOW
2021-07-11,Bombay / Colaba,7,Monsoon,27.0,25.4,28.1,2.7,2.5,1001.5,11.75,10,5.0,18.9,72.8167,17.0,117.8,138.6,27.9,-10.9,-0.1606,-0.987,-0.5,-0.866,0.0482,15.6,SAFE
2021-07-12,Bombay / Colaba,7,Monsoon,26.6,26.0,27.4,1.4,5.2,1000.0,13.25,10,5.0,18.9,72.8167,3.0,47.9,139.8,17.0,-14.0,-0.1775,-0.9841,-0.5,-0.866,0.2958,10.1,LOW
2021-07-13,Bombay / Colaba,7,Monsoon,26.7,26.1,27.3,1.2,6.3,1001.0,12.25,10,5.0,18.9,72.8167,55.1,75.1,194.9,3.0,52.1,-0.1944,-0.9809,-0.5,-0.866,0.3308,23.5,LOW
2021-07-14,Bombay / Colaba,7,Monsoon,26.4,25.0,27.3,2.3,5.1,1002.5,10.75,10,5.0,18.9,72.8167,89.9,148.0,266.8,55.1,34.8,-0.2113,-0.9774,-0.5,-0.866,0.6915,19.3,MODERATE
2021-07-15,Bombay / Colaba,7,Monsoon,26.7,25.6,28.2,2.6,5.3,1001.2,12.05,10,5.0,18.9,72.8167,8.9,153.9,274.7,89.9,-81.0,-0.2281,-0.9736,-0.5,-0.866,0.2131,18.5,LOW
2021-07-16,Bombay / Colaba,7,Monsoon,26.9,25.9,28.6,2.7,4.8,1003.4,9.85,10,5.0,18.9,72.8167,253.0,351.8,454.8,8.9,244.1,-0.2448,-0.9696,-0.5,-0.866,1.0,52.1,CRITICAL
2021-07-17,Bombay / Colaba,7,Monsoon,27.4,26.0,29.0,3.0,4.7,1005.4,7.85,10,5.0,18.9,72.8167,31.0,292.9,457.9,253.0,-222.0,-0.2614,-0.9652,-0.5,-0.866,0.5882,19.7,LOW
2021-07-18,Bombay / Colaba,7,Monsoon,27.1,26.4,28.4,2.0,5.3,1004.8,8.45,10,5.0,18.9,72.8167,235.0,519.0,675.9,31.0,204.0,-0.278,-0.9606,-0.5,-0.866,1.0,71.4,CRITICAL
2021-07-19,Bombay / Colaba,7,Monsoon,26.4,26.0,26.9,0.9,7.4,1004.1,9.15,10,5.0,18.9,72.8167,70.1,336.1,743.0,235.0,-164.9,-0.2945,-0.9557,-0.5,-0.866,0.9344,40.4,MODERATE
2021-07-20,Bombay / Colaba,7,Monsoon,27.2,26.2,29.0,2.8,9.6,1005.6,7.65,10,5.0,18.9,72.8167,38.1,343.2,726.0,70.1,-32.0,-0.3109,-0.9505,-0.5,-0.866,0.5881,52.0,MODERATE
2021-07-21,Bombay / Colaba,7,Monsoon,27.2,26.2,27.6,1.4,11.4,1005.3,7.95,10,5.0,18.9,72.8167,23.9,132.1,660.0,38.1,-14.2,-0.3272,-0.945,-0.5,-0.866,0.2631,21.7,LOW
2021-07-22,Bombay / Colaba,7,Monsoon,27.3,26.7,27.8,1.1,12.4,1002.3,10.95,10,5.0,18.9,72.8167,57.9,119.9,709.0,23.9,34.0,-0.3434,-0.9392,-0.5,-0.866,0.2815,23.5,LOW
2021-07-23,Bombay / Colaba,7,Monsoon,27.5,26.9,27.8,0.9,11.9,1001.5,11.75,10,5.0,18.9,72.8167,19.1,100.9,475.1,57.9,-38.8,-0.3595,-0.9332,-0.5,-0.866,0.1307,18.0,LOW
2021-07-24,Bombay / Colaba,7,Monsoon,28.1,27.0,30.0,3.0,10.3,1003.2,10.05,10,5.0,18.9,72.8167,6.1,83.1,450.2,19.1,-13.0,-0.3755,-0.9268,-0.5,-0.866,0.2072,1.1,LOW
2021-07-25,Bombay / Colaba,7,Monsoon,28.4,27.6,29.7,2.1,11.6,1004.2,9.05,10,5.0,18.9,72.8167,22.1,47.3,237.3,6.1,16.0,-0.3914,-0.9202,-0.5,-0.866,0.0085,4.9,SAFE
2021-07-26,Bombay / Colaba,7,Monsoon,28.3,27.4,29.7,2.3,12.7,1004.8,8.45,10,5.0,18.9,72.8167,4.1,32.3,171.3,22.1,-18.0,-0.4071,-0.9134,-0.5,-0.866,0.0,5.5,SAFE
2021-07-27,Bombay / Colaba,7,Monsoon,28.3,27.5,29.8,2.3,12.2,1004.4,8.85,10,5.0,18.9,72.8167,4.1,30.3,137.3,4.1,0.0,-0.4228,-0.9062,-0.5,-0.866,0.099,6.6,SAFE
2021-07-28,Bombay / Colaba,7,Monsoon,28.0,27.4,29.1,1.7,12.0,1004.7,8.55,10,5.0,18.9,72.8167,14.0,22.2,127.4,4.1,9.9,-0.4383,-0.8988,-0.5,-0.866,0.0796,4.3,SAFE
2021-07-29,Bombay / Colaba,7,Monsoon,27.9,27.3,29.0,1.7,11.8,1005.7,7.55,10,5.0,18.9,72.8167,6.1,24.2,75.6,14.0,-7.9,-0.4537,-0.8912,-0.5,-0.866,0.3093,8.7,LOW
2021-07-30,Bombay / Colaba,7,Monsoon,28.1,27.6,29.0,1.4,11.4,1006.7,6.55,10,5.0,18.9,72.8167,4.1,24.2,60.6,6.1,-2.0,-0.469,-0.8832,-0.5,-0.866,0.2827,9.8,LOW
2021-07-31,Bombay / Colaba,7,Monsoon,28.5,27.4,30.1,2.7,12.8,1007.5,5.75,10,5.0,18.9,72.8167,3.0,13.2,57.5,4.1,-1.1,-0.4841,-0.875,-0.5,-0.866,0.0,0.0,SAFE
2021-08-01,Bombay / Colaba,8,Monsoon,28.6,27.8,29.9,2.1,11.5,1006.8,6.45,10,5.0,18.9,72.8167,5.1,12.2,40.5,3.0,2.1,-0.4991,-0.8666,-0.866,-0.5,0.1356,0.0,SAFE
2021-08-02,Bombay / Colaba,8,Monsoon,28.3,27.4,30.2,2.8,10.9,1006.4,6.85,10,5.0,18.9,72.8167,6.1,14.2,42.5,5.1,1.0,-0.5139,-0.8578,-0.866,-0.5,0.1638,1.5,SAFE
2021-08-03,Bombay / Colaba,8,Monsoon,28.3,27.5,29.9,2.4,10.6,1007.7,5.55,10,5.0,18.9,72.8167,6.1,17.3,44.5,6.1,0.0,-0.5286,-0.8489,-0.866,-0.5,0.027,4.1,SAFE
2021-08-04,Bombay / Colaba,8,Monsoon,28.4,27.4,29.9,2.5,11.7,1007.9,5.35,10,5.0,18.9,72.8167,19.1,31.3,49.6,6.1,13.0,-0.5431,-0.8397,-0.866,-0.5,0.0188,2.2,SAFE
2021-08-05,Bombay / Colaba,8,Monsoon,28.6,27.4,30.4,3.0,11.0,1006.4,6.85,10,5.0,18.9,72.8167,4.1,29.3,47.6,19.1,-15.0,-0.5575,-0.8302,-0.866,-0.5,0.0965,9.3,SAFE
2021-08-06,Bombay / Colaba,8,Monsoon,28.8,27.4,30.9,3.5,9.7,1005.3,7.95,10,5.0,18.9,72.8167,0.0,23.2,43.5,4.1,-4.1,-0.5717,-0.8205,-0.866,-0.5,0.05,4.3,SAFE
2021-08-07,Bombay / Colaba,8,Monsoon,28.8,27.4,30.6,3.2,6.5,1005.8,7.45,10,5.0,18.9,72.8167,0.5,4.6,41.0,0.0,0.5,-0.5857,-0.8105,-0.866,-0.5,0.0,0.0,SAFE
2021-08-08,Bombay / Colaba,8,Monsoon,28.5,27.0,30.1,3.1,4.1,1006.9,6.35,10,5.0,18.9,72.8167,3.0,3.5,38.9,0.5,2.5,-0.5996,-0.8003,-0.866,-0.5,0.1,0.0,SAFE
2021-08-09,Bombay / Colaba,8,Monsoon,28.5,26.6,30.8,4.2,4.8,1008.2,5.05,10,5.0,18.9,72.8167,0.5,4.0,33.3,3.0,-2.5,-0.6132,-0.7899,-0.866,-0.5,0.0,0.0,SAFE
2021-08-10,Bombay / Colaba,8,Monsoon,28.7,26.8,30.8,4.0,5.1,1008.5,4.75,10,5.0,18.9,72.8167,0.3,3.8,27.5,0.5,-0.2,-0.6267,-0.7792,-0.866,-0.5,0.0,0.0,SAFE
2021-08-11,Bombay / Colaba,8,Monsoon,28.2,26.9,30.2,3.3,5.5,1008.3,4.95,10,5.0,18.9,72.8167,0.0,0.8,8.4,0.3,-0.3,-0.64,-0.7683,-0.866,-0.5,0.0,0.0,SAFE
2021-08-12,Bombay / Colaba,8,Monsoon,28.2,26.9,29.9,3.0,5.9,1008.9,4.35,10,5.0,18.9,72.8167,9.9,10.2,14.2,0.0,9.9,-0.6532,-0.7572,-0.866,-0.5,0.1387,8.5,LOW
2021-08-13,Bombay / Colaba,8,Monsoon,28.4,27.0,30.6,3.6,6.5,1008.1,5.15,10,5.0,18.9,72.8167,15.0,24.9,29.2,9.9,5.1,-0.6661,-0.7459,-0.866,-0.5,0.0221,3.0,SAFE
2021-08-14,Bombay / Colaba,8,Monsoon,27.8,26.6,29.8,3.2,6.6,1006.5,6.75,10,5.0,18.9,72.8167,10.9,35.8,39.6,15.0,-4.1,-0.6788,-0.7343,-0.866,-0.5,0.239,21.1,LOW
2021-08-15,Bombay / Colaba,8,Monsoon,27.3,25.8,29.0,3.2,5.9,1006.2,7.05,10,5.0,18.9,72.8167,24.9,50.8,61.5,10.9,14.0,-0.6914,-0.7225,-0.866,-0.5,0.0481,17.9,LOW
2021-08-16,Bombay / Colaba,8,Monsoon,27.4,25.9,29.7,3.8,3.5,1007.3,5.95,10,5.0,18.9,72.8167,31.0,66.8,92.0,24.9,6.1,-0.7037,-0.7105,-0.866,-0.5,0.2278,8.2,LOW
2021-08-17,Bombay / Colaba,8,Monsoon,26.9,25.4,28.7,3.3,1.8,1007.6,5.65,10,5.0,18.9,72.8167,2.0,57.9,93.7,31.0,-29.0,-0.7158,-0.6983,-0.866,-0.5,0.1031,4.6,SAFE
2021-08-18,Bombay / Colaba,8,Monsoon,26.0,24.4,27.5,3.1,1.6,1006.2,7.05,10,5.0,18.9,72.8167,16.0,49.0,109.7,2.0,14.0,-0.7277,-0.6859,-0.866,-0.5,0.12,13.0,LOW
2021-08-19,Bombay / Colaba,8,Monsoon,25.8,25.0,27.0,2.0,2.9,1005.7,7.55,10,5.0,18.9,72.8167,42.9,60.9,142.7,16.0,26.9,-0.7394,-0.6733,-0.866,-0.5,0.2799,17.8,LOW
2021-08-20,Bombay / Colaba,8,Monsoon,26.0,25.0,27.5,2.5,2.5,1006.0,7.25,10,5.0,18.9,72.8167,21.1,80.0,148.8,42.9,-21.8,-0.7509,-0.6605,-0.866,-0.5,0.4553,3.5,LOW
2021-08-21,Bombay / Colaba,8,Monsoon,25.9,24.6,27.4,2.8,3.0,1007.1,6.15,10,5.0,18.9,72.8167,52.1,116.1,190.0,21.1,31.0,-0.7621,-0.6474,-0.866,-0.5,0.3786,15.3,LOW
2021-08-22,Bombay / Colaba,8,Monsoon,26.7,24.9,29.1,4.2,2.7,1007.9,5.35,10,5.0,18.9,72.8167,11.9,85.1,177.0,52.1,-40.2,-0.7731,-0.6342,-0.866,-0.5,0.4768,6.2,LOW
2021-08-23,Bombay / Colaba,8,Monsoon,27.7,25.5,30.6,5.1,3.3,1007.7,5.55,10,5.0,18.9,72.8167,0.0,64.0,146.0,11.9,-11.9,-0.7839,-0.6208,-0.866,-0.5,0.1752,10.4,SAFE
2021-08-24,Bombay / Colaba,8,Monsoon,28.2,26.2,31.0,4.8,3.3,1007.7,5.55,10,5.0,18.9,72.8167,2.2,14.1,146.2,0.0,2.2,-0.7945,-0.6073,-0.866,-0.5,0.0751,3.7,SAFE
2021-08-25,Bombay / Colaba,8,Monsoon,28.1,26.3,30.6,4.3,1.9,1007.1,6.15,10,5.0,18.9,72.8167,1.2,3.4,131.4,2.2,-1.0,-0.8048,-0.5935,-0.866,-0.5,0.0944,5.9,SAFE
2021-08-26,Bombay / Colaba,8,Monsoon,28.1,26.4,30.5,4.1,3.4,1005.5,7.75,10,5.0,18.9,72.8167,2.0,5.4,90.5,1.2,0.8,-0.8149,-0.5796,-0.866,-0.5,0.3171,0.0,LOW
2021-08-27,Bombay / Colaba,8,Monsoon,28.3,26.4,30.7,4.3,4.0,1004.9,8.35,10,5.0,18.9,72.8167,2.0,5.2,71.4,2.0,0.0,-0.8248,-0.5655,-0.866,-0.5,0.0,0.0,SAFE
2021-08-28,Bombay / Colaba,8,Monsoon,28.6,26.5,31.0,4.5,2.5,1004.0,9.25,10,5.0,18.9,72.8167,5.1,9.1,24.4,2.0,3.1,-0.8344,-0.5512,-0.866,-0.5,0.0,6.3,SAFE
2021-08-29,Bombay / Colaba,8,Monsoon,28.3,26.6,30.4,3.8,2.2,1003.5,9.75,10,5.0,18.9,72.8167,0.0,7.1,12.5,5.1,-5.1,-0.8437,-0.5368,-0.866,-0.5,0.0,0.0,SAFE
2021-08-30,Bombay / Colaba,8,Monsoon,27.7,26.5,29.5,3.0,2.5,1004.9,8.35,10,5.0,18.9,72.8167,0.8,5.9,13.3,0.0,0.8,-0.8528,-0.5222,-0.866,-0.5,0.0496,0.0,SAFE
2021-08-31,Bombay / Colaba,8,Monsoon,26.2,25.0,27.3,2.3,2.6,1005.1,8.15,10,5.0,18.9,72.8167,49.0,49.8,60.1,0.8,48.2,-0.8617,-0.5074,-0.866,-0.5,0.1718,9.2,LOW
2021-09-01,Bombay / Colaba,9,Monsoon,26.4,25.2,28.3,3.1,4.1,1005.8,7.45,10,5.0,18.9,72.8167,108.0,157.8,166.9,49.0,59.0,-0.8703,-0.4925,-1.0,-0.0,0.8124,55.9,HIGH
2021-09-02,Bombay / Colaba,9,Monsoon,27.2,26.0,29.2,3.2,7.8,1005.8,7.45,10,5.0,18.9,72.8167,6.1,163.1,171.0,108.0,-101.9,-0.8786,-0.4775,-1.0,-0.0,0.4863,13.1,LOW
2021-09-03,Bombay / Colaba,9,Monsoon,27.4,26.0,29.7,3.7,6.2,1005.2,8.05,10,5.0,18.9,72.8167,9.9,124.0,178.9,6.1,3.8,-0.8867,-0.4623,-1.0,-0.0,0.2847,9.0,LOW
2021-09-04,Bombay / Colaba,9,Monsoon,26.8,25.0,29.3,4.3,4.0,1005.7,7.55,10,5.0,18.9,72.8167,54.1,70.1,227.9,9.9,44.2,-0.8945,-0.447,-1.0,-0.0,0.3783,16.9,LOW
2021-09-05,Bombay / Colaba,9,Monsoon,26.6,25.4,28.2,2.8,2.7,1005.7,7.55,10,5.0,18.9,72.8167,42.9,106.9,270.8,54.1,-11.2,-0.9021,-0.4315,-1.0,-0.0,0.3433,15.7,LOW
2021-09-06,Bombay / Colaba,9,Monsoon,27.0,25.5,30.0,4.5,2.4,1005.3,7.95,10,5.0,18.9,72.8167,6.1,103.1,276.1,42.9,-36.8,-0.9094,-0.4159,-1.0,-0.0,0.3128,2.3,LOW
2021-09-07,Bombay / Colaba,9,Monsoon,26.7,26.1,27.7,1.6,2.7,1003.6,9.65,10,5.0,18.9,72.8167,3.0,52.0,230.1,6.1,-3.1,-0.9164,-0.4002,-1.0,-0.0,0.0396,0.0,SAFE
2021-09-08,Bombay / Colaba,9,Monsoon,26.5,25.7,27.5,1.8,7.6,1002.9,10.35,10,5.0,18.9,72.8167,79.0,88.1,201.1,3.0,76.0,-0.9232,-0.3844,-1.0,-0.0,0.7544,25.8,MODERATE
2021-09-09,Bombay / Colaba,9,Monsoon,27.6,26.4,29.3,2.9,12.5,1005.9,7.35,10,5.0,18.9,72.8167,18.0,100.0,213.0,79.0,-61.0,-0.9296,-0.3685,-1.0,-0.0,0.4763,17.9,LOW
2021-09-10,Bombay / Colaba,9,Monsoon,27.7,26.6,29.5,2.9,12.3,1006.4,6.85,10,5.0,18.9,72.8167,8.9,105.9,212.0,18.0,-9.1,-0.9358,-0.3524,-1.0,-0.0,0.2636,14.0,LOW
2021-09-11,Bombay / Colaba,9,Monsoon,27.4,26.4,29.3,2.9,12.5,1004.6,8.65,10,5.0,18.9,72.8167,9.9,36.8,167.8,8.9,1.0,-0.9418,-0.3363,-1.0,-0.0,0.1368,1.3,LOW
2021-09-12,Bombay / Colaba,9,Monsoon,27.0,26.3,28.1,1.8,10.8,1002.7,10.55,10,5.0,18.9,72.8167,21.1,39.9,146.0,9.9,11.2,-0.9474,-0.32,-1.0,-0.0,0.3069,4.8,LOW
2021-09-13,Bombay / Colaba,9,Monsoon,26.6,26.0,27.0,1.0,11.8,1001.7,11.55,10,5.0,18.9,72.8167,39.1,70.1,179.0,21.1,18.0,-0.9528,-0.3037,-1.0,-0.0,0.4489,0.0,LOW
2021-09-14,Bombay / Colaba,9,Monsoon,27.2,26.3,29.2,2.9,12.9,1002.6,10.65,10,5.0,18.9,72.8167,4.1,64.3,180.1,39.1,-35.0,-0.9579,-0.2873,-1.0,-0.0,0.0657,6.3,SAFE
2021-09-15,Bombay / Colaba,9,Monsoon,27.8,26.5,29.7,3.2,12.6,1004.2,9.05,10,5.0,18.9,72.8167,3.0,46.2,104.1,4.1,-1.1,-0.9627,-0.2707,-1.0,-0.0,0.0623,11.5,SAFE
2021-09-16,Bombay / Colaba,9,Monsoon,28.2,26.9,30.7,3.8,9.6,1005.6,7.65,10,5.0,18.9,72.8167,2.0,9.1,88.1,3.0,-1.0,-0.9672,-0.2541,-1.0,-0.0,0.0,0.0,SAFE
2021-09-17,Bombay / Colaba,9,Monsoon,28.1,26.0,30.5,4.5,6.7,1006.0,7.25,10,5.0,18.9,72.8167,3.0,8.0,82.2,2.0,1.0,-0.9714,-0.2375,-1.0,-0.0,0.1033,0.0,SAFE
2021-09-18,Bombay / Colaba,9,Monsoon,28.0,26.0,30.4,4.4,6.5,1007.4,5.85,10,5.0,18.9,72.8167,0.0,5.0,72.3,3.0,-3.0,-0.9753,-0.2207,-1.0,-0.0,0.0,0.0,SAFE
2021-09-19,Bombay / Colaba,9,Monsoon,27.8,26.1,30.1,4.0,5.1,1009.1,4.15,10,5.0,18.9,72.8167,1.0,4.0,52.2,0.0,1.0,-0.979,-0.2039,-1.0,-0.0,0.0,0.0,SAFE
2021-09-20,Bombay / Colaba,9,Monsoon,27.5,25.9,29.5,3.6,3.7,1009.0,4.25,10,5.0,18.9,72.8167,71.1,72.1,84.2,1.0,70.1,-0.9824,-0.187,-1.0,-0.0,0.4492,13.4,MODERATE
2021-09-21,Bombay / Colaba,9,Monsoon,27.1,26.1,28.5,2.4,3.6,1007.7,5.55,10,5.0,18.9,72.8167,7.1,79.2,87.2,71.1,-64.0,-0.9854,-0.1701,-1.0,-0.0,0.0462,1.5,SAFE
2021-09-22,Bombay / Colaba,9,Monsoon,26.7,25.4,27.9,2.5,3.7,1006.0,7.25,10,5.0,18.9,72.8167,58.9,137.1,143.1,7.1,51.8,-0.9882,-0.1531,-1.0,-0.0,0.4391,0.8,MODERATE
2021-09-23,Bombay / Colaba,9,Monsoon,27.0,25.7,28.8,3.1,3.5,1005.9,7.35,10,5.0,18.9,72.8167,3.0,69.0,144.1,58.9,-55.9,-0.9907,-0.1361,-1.0,-0.0,0.2097,7.6,LOW
2021-09-24,Bombay / Colaba,9,Monsoon,27.9,25.8,30.6,4.8,3.7,1007.0,6.25,10,5.0,18.9,72.8167,0.5,62.4,141.6,3.0,-2.5,-0.9929,-0.1191,-1.0,-0.0,0.0524,15.5,SAFE
2021-09-25,Bombay / Colaba,9,Monsoon,27.9,26.0,30.6,4.6,3.4,1007.2,6.05,10,5.0,18.9,72.8167,0.0,3.5,141.6,0.5,-0.5,-0.9948,-0.102,-1.0,-0.0,0.0,0.0,SAFE
2021-09-26,Bombay / Colaba,9,Monsoon,27.8,26.3,30.1,3.8,2.5,1005.8,7.45,10,5.0,18.9,72.8167,9.9,10.4,150.5,0.0,9.9,-0.9964,-0.0848,-1.0,-0.0,0.0,1.5,SAFE
2021-09-27,Bombay / Colaba,9,Monsoon,26.9,25.4,28.3,2.9,1.8,1004.2,9.05,10,5.0,18.9,72.8167,3.0,12.9,82.4,9.9,-6.9,-0.9977,-0.0677,-1.0,-0.0,0.0873,3.0,SAFE
2021-09-28,Bombay / Colaba,9,Monsoon,26.4,25.8,27.3,1.5,4.5,1003.6,9.65,10,5.0,18.9,72.8167,39.1,52.0,114.4,3.0,36.1,-0.9987,-0.0505,-1.0,-0.0,0.3022,15.7,LOW
2021-09-29,Bombay / Colaba,9,Monsoon,27.1,25.5,29.1,3.6,10.1,1004.5,8.75,10,5.0,18.9,72.8167,27.9,70.0,83.4,39.1,-11.2,-0.9994,-0.0333,-1.0,-0.0,0.2013,5.2,LOW
2021-09-30,Bombay / Colaba,9,Monsoon,27.8,26.3,30.6,4.3,10.3,1007.3,5.95,10,5.0,18.9,72.8167,26.9,93.9,107.3,27.9,-1.0,-0.9999,-0.0161,-1.0,-0.0,0.2888,11.1,LOW
2022-07-01,Bombay / Colaba,7,Monsoon,27.0,25.6,28.4,2.8,5.5,1003.5,9.75,10,5.0,18.9,72.8167,28.1,82.9,134.9,26.9,1.2,0.0108,-0.9999,-0.5,-0.866,0.3171,11.5,LOW
2022-07-02,Bombay / Colaba,7,Monsoon,28.0,26.3,30.0,3.7,8.9,1002.6,10.65,10,5.0,18.9,72.8167,23.7,78.7,158.6,28.1,-4.4,-0.0065,-1.0,-0.5,-0.866,0.1843,9.4,LOW
2022-07-03,Bombay / Colaba,7,Monsoon,28.8,27.5,31.0,3.5,9.6,1002.1,11.15,10,5.0,18.9,72.8167,22.6,74.4,171.3,23.7,-1.1,-0.0237,-0.9997,-0.5,-0.866,0.1029,0.0,LOW
2022-07-04,Bombay / Colaba,7,Monsoon,27.7,26.8,29.0,2.2,8.3,1001.9,11.35,10,5.0,18.9,72.8167,44.8,91.1,213.1,22.6,22.2,-0.0408,-0.9992,-0.5,-0.866,0.5836,21.2,MODERATE
2022-07-05,Bombay / Colaba,7,Monsoon,26.4,25.4,27.1,1.7,6.5,1000.6,12.65,10,5.0,18.9,72.8167,56.6,124.0,230.6,44.8,11.8,-0.058,-0.9983,-0.5,-0.866,0.4358,21.4,MODERATE
2022-07-06,Bombay / Colaba,7,Monsoon,26.6,25.9,27.7,1.8,8.6,1001.4,11.85,10,5.0,18.9,72.8167,50.4,151.8,253.1,56.6,-6.2,-0.0752,-0.9972,-0.5,-0.866,0.5029,21.3,MODERATE
2022-07-07,Bombay / Colaba,7,Monsoon,26.6,25.8,27.4,1.6,8.5,1004.3,8.95,10,5.0,18.9,72.8167,43.6,150.6,269.8,50.4,-6.8,-0.0923,-0.9957,-0.5,-0.866,0.5834,33.9,MODERATE
2022-07-08,Bombay / Colaba,7,Monsoon,27.3,26.3,28.8,2.5,9.4,1004.4,8.85,10,5.0,18.9,72.8167,29.7,123.7,271.4,43.6,-13.9,-0.1094,-0.994,-0.5,-0.866,0.7379,16.5,MODERATE
2022-07-09,Bombay / Colaba,7,Monsoon,27.5,27.1,28.0,0.9,10.7,1003.4,9.85,10,5.0,18.9,72.8167,50.4,123.7,298.1,29.7,20.7,-0.1265,-0.992,-0.5,-0.866,0.3402,12.7,LOW
2022-07-10,Bombay / Colaba,7,Monsoon,27.5,26.8,28.8,2.0,9.7,1003.7,9.55,10,5.0,18.9,72.8167,52.4,132.5,327.9,50.4,2.0,-0.1436,-0.9896,-0.5,-0.866,0.5413,9.2,MODERATE
2022-07-11,Bombay / Colaba,7,Monsoon,26.8,26.1,28.8,2.7,9.7,1004.9,8.35,10,5.0,18.9,72.8167,77.9,180.7,361.0,52.4,25.5,-0.1606,-0.987,-0.5,-0.866,0.6196,37.6,MODERATE
2022-07-12,Bombay / Colaba,7,Monsoon,26.4,25.8,26.8,1.0,10.1,1004.8,8.45,10,5.0,18.9,72.8167,57.1,187.4,361.5,77.9,-20.8,-0.1775,-0.9841,-0.5,-0.866,0.5434,26.9,MODERATE
2022-07-13,Bombay / Colaba,7,Monsoon,26.4,25.8,27.0,1.2,12.2,1002.2,11.05,10,5.0,18.9,72.8167,79.2,214.2,390.3,57.1,22.1,-0.1944,-0.9809,-0.5,-0.866,0.675,20.5,MODERATE
2022-07-14,Bombay / Colaba,7,Monsoon,26.4,25.9,26.9,1.0,13.9,999.4,13.85,10,5.0,18.9,72.8167,63.1,199.4,409.8,79.2,-16.1,-0.2113,-0.9774,-0.5,-0.866,0.5297,19.4,MODERATE
2022-07-15,Bombay / Colaba,7,Monsoon,27.2,26.6,28.2,1.6,15.0,999.4,13.85,10,5.0,18.9,72.8167,23.9,166.2,404.0,63.1,-39.2,-0.2281,-0.9736,-0.5,-0.866,0.3978,6.8,LOW
2022-07-16,Bombay / Colaba,7,Monsoon,27.7,26.7,28.8,2.1,15.8,1000.6,12.65,10,5.0,18.9,72.8167,33.5,120.5,387.1,23.9,9.6,-0.2448,-0.9696,-0.5,-0.866,0.2268,13.9,LOW
2022-07-17,Bombay / Colaba,7,Monsoon,28.2,27.2,29.8,2.6,11.3,1003.3,9.95,10,5.0,18.9,72.8167,20.1,77.5,354.8,33.5,-13.4,-0.2614,-0.9652,-0.5,-0.866,0.3495,7.0,LOW
2022-07-18,Bombay / Colaba,7,Monsoon,27.3,26.6,28.4,1.8,8.3,1004.7,8.55,10,5.0,18.9,72.8167,30.7,84.3,307.6,20.1,10.6,-0.278,-0.9606,-0.5,-0.866,0.3191,8.2,LOW
2022-07-19,Bombay / Colaba,7,Monsoon,27.6,26.4,29.6,3.2,7.3,1005.4,7.85,10,5.0,18.9,72.8167,37.2,88.0,287.7,30.7,6.5,-0.2945,-0.9557,-0.5,-0.866,0.3957,7.6,LOW
2022-07-20,Bombay / Colaba,7,Monsoon,27.7,26.7,29.6,2.9,6.9,1006.3,6.95,10,5.0,18.9,72.8167,17.2,85.1,225.7,37.2,-20.0,-0.3109,-0.9505,-0.5,-0.866,0.198,1.9,LOW
2022-07-21,Bombay / Colaba,7,Monsoon,27.6,26.6,29.2,2.6,5.3,1006.5,6.75,10,5.0,18.9,72.8167,6.5,60.9,169.1,17.2,-10.7,-0.3272,-0.945,-0.5,-0.866,0.1186,7.0,SAFE
2022-07-22,Bombay / Colaba,7,Monsoon,27.8,26.5,29.2,2.7,4.8,1007.1,6.15,10,5.0,18.9,72.8167,4.5,28.2,149.7,6.5,-2.0,-0.3434,-0.9392,-0.5,-0.866,0.1283,0.1,SAFE
2022-07-23,Bombay / Colaba,7,Monsoon,27.4,26.6,28.5,1.9,6.0,1005.8,7.45,10,5.0,18.9,72.8167,25.4,36.4,141.6,4.5,20.9,-0.3595,-0.9332,-0.5,-0.866,0.0927,8.3,LOW
2022-07-24,Bombay / Colaba,7,Monsoon,27.6,26.6,28.7,2.1,7.6,1004.8,8.45,10,5.0,18.9,72.8167,34.2,64.1,155.7,25.4,8.8,-0.3755,-0.9268,-0.5,-0.866,0.2629,10.7,LOW
2022-07-25,Bombay / Colaba,7,Monsoon,27.7,26.7,29.2,2.5,6.2,1006.0,7.25,10,5.0,18.9,72.8167,14.0,73.6,139.0,34.2,-20.2,-0.3914,-0.9202,-0.5,-0.866,0.1235,3.3,LOW
2022-07-26,Bombay / Colaba,7,Monsoon,27.7,26.3,29.1,2.8,3.4,1007.7,5.55,10,5.0,18.9,72.8167,5.7,53.9,107.5,14.0,-8.3,-0.4071,-0.9134,-0.5,-0.866,0.0492,13.4,SAFE
2022-07-27,Bombay / Colaba,7,Monsoon,27.2,25.4,29.2,3.8,1.8,1007.8,5.45,10,5.0,18.9,72.8167,2.6,22.3,92.9,5.7,-3.1,-0.4228,-0.9062,-0.5,-0.866,0.0,5.9,SAFE
2022-07-28,Bombay / Colaba,7,Monsoon,27.9,25.7,30.2,4.5,2.4,1008.3,4.95,10,5.0,18.9,72.8167,0.8,9.1,87.2,2.6,-1.8,-0.4383,-0.8988,-0.5,-0.866,0.1916,0.0,SAFE
2022-07-29,Bombay / Colaba,7,Monsoon,28.4,26.3,30.8,4.5,3.1,1008.1,5.15,10,5.0,18.9,72.8167,0.7,4.1,83.4,0.8,-0.1,-0.4537,-0.8912,-0.5,-0.866,0.0,0.0,SAFE
2022-07-30,Bombay / Colaba,7,Monsoon,28.7,26.6,30.8,4.2,2.8,1007.3,5.95,10,5.0,18.9,72.8167,1.4,2.9,59.4,0.7,0.7,-0.469,-0.8832,-0.5,-0.866,0.1668,0.0,SAFE
2022-07-31,Bombay / Colaba,7,Monsoon,28.7,26.9,30.6,3.7,3.1,1006.0,7.25,10,5.0,18.9,72.8167,0.3,2.4,25.5,1.4,-1.1,-0.4841,-0.875,-0.5,-0.866,0.0,0.0,SAFE
2022-08-01,Bombay / Colaba,8,Monsoon,28.6,26.9,30.5,3.6,3.2,1005.8,7.45,10,5.0,18.9,72.8167,2.0,3.7,13.5,0.3,1.7,-0.4991,-0.8666,-0.866,-0.5,0.0,0.0,SAFE
2022-08-02,Bombay / Colaba,8,Monsoon,28.5,26.8,31.0,4.2,3.6,1004.9,8.35,10,5.0,18.9,72.8167,4.0,6.3,11.8,2.0,2.0,-0.5139,-0.8578,-0.866,-0.5,0.0,0.0,SAFE
2022-08-03,Bombay / Colaba,8,Monsoon,27.8,25.8,29.8,4.0,1.9,1003.9,9.35,10,5.0,18.9,72.8167,2.8,8.8,12.0,4.0,-1.2,-0.5286,-0.8489,-0.866,-0.5,0.3294,2.8,LOW
2022-08-04,Bombay / Colaba,8,Monsoon,27.6,26.3,29.0,2.7,1.8,1003.0,10.25,10,5.0,18.9,72.8167,13.4,20.2,24.6,2.8,10.6,-0.5431,-0.8397,-0.866,-0.5,0.3145,0.0,LOW
2022-08-05,Bombay / Colaba,8,Monsoon,27.1,26.1,28.6,2.5,2.2,1001.5,11.75,10,5.0,18.9,72.8167,24.2,40.4,48.1,13.4,10.8,-0.5575,-0.8302,-0.866,-0.5,0.2116,4.6,LOW
2022-08-06,Bombay / Colaba,8,Monsoon,26.9,25.8,29.4,3.6,3.2,1000.5,12.75,10,5.0,18.9,72.8167,25.6,63.2,72.3,24.2,1.4,-0.5717,-0.8205,-0.866,-0.5,0.2832,3.9,LOW
2022-08-07,Bombay / Colaba,8,Monsoon,27.2,26.1,30.4,4.3,4.2,999.9,13.35,10,5.0,18.9,72.8167,45.9,95.7,117.9,25.6,20.3,-0.5857,-0.8105,-0.866,-0.5,0.3401,2.1,LOW
2022-08-08,Bombay / Colaba,8,Monsoon,26.5,26.2,26.9,0.7,5.8,999.2,14.05,10,5.0,18.9,72.8167,47.8,119.3,163.7,45.9,1.9,-0.5996,-0.8003,-0.866,-0.5,0.4967,8.4,MODERATE
2022-08-09,Bombay / Colaba,8,Monsoon,26.5,26.0,28.0,2.0,12.2,998.3,14.95,10,5.0,18.9,72.8167,128.7,222.4,288.4,47.8,80.9,-0.6132,-0.7899,-0.866,-0.5,0.9351,45.4,HIGH
2022-08-10,Bombay / Colaba,8,Monsoon,27.1,26.6,27.8,1.2,16.5,998.0,15.25,10,5.0,18.9,72.8167,52.2,228.7,337.8,128.7,-76.5,-0.6267,-0.7792,-0.866,-0.5,0.424,12.6,LOW
2022-08-11,Bombay / Colaba,8,Monsoon,27.4,26.8,28.6,1.8,17.5,999.0,14.25,10,5.0,18.9,72.8167,22.0,202.9,346.4,52.2,-30.2,-0.64,-0.7683,-0.866,-0.5,0.3089,25.5,LOW
2022-08-12,Bombay / Colaba,8,Monsoon,27.7,26.8,29.4,2.6,17.4,1002.1,11.15,10,5.0,18.9,72.8167,18.3,92.5,340.5,22.0,-3.7,-0.6532,-0.7572,-0.866,-0.5,0.2658,9.6,LOW
2022-08-13,Bombay / Colaba,8,Monsoon,27.7,26.7,29.6,2.9,15.1,1004.3,8.95,10,5.0,18.9,72.8167,28.9,69.2,343.8,18.3,10.6,-0.6661,-0.7459,-0.866,-0.5,0.1629,0.0,LOW
2022-08-14,Bombay / Colaba,8,Monsoon,27.8,26.7,29.6,2.9,13.0,1005.9,7.35,10,5.0,18.9,72.8167,12.4,59.6,310.3,28.9,-16.5,-0.6788,-0.7343,-0.866,-0.5,0.1777,11.4,LOW
2022-08-15,Bombay / Colaba,8,Monsoon,27.4,26.5,28.3,1.8,12.2,1006.2,7.05,10,5.0,18.9,72.8167,79.8,121.1,342.3,12.4,67.4,-0.6914,-0.7225,-0.866,-0.5,0.5011,30.1,MODERATE
2022-08-16,Bombay / Colaba,8,Monsoon,26.6,25.4,27.7,2.3,12.9,1005.5,7.75,10,5.0,18.9,72.8167,64.8,157.0,278.4,79.8,-15.0,-0.7037,-0.7105,-0.866,-0.5,0.5107,15.6,MODERATE
2022-08-17,Bombay / Colaba,8,Monsoon,27.2,26.0,29.1,3.1,13.8,1006.6,6.65,10,5.0,18.9,72.8167,34.6,179.2,260.8,64.8,-30.2,-0.7158,-0.6983,-0.866,-0.5,0.5647,28.0,LOW
2022-08-18,Bombay / Colaba,8,Monsoon,27.4,26.3,29.4,3.1,11.1,1007.1,6.15,10,5.0,18.9,72.8167,16.2,115.6,255.0,34.6,-18.4,-0.7277,-0.6859,-0.866,-0.5,0.3137,3.6,LOW
2022-08-19,Bombay / Colaba,8,Monsoon,27.7,26.3,29.8,3.5,8.7,1007.2,6.05,10,5.0,18.9,72.8167,20.3,71.1,257.0,16.2,4.1,-0.7394,-0.6733,-0.866,-0.5,0.2405,10.9,LOW
2022-08-20,Bombay / Colaba,8,Monsoon,27.8,26.6,29.6,3.0,8.2,1007.3,5.95,10,5.0,18.9,72.8167,5.6,42.1,233.7,20.3,-14.7,-0.7509,-0.6605,-0.866,-0.5,0.2168,0.0,LOW
2022-08-21,Bombay / Colaba,8,Monsoon,27.7,25.6,30.0,4.4,8.3,1006.5,6.75,10,5.0,18.9,72.8167,6.4,32.3,227.7,5.6,0.8,-0.7621,-0.6474,-0.866,-0.5,0.1642,0.0,LOW
2022-08-22,Bombay / Colaba,8,Monsoon,28.0,27.1,29.6,2.5,9.7,1005.2,8.05,10,5.0,18.9,72.8167,11.8,23.8,159.7,6.4,5.4,-0.7731,-0.6342,-0.866,-0.5,0.2799,2.2,LOW
2022-08-23,Bombay / Colaba,8,Monsoon,28.1,26.6,30.0,3.4,10.4,1005.1,8.15,10,5.0,18.9,72.8167,10.8,29.0,105.7,11.8,-1.0,-0.7839,-0.6208,-0.866,-0.5,0.0825,2.0,SAFE
2022-08-24,Bombay / Colaba,8,Monsoon,27.9,26.4,30.1,3.7,10.4,1007.2,6.05,10,5.0,18.9,72.8167,15.0,37.6,86.1,10.8,4.2,-0.7945,-0.6073,-0.866,-0.5,0.1196,4.8,LOW
2022-08-25,Bombay / Colaba,8,Monsoon,28.0,26.6,30.3,3.7,6.5,1007.5,5.75,10,5.0,18.9,72.8167,6.3,32.1,76.2,15.0,-8.7,-0.8048,-0.5935,-0.866,-0.5,0.0,0.0,SAFE
2022-08-26,Bombay / Colaba,8,Monsoon,28.1,26.4,30.7,4.3,3.1,1007.3,5.95,10,5.0,18.9,72.8167,2.7,24.0,58.6,6.3,-3.6,-0.8149,-0.5796,-0.866,-0.5,0.0378,0.0,SAFE
2022-08-27,Bombay / Colaba,8,Monsoon,28.2,26.1,30.7,4.6,2.2,1007.6,5.65,10,5.0,18.9,72.8167,2.0,11.0,55.0,2.7,-0.7,-0.8248,-0.5655,-0.866,-0.5,0.1611,2.9,SAFE
2022-08-28,Bombay / Colaba,8,Monsoon,28.3,26.3,30.9,4.6,3.4,1007.5,5.75,10,5.0,18.9,72.8167,1.6,6.3,50.2,2.0,-0.4,-0.8344,-0.5512,-0.866,-0.5,0.1873,0.4,SAFE
2022-08-29,Bombay / Colaba,8,Monsoon,28.1,25.2,31.2,6.0,2.9,1008.3,4.95,10,5.0,18.9,72.8167,0.7,4.3,39.1,1.6,-0.9,-0.8437,-0.5368,-0.866,-0.5,0.0,0.0,SAFE
2022-08-30,Bombay / Colaba,8,Monsoon,28.0,26.1,30.1,4.0,3.6,1008.3,4.95,10,5.0,18.9,72.8167,0.5,2.8,28.8,0.7,-0.2,-0.8528,-0.5222,-0.866,-0.5,0.0,0.0,SAFE
2022-08-31,Bombay / Colaba,8,Monsoon,28.3,26.1,31.0,4.9,3.1,1007.1,6.15,10,5.0,18.9,72.8167,2.9,4.1,16.7,0.5,2.4,-0.8617,-0.5074,-0.866,-0.5,0.1677,7.0,SAFE
2022-09-01,Bombay / Colaba,9,Monsoon,28.1,25.8,31.0,5.2,2.1,1006.5,6.75,10,5.0,18.9,72.8167,18.5,21.9,28.9,2.9,15.6,-0.8703,-0.4925,-1.0,-0.0,0.0,0.0,SAFE
2022-09-02,Bombay / Colaba,9,Monsoon,28.5,26.3,31.3,5.0,3.0,1006.9,6.35,10,5.0,18.9,72.8167,1.2,22.6,27.4,18.5,-17.3,-0.8786,-0.4775,-1.0,-0.0,0.1675,5.4,SAFE
2022-09-03,Bombay / Colaba,9,Monsoon,29.1,26.6,32.4,5.8,3.3,1007.4,5.85,10,5.0,18.9,72.8167,0.2,19.9,25.6,1.2,-1.0,-0.8867,-0.4623,-1.0,-0.0,0.0256,6.8,SAFE
2022-09-04,Bombay / Colaba,9,Monsoon,28.1,26.8,30.1,3.3,2.5,1007.4,5.85,10,5.0,18.9,72.8167,7.3,8.7,31.3,0.2,7.1,-0.8945,-0.447,-1.0,-0.0,0.1566,5.3,LOW
2022-09-05,Bombay / Colaba,9,Monsoon,27.9,26.5,29.6,3.1,2.8,1007.7,5.55,10,5.0,18.9,72.8167,9.1,16.6,39.7,7.3,1.8,-0.9021,-0.4315,-1.0,-0.0,0.0,2.0,SAFE
2022-09-06,Bombay / Colaba,9,Monsoon,27.5,26.0,30.0,4.0,2.1,1007.1,6.15,10,5.0,18.9,72.8167,4.8,21.2,44.0,9.1,-4.3,-0.9094,-0.4159,-1.0,-0.0,0.2121,0.0,LOW
2022-09-07,Bombay / Colaba,9,Monsoon,27.9,26.0,30.0,4.0,3.3,1006.7,6.55,10,5.0,18.9,72.8167,13.3,27.2,54.4,4.8,8.5,-0.9164,-0.4002,-1.0,-0.0,0.0,9.1,SAFE
2022-09-08,Bombay / Colaba,9,Monsoon,27.6,26.2,29.4,3.2,2.7,1005.5,7.75,10,5.0,18.9,72.8167,32.3,50.4,68.2,13.3,19.0,-0.9232,-0.3844,-1.0,-0.0,0.2002,3.1,LOW
2022-09-09,Bombay / Colaba,9,Monsoon,27.9,26.2,30.4,4.2,3.8,1004.2,9.05,10,5.0,18.9,72.8167,11.6,57.2,78.6,32.3,-20.7,-0.9296,-0.3685,-1.0,-0.0,0.0723,1.2,SAFE
2022-09-10,Bombay / Colaba,9,Monsoon,28.0,26.3,30.4,4.1,3.3,1004.2,9.05,10,5.0,18.9,72.8167,2.9,46.8,81.3,11.6,-8.7,-0.9358,-0.3524,-1.0,-0.0,0.0,3.2,SAFE
2022-09-11,Bombay / Colaba,9,Monsoon,27.8,26.1,29.8,3.7,2.7,1002.5,10.75,10,5.0,18.9,72.8167,10.0,24.5,84.0,2.9,7.1,-0.9418,-0.3363,-1.0,-0.0,0.13,10.1,LOW
2022-09-12,Bombay / Colaba,9,Monsoon,27.5,26.4,30.0,3.6,2.9,1001.2,12.05,10,5.0,18.9,72.8167,43.1,56.0,118.0,10.0,33.1,-0.9474,-0.32,-1.0,-0.0,0.5225,14.2,MODERATE
2022-09-13,Bombay / Colaba,9,Monsoon,27.3,26.2,28.7,2.5,7.8,1003.0,10.25,10,5.0,18.9,72.8167,93.3,146.4,206.5,43.1,50.2,-0.9528,-0.3037,-1.0,-0.0,0.9995,19.5,HIGH
2022-09-14,Bombay / Colaba,9,Monsoon,27.4,26.5,28.5,2.0,11.8,1005.7,7.55,10,5.0,18.9,72.8167,80.1,216.5,273.3,93.3,-13.2,-0.9579,-0.2873,-1.0,-0.0,0.7688,28.2,MODERATE
2022-09-15,Bombay / Colaba,9,Monsoon,27.5,26.6,28.7,2.1,13.5,1007.4,5.85,10,5.0,18.9,72.8167,70.1,243.5,311.1,80.1,-10.0,-0.9627,-0.2707,-1.0,-0.0,0.8663,30.0,MODERATE
2022-09-16,Bombay / Colaba,9,Monsoon,26.9,26.2,27.8,1.6,10.3,1006.6,6.65,10,5.0,18.9,72.8167,69.2,219.4,368.7,70.1,-0.9,-0.9672,-0.2541,-1.0,-0.0,0.7328,11.2,MODERATE
2022-09-17,Bombay / Colaba,9,Monsoon,27.2,25.8,29.2,3.4,8.3,1006.6,6.65,10,5.0,18.9,72.8167,44.9,184.2,410.7,69.2,-24.3,-0.9714,-0.2375,-1.0,-0.0,0.5865,18.6,MODERATE
2022-09-18,Bombay / Colaba,9,Monsoon,26.9,25.2,29.2,4.0,4.2,1008.2,5.05,10,5.0,18.9,72.8167,44.1,158.2,444.8,44.9,-0.8,-0.9753,-0.2207,-1.0,-0.0,0.4552,16.5,LOW
2022-09-19,Bombay / Colaba,9,Monsoon,26.3,24.4,28.4,4.0,2.4,1009.0,4.25,10,5.0,18.9,72.8167,4.8,93.8,406.5,44.1,-39.3,-0.979,-0.2039,-1.0,-0.0,0.2185,16.6,LOW
2022-09-20,Bombay / Colaba,9,Monsoon,26.1,25.0,27.8,2.8,2.5,1008.7,4.55,10,5.0,18.9,72.8167,4.0,52.9,317.2,4.8,-0.8,-0.9824,-0.187,-1.0,-0.0,0.1891,8.7,LOW
2022-09-21,Bombay / Colaba,9,Monsoon,25.6,24.0,27.8,3.8,2.3,1008.7,4.55,10,5.0,18.9,72.8167,4.7,13.5,241.8,4.0,0.7,-0.9854,-0.1701,-1.0,-0.0,0.0163,7.5,SAFE
2022-09-22,Bombay / Colaba,9,Monsoon,25.9,24.5,28.1,3.6,2.6,1008.9,4.35,10,5.0,18.9,72.8167,13.2,21.9,184.9,4.7,8.5,-0.9882,-0.1531,-1.0,-0.0,0.124,1.9,LOW
2022-09-23,Bombay / Colaba,9,Monsoon,26.8,24.4,30.4,6.0,3.4,1009.2,4.05,10,5.0,18.9,72.8167,2.5,20.4,118.2,13.2,-10.7,-0.9907,-0.1361,-1.0,-0.0,0.0703,0.9,SAFE
2022-09-24,Bombay / Colaba,9,Monsoon,27.2,25.2,29.6,4.4,4.5,1008.6,4.65,10,5.0,18.9,72.8167,10.3,26.0,83.6,2.5,7.8,-0.9929,-0.1191,-1.0,-0.0,0.2106,0.0,LOW
2022-09-25,Bombay / Colaba,9,Monsoon,27.5,25.5,30.1,4.6,3.3,1008.1,5.15,10,5.0,18.9,72.8167,4.3,17.1,43.8,10.3,-6.0,-0.9948,-0.102,-1.0,-0.0,0.0,0.0,SAFE
2022-09-26,Bombay / Colaba,9,Monsoon,27.4,25.8,30.1,4.3,2.5,1009.6,3.65,10,5.0,18.9,72.8167,6.2,20.8,45.2,4.3,1.9,-0.9964,-0.0848,-1.0,-0.0,0.0901,4.5,SAFE
2022-09-27,Bombay / Colaba,9,Monsoon,27.3,25.4,30.0,4.6,2.4,1008.8,4.45,10,5.0,18.9,72.8167,0.0,10.5,41.2,6.2,-6.2,-0.9977,-0.0677,-1.0,-0.0,0.2498,7.6,LOW
2022-09-28,Bombay / Colaba,9,Monsoon,27.5,25.4,29.7,4.3,2.5,1007.7,5.55,10,5.0,18.9,72.8167,0.7,6.9,37.2,0.0,0.7,-0.9987,-0.0505,-1.0,-0.0,0.1694,0.0,SAFE
2022-09-29,Bombay / Colaba,9,Monsoon,27.5,25.9,29.9,4.0,2.8,1007.2,6.05,10,5.0,18.9,72.8167,2.1,2.8,26.1,0.7,1.4,-0.9994,-0.0333,-1.0,-0.0,0.1897,0.0,SAFE
2022-09-30,Bombay / Colaba,9,Monsoon,27.8,25.8,31.2,5.4,2.9,1007.9,5.35,10,5.0,18.9,72.8167,4.1,6.9,27.7,2.1,2.0,-0.9999,-0.0161,-1.0,-0.0,0.0667,0.6,SAFE
2023-07-01,Bombay / Colaba,7,Monsoon,27.7,26.6,28.7,2.1,10.5,1006.4,6.85,10,5.0,18.9,72.8167,57.0,63.2,74.4,4.1,52.9,0.0108,-0.9999,-0.5,-0.866,0.4468,8.5,MODERATE
2023-07-02,Bombay / Colaba,7,Monsoon,28.2,26.8,29.9,3.1,9.2,1006.0,7.25,10,5.0,18.9,72.8167,68.5,129.6,138.6,57.0,11.5,-0.0065,-1.0,-0.5,-0.866,0.6755,30.8,MODERATE
2023-07-03,Bombay / Colaba,7,Monsoon,28.3,26.8,31.0,4.2,6.0,1004.2,9.05,10,5.0,18.9,72.8167,20.4,145.9,152.8,68.5,-48.1,-0.0237,-0.9997,-0.5,-0.866,0.518,17.5,LOW
2023-07-04,Bombay / Colaba,7,Monsoon,28.1,27.0,29.7,2.7,5.1,1002.5,10.75,10,5.0,18.9,72.8167,17.7,106.6,170.5,20.4,-2.7,-0.0408,-0.9992,-0.5,-0.866,0.0768,13.2,LOW
2023-07-05,Bombay / Colaba,7,Monsoon,27.6,26.8,28.8,2.0,4.8,1000.6,12.65,10,5.0,18.9,72.8167,19.3,57.4,189.1,17.7,1.6,-0.058,-0.9983,-0.5,-0.866,0.0778,1.4,LOW
2023-07-06,Bombay / Colaba,7,Monsoon,26.9,26.1,27.9,1.8,6.0,1001.4,11.85,10,5.0,18.9,72.8167,87.5,124.5,274.5,19.3,68.2,-0.0752,-0.9972,-0.5,-0.866,0.7951,11.7,MODERATE
2023-07-07,Bombay / Colaba,7,Monsoon,27.3,26.5,28.2,1.7,10.6,1002.9,10.35,10,5.0,18.9,72.8167,114.5,221.3,384.9,87.5,27.0,-0.0923,-0.9957,-0.5,-0.866,0.9087,30.2,HIGH
2023-07-08,Bombay / Colaba,7,Monsoon,28.3,27.2,30.0,2.8,14.7,1004.7,8.55,10,5.0,18.9,72.8167,27.9,229.9,355.8,114.5,-86.6,-0.1094,-0.994,-0.5,-0.866,0.4472,21.2,LOW
2023-07-09,Bombay / Colaba,7,Monsoon,28.9,27.8,30.4,2.6,13.1,1005.8,7.45,10,5.0,18.9,72.8167,12.8,155.2,300.1,27.9,-15.1,-0.1265,-0.992,-0.5,-0.866,0.1984,14.0,LOW
2023-07-10,Bombay / Colaba,7,Monsoon,29.1,27.7,30.9,3.2,10.1,1006.4,6.85,10,5.0,18.9,72.8167,6.3,47.0,286.0,12.8,-6.5,-0.1436,-0.9896,-0.5,-0.866,0.0771,0.0,SAFE
2023-07-11,Bombay / Colaba,7,Monsoon,29.2,27.7,30.9,3.2,7.6,1006.6,6.65,10,5.0,18.9,72.8167,8.5,27.6,276.8,6.3,2.2,-0.1606,-0.987,-0.5,-0.866,0.0,5.4,SAFE
2023-07-12,Bombay / Colaba,7,Monsoon,28.8,27.9,30.4,2.5,5.2,1005.6,7.65,10,5.0,18.9,72.8167,13.6,28.4,271.1,8.5,5.1,-0.1775,-0.9841,-0.5,-0.866,0.3635,12.2,LOW
2023-07-13,Bombay / Colaba,7,Monsoon,28.6,27.2,31.8,4.6,4.5,1005.1,8.15,10,5.0,18.9,72.8167,24.8,46.9,208.4,13.6,11.2,-0.1944,-0.9809,-0.5,-0.866,0.2253,7.2,LOW
2023-07-14,Bombay / Colaba,7,Monsoon,27.5,25.4,29.0,3.6,5.9,1006.3,6.95,10,5.0,18.9,72.8167,48.3,86.7,142.2,24.8,23.5,-0.2113,-0.9774,-0.5,-0.866,0.3988,14.2,LOW
2023-07-15,Bombay / Colaba,7,Monsoon,28.1,26.6,30.8,4.2,7.2,1007.3,5.95,10,5.0,18.9,72.8167,14.9,88.0,129.2,48.3,-33.4,-0.2281,-0.9736,-0.5,-0.866,0.3016,0.0,LOW
2023-07-16,Bombay / Colaba,7,Monsoon,28.1,27.2,29.4,2.2,6.7,1006.4,6.85,10,5.0,18.9,72.8167,18.1,81.3,134.5,14.9,3.2,-0.2448,-0.9696,-0.5,-0.866,0.3468,6.6,LOW
2023-07-17,Bombay / Colaba,7,Monsoon,27.4,26.0,28.6,2.6,7.6,1005.3,7.95,10,5.0,18.9,72.8167,40.2,73.2,168.4,18.1,22.1,-0.2614,-0.9652,-0.5,-0.866,0.4435,3.4,LOW
2023-07-18,Bombay / Colaba,7,Monsoon,26.9,26.0,27.3,1.3,8.6,1004.0,9.25,10,5.0,18.9,72.8167,63.1,121.4,223.0,40.2,22.9,-0.278,-0.9606,-0.5,-0.866,0.6437,18.4,MODERATE
2023-07-19,Bombay / Colaba,7,Monsoon,26.3,25.4,26.8,1.4,9.6,1002.1,11.15,10,5.0,18.9,72.8167,59.6,162.9,269.0,63.1,-3.5,-0.2945,-0.9557,-0.5,-0.866,0.5094,12.8,MODERATE
2023-07-20,Bombay / Colaba,7,Monsoon,27.0,26.5,28.4,1.9,10.4,1001.9,11.35,10,5.0,18.9,72.8167,35.4,158.1,279.6,59.6,-24.2,-0.3109,-0.9505,-0.5,-0.866,0.4162,37.6,LOW
2023-07-21,Bombay / Colaba,7,Monsoon,27.1,26.0,28.0,2.0,8.3,1003.7,9.55,10,5.0,18.9,72.8167,27.6,122.6,258.9,35.4,-7.8,-0.3272,-0.945,-0.5,-0.866,0.436,20.9,LOW
2023-07-22,Bombay / Colaba,7,Monsoon,26.9,26.5,27.4,0.9,8.5,1004.7,8.55,10,5.0,18.9,72.8167,41.5,104.5,285.5,27.6,13.9,-0.3434,-0.9392,-0.5,-0.866,0.3422,17.1,LOW
2023-07-23,Bombay / Colaba,7,Monsoon,27.2,26.4,27.7,1.3,9.8,1003.8,9.45,10,5.0,18.9,72.8167,44.0,113.1,311.4,41.5,2.5,-0.3595,-0.9332,-0.5,-0.866,0.4224,4.3,LOW
2023-07-24,Bombay / Colaba,7,Monsoon,27.4,26.9,28.4,1.5,11.5,1004.0,9.25,10,5.0,18.9,72.8167,91.0,176.5,362.2,44.0,47.0,-0.3755,-0.9268,-0.5,-0.866,0.795,33.9,MODERATE
2023-07-25,Bombay / Colaba,7,Monsoon,27.1,26.3,28.0,1.7,8.7,1005.5,7.75,10,5.0,18.9,72.8167,57.7,192.7,356.8,91.0,-33.3,-0.3914,-0.9202,-0.5,-0.866,0.6933,22.2,MODERATE
2023-07-26,Bombay / Colaba,7,Monsoon,27.0,26.0,28.1,2.1,6.6,1006.7,6.55,10,5.0,18.9,72.8167,86.2,234.9,383.4,57.7,28.5,-0.4071,-0.9134,-0.5,-0.866,0.63,34.7,MODERATE
2023-07-27,Bombay / Colaba,7,Monsoon,26.4,25.4,27.1,1.7,8.3,1007.1,6.15,10,5.0,18.9,72.8167,58.4,202.3,406.4,86.2,-27.8,-0.4228,-0.9062,-0.5,-0.866,0.7038,34.0,MODERATE
2023-07-28,Bombay / Colaba,7,Monsoon,26.4,25.0,27.0,2.0,9.2,1007.2,6.05,10,5.0,18.9,72.8167,40.3,184.9,419.1,58.4,-18.1,-0.4383,-0.8988,-0.5,-0.866,0.4876,15.7,LOW
2023-07-29,Bombay / Colaba,7,Monsoon,27.4,26.5,28.5,2.0,8.7,1007.5,5.75,10,5.0,18.9,72.8167,27.9,126.6,405.5,40.3,-12.4,-0.4537,-0.8912,-0.5,-0.866,0.437,18.7,LOW
2023-07-30,Bombay / Colaba,7,Monsoon,27.9,26.6,30.0,3.4,8.3,1007.1,6.15,10,5.0,18.9,72.8167,19.8,88.0,381.3,27.9,-8.1,-0.469,-0.8832,-0.5,-0.866,0.3459,10.9,LOW
2023-07-31,Bombay / Colaba,7,Monsoon,28.1,27.2,29.1,1.9,8.6,1006.4,6.85,10,5.0,18.9,72.8167,14.8,62.5,305.1,19.8,-5.0,-0.4841,-0.875,-0.5,-0.866,0.3699,0.0,LOW
2023-08-01,Bombay / Colaba,8,Monsoon,28.4,27.4,29.8,2.4,9.8,1006.5,6.75,10,5.0,18.9,72.8167,10.0,44.6,257.4,14.8,-4.8,-0.4991,-0.8666,-0.866,-0.5,0.2923,6.8,LOW
2023-08-02,Bombay / Colaba,8,Monsoon,28.4,27.6,29.8,2.2,10.4,1006.9,6.35,10,5.0,18.9,72.8167,14.7,39.5,185.9,10.0,4.7,-0.5139,-0.8578,-0.866,-0.5,0.3075,5.3,LOW
2023-08-03,Bombay / Colaba,8,Monsoon,28.6,27.6,30.1,2.5,11.1,1006.7,6.55,10,5.0,18.9,72.8167,8.8,33.5,136.3,14.7,-5.9,-0.5286,-0.8489,-0.866,-0.5,0.2792,10.5,LOW
2023-08-04,Bombay / Colaba,8,Monsoon,29.0,27.9,30.6,2.7,10.8,1007.6,5.65,10,5.0,18.9,72.8167,6.7,30.2,102.7,8.8,-2.1,-0.5431,-0.8397,-0.866,-0.5,0.1427,7.7,SAFE
2023-08-05,Bombay / Colaba,8,Monsoon,28.8,27.8,30.6,2.8,9.7,1009.3,3.95,10,5.0,18.9,72.8167,4.1,19.6,78.9,6.7,-2.6,-0.5575,-0.8302,-0.866,-0.5,0.0866,4.9,SAFE
2023-08-06,Bombay / Colaba,8,Monsoon,29.0,27.7,30.8,3.1,9.0,1009.1,4.15,10,5.0,18.9,72.8167,4.6,15.4,63.7,4.1,0.5,-0.5717,-0.8205,-0.866,-0.5,0.1711,0.0,SAFE
2023-08-07,Bombay / Colaba,8,Monsoon,29.2,28.0,31.1,3.1,10.3,1007.6,5.65,10,5.0,18.9,72.8167,0.6,9.3,49.5,4.6,-4.0,-0.5857,-0.8105,-0.866,-0.5,0.1272,0.0,SAFE
2023-08-08,Bombay / Colaba,8,Monsoon,29.3,27.9,31.2,3.3,10.4,1007.4,5.85,10,5.0,18.9,72.8167,3.2,8.4,42.7,0.6,2.6,-0.5996,-0.8003,-0.866,-0.5,0.0295,0.0,SAFE
2023-08-09,Bombay / Colaba,8,Monsoon,29.3,27.7,31.3,3.6,7.9,1009.4,3.85,10,5.0,18.9,72.8167,6.2,10.0,34.2,3.2,3.0,-0.6132,-0.7899,-0.866,-0.5,0.1218,6.2,SAFE
2023-08-10,Bombay / Colaba,8,Monsoon,29.0,27.8,31.3,3.5,6.9,1010.2,3.05,10,5.0,18.9,72.8167,10.4,19.8,35.8,6.2,4.2,-0.6267,-0.7792,-0.866,-0.5,0.1113,9.9,SAFE
2023-08-11,Bombay / Colaba,8,Monsoon,28.9,27.5,31.0,3.5,5.8,1009.8,3.45,10,5.0,18.9,72.8167,4.1,20.7,33.2,10.4,-6.3,-0.64,-0.7683,-0.866,-0.5,0.0,5.8,SAFE
2023-08-12,Bombay / Colaba,8,Monsoon,28.8,27.3,31.0,3.7,6.7,1009.6,3.65,10,5.0,18.9,72.8167,5.5,20.0,34.6,4.1,1.4,-0.6532,-0.7572,-0.866,-0.5,0.2263,4.6,LOW
2023-08-13,Bombay / Colaba,8,Monsoon,28.8,27.5,30.5,3.0,8.2,1008.5,4.75,10,5.0,18.9,72.8167,5.6,15.2,35.6,5.5,0.1,-0.6661,-0.7459,-0.866,-0.5,0.0899,4.5,SAFE
2023-08-14,Bombay / Colaba,8,Monsoon,29.0,27.8,30.8,3.0,8.6,1008.6,4.65,10,5.0,18.9,72.8167,0.3,11.4,35.3,5.6,-5.3,-0.6788,-0.7343,-0.866,-0.5,0.267,0.0,LOW
2023-08-15,Bombay / Colaba,8,Monsoon,29.0,27.4,30.8,3.4,7.3,1008.9,4.35,10,5.0,18.9,72.8167,3.7,9.6,35.8,0.3,3.4,-0.6914,-0.7225,-0.866,-0.5,0.0,0.2,SAFE
2023-08-16,Bombay / Colaba,8,Monsoon,28.9,27.6,30.9,3.3,5.8,1009.4,3.85,10,5.0,18.9,72.8167,4.9,8.9,34.5,3.7,1.2,-0.7037,-0.7105,-0.866,-0.5,0.0127,10.4,SAFE
2023-08-17,Bombay / Colaba,8,Monsoon,28.7,27.2,30.4,3.2,4.9,1009.6,3.65,10,5.0,18.9,72.8167,4.8,13.4,28.9,4.9,-0.1,-0.7158,-0.6983,-0.866,-0.5,0.0809,0.0,SAFE
2023-08-18,Bombay / Colaba,8,Monsoon,28.6,27.2,30.2,3.0,5.9,1008.5,4.75,10,5.0,18.9,72.8167,4.3,14.0,29.1,4.8,-0.5,-0.7277,-0.6859,-0.866,-0.5,0.1953,10.5,LOW
2023-08-19,Bombay / Colaba,8,Monsoon,28.3,26.8,29.8,3.0,6.2,1007.1,6.15,10,5.0,18.9,72.8167,6.7,15.8,30.3,4.3,2.4,-0.7394,-0.6733,-0.866,-0.5,0.1325,1.4,SAFE
2023-08-20,Bombay / Colaba,8,Monsoon,28.0,26.7,30.0,3.3,6.0,1007.0,6.25,10,5.0,18.9,72.8167,7.2,18.2,31.9,6.7,0.5,-0.7509,-0.6605,-0.866,-0.5,0.1292,10.1,SAFE
2023-08-21,Bombay / Colaba,8,Monsoon,28.6,27.0,30.7,3.7,5.5,1007.4,5.85,10,5.0,18.9,72.8167,4.0,17.9,35.6,7.2,-3.2,-0.7621,-0.6474,-0.866,-0.5,0.0,0.0,SAFE
2023-08-22,Bombay / Colaba,8,Monsoon,28.0,26.7,29.5,2.8,4.1,1007.4,5.85,10,5.0,18.9,72.8167,4.6,15.8,36.5,4.0,0.6,-0.7731,-0.6342,-0.866,-0.5,0.0,5.0,SAFE
2023-08-23,Bombay / Colaba,8,Monsoon,28.2,26.7,30.1,3.4,4.8,1007.6,5.65,10,5.0,18.9,72.8167,4.5,13.1,36.1,4.6,-0.1,-0.7839,-0.6208,-0.866,-0.5,0.1093,0.0,SAFE
2023-08-24,Bombay / Colaba,8,Monsoon,28.2,26.9,30.0,3.1,6.3,1006.8,6.45,10,5.0,18.9,72.8167,8.6,17.7,39.9,4.5,4.1,-0.7945,-0.6073,-0.866,-0.5,0.0,0.0,SAFE
2023-08-25,Bombay / Colaba,8,Monsoon,28.4,27.1,30.3,3.2,7.3,1006.5,6.75,10,5.0,18.9,72.8167,10.1,23.2,45.7,8.6,1.5,-0.8048,-0.5935,-0.866,-0.5,0.0628,4.8,SAFE
2023-08-26,Bombay / Colaba,8,Monsoon,28.4,27.0,30.6,3.6,8.3,1007.8,5.45,10,5.0,18.9,72.8167,12.2,30.9,51.2,10.1,2.1,-0.8149,-0.5796,-0.866,-0.5,0.1933,10.0,LOW
2023-08-27,Bombay / Colaba,8,Monsoon,28.2,26.6,31.6,5.0,6.7,1008.9,4.35,10,5.0,18.9,72.8167,16.0,38.3,60.0,12.2,3.8,-0.8248,-0.5655,-0.866,-0.5,0.0676,0.0,SAFE
2023-08-28,Bombay / Colaba,8,Monsoon,27.9,26.6,30.5,3.9,6.2,1008.7,4.55,10,5.0,18.9,72.8167,6.7,34.9,62.7,16.0,-9.3,-0.8344,-0.5512,-0.866,-0.5,0.2877,0.0,LOW
2023-08-29,Bombay / Colaba,8,Monsoon,28.6,26.5,31.0,4.5,3.8,1008.3,4.95,10,5.0,18.9,72.8167,2.5,25.2,60.6,6.7,-4.2,-0.8437,-0.5368,-0.866,-0.5,0.2121,2.5,LOW
2023-08-30,Bombay / Colaba,8,Monsoon,29.2,26.9,32.0,5.1,3.5,1009.0,4.25,10,5.0,18.9,72.8167,2.0,11.2,58.1,2.5,-0.5,-0.8528,-0.5222,-0.866,-0.5,0.0,0.7,SAFE
2023-08-31,Bombay / Colaba,8,Monsoon,29.0,26.7,32.0,5.3,3.5,1008.9,4.35,10,5.0,18.9,72.8167,0.4,4.9,49.9,2.0,-1.6,-0.8617,-0.5074,-0.866,-0.5,0.0,0.0,SAFE
2023-09-01,Bombay / Colaba,9,Monsoon,29.0,26.3,31.8,5.5,3.8,1008.6,4.65,10,5.0,18.9,72.8167,1.6,4.0,41.4,0.4,1.2,-0.8703,-0.4925,-1.0,-0.0,0.0,5.5,SAFE
2023-09-02,Bombay / Colaba,9,Monsoon,28.1,25.6,31.2,5.6,2.5,1008.5,4.75,10,5.0,18.9,72.8167,14.6,16.6,43.8,1.6,13.0,-0.8786,-0.4775,-1.0,-0.0,0.0491,3.5,SAFE
2023-09-03,Bombay / Colaba,9,Monsoon,27.5,25.4,30.0,4.6,2.8,1007.7,5.55,10,5.0,18.9,72.8167,2.2,18.4,30.0,14.6,-12.4,-0.8867,-0.4623,-1.0,-0.0,0.1524,11.9,SAFE
2023-09-04,Bombay / Colaba,9,Monsoon,27.7,26.0,30.1,4.1,3.1,1006.4,6.85,10,5.0,18.9,72.8167,0.8,17.6,24.1,2.2,-1.4,-0.8945,-0.447,-1.0,-0.0,0.0203,2.4,SAFE
2023-09-05,Bombay / Colaba,9,Monsoon,27.8,23.9,30.6,6.7,3.1,1004.9,8.35,10,5.0,18.9,72.8167,1.9,4.9,23.5,0.8,1.1,-0.9021,-0.4315,-1.0,-0.0,0.0986,0.0,SAFE
2023-09-06,Bombay / Colaba,9,Monsoon,28.8,26.8,30.9,4.1,4.2,1005.4,7.85,10,5.0,18.9,72.8167,0.4,3.1,21.9,1.9,-1.5,-0.9094,-0.4159,-1.0,-0.0,0.0,0.0,SAFE
2023-09-07,Bombay / Colaba,9,Monsoon,27.7,25.2,29.1,3.9,4.2,1005.6,7.65,10,5.0,18.9,72.8167,7.5,9.8,29.0,0.4,7.1,-0.9164,-0.4002,-1.0,-0.0,0.1693,0.4,LOW
2023-09-08,Bombay / Colaba,9,Monsoon,27.0,26.0,28.1,2.1,5.6,1005.9,7.35,10,5.0,18.9,72.8167,50.4,58.3,77.8,7.5,42.9,-0.9232,-0.3844,-1.0,-0.0,0.3145,10.3,LOW
2023-09-09,Bombay / Colaba,9,Monsoon,27.9,26.5,29.4,2.9,5.8,1006.2,7.05,10,5.0,18.9,72.8167,17.8,75.7,81.0,50.4,-32.6,-0.9296,-0.3685,-1.0,-0.0,0.2372,14.3,LOW
2023-09-10,Bombay / Colaba,9,Monsoon,28.7,27.3,30.5,3.2,4.8,1006.1,7.15,10,5.0,18.9,72.8167,8.6,76.8,87.4,17.8,-9.2,-0.9358,-0.3524,-1.0,-0.0,0.1818,8.7,LOW
2023-09-11,Bombay / Colaba,9,Monsoon,28.8,27.2,30.6,3.4,3.8,1006.6,6.65,10,5.0,18.9,72.8167,6.1,32.5,92.7,8.6,-2.5,-0.9418,-0.3363,-1.0,-0.0,0.0,0.0,SAFE
2023-09-12,Bombay / Colaba,9,Monsoon,29.0,27.2,31.4,4.2,3.8,1007.4,5.85,10,5.0,18.9,72.8167,2.3,17.0,93.1,6.1,-3.8,-0.9474,-0.32,-1.0,-0.0,0.0,2.2,SAFE
2023-09-13,Bombay / Colaba,9,Monsoon,28.9,27.2,31.0,3.8,3.9,1007.0,6.25,10,5.0,18.9,72.8167,6.6,15.0,99.3,2.3,4.3,-0.9528,-0.3037,-1.0,-0.0,0.1905,5.7,LOW
2023-09-14,Bombay / Colaba,9,Monsoon,28.6,27.2,30.7,3.5,3.0,1006.9,6.35,10,5.0,18.9,72.8167,2.4,11.3,94.2,6.6,-4.2,-0.9579,-0.2873,-1.0,-0.0,0.1042,9.1,SAFE
2023-09-15,Bombay / Colaba,9,Monsoon,28.5,26.8,31.0,4.2,3.3,1006.9,6.35,10,5.0,18.9,72.8167,2.4,11.4,46.2,2.4,0.0,-0.9627,-0.2707,-1.0,-0.0,0.1727,6.4,SAFE
2023-09-16,Bombay / Colaba,9,Monsoon,28.3,27.2,29.8,2.6,5.5,1006.5,6.75,10,5.0,18.9,72.8167,9.1,13.9,37.5,2.4,6.7,-0.9672,-0.2541,-1.0,-0.0,0.1338,6.7,SAFE
2023-09-17,Bombay / Colaba,9,Monsoon,28.4,27.3,30.3,3.0,8.3,1005.8,7.45,10,5.0,18.9,72.8167,10.2,21.7,39.1,9.1,1.1,-0.9714,-0.2375,-1.0,-0.0,0.1319,4.7,LOW
2023-09-18,Bombay / Colaba,9,Monsoon,28.3,27.0,30.5,3.5,9.3,1005.4,7.85,10,5.0,18.9,72.8167,30.5,49.8,63.5,10.2,20.3,-0.9753,-0.2207,-1.0,-0.0,0.0793,7.3,LOW
2023-09-19,Bombay / Colaba,9,Monsoon,28.4,26.9,30.7,3.8,8.6,1006.9,6.35,10,5.0,18.9,72.8167,16.6,57.3,77.8,30.5,-13.9,-0.979,-0.2039,-1.0,-0.0,0.1739,14.2,LOW
2023-09-20,Bombay / Colaba,9,Monsoon,28.4,27.0,30.6,3.6,6.5,1007.4,5.85,10,5.0,18.9,72.8167,9.1,56.2,80.3,16.6,-7.5,-0.9824,-0.187,-1.0,-0.0,0.1603,0.3,LOW
2023-09-21,Bombay / Colaba,9,Monsoon,28.1,26.7,30.3,3.6,4.1,1007.6,5.65,10,5.0,18.9,72.8167,24.5,50.2,102.4,9.1,15.4,-0.9854,-0.1701,-1.0,-0.0,0.4362,6.4,LOW
2023-09-22,Bombay / Colaba,9,Monsoon,27.8,26.4,29.9,3.5,2.6,1007.9,5.35,10,5.0,18.9,72.8167,9.9,43.5,109.9,24.5,-14.6,-0.9882,-0.1531,-1.0,-0.0,0.2202,2.5,LOW
2023-09-23,Bombay / Colaba,9,Monsoon,27.1,25.8,29.1,3.3,1.8,1008.4,4.85,10,5.0,18.9,72.8167,47.7,82.1,148.5,9.9,37.8,-0.9907,-0.1361,-1.0,-0.0,0.5563,14.4,MODERATE
2023-09-24,Bombay / Colaba,9,Monsoon,26.9,25.7,29.2,3.5,1.5,1009.0,4.25,10,5.0,18.9,72.8167,21.9,79.5,160.2,47.7,-25.8,-0.9929,-0.1191,-1.0,-0.0,0.3248,20.1,LOW
2023-09-25,Bombay / Colaba,9,Monsoon,27.1,25.5,29.4,3.9,2.1,1008.1,5.15,10,5.0,18.9,72.8167,18.5,88.1,148.2,21.9,-3.4,-0.9948,-0.102,-1.0,-0.0,0.1833,13.1,LOW
2023-09-26,Bombay / Colaba,9,Monsoon,27.8,25.6,30.6,5.0,1.8,1007.4,5.85,10,5.0,18.9,72.8167,5.6,46.0,137.2,18.5,-12.9,-0.9964,-0.0848,-1.0,-0.0,0.1426,0.0,SAFE
2023-09-27,Bombay / Colaba,9,Monsoon,27.6,25.6,30.2,4.6,9.2,1007.0,6.25,10,5.0,18.9,72.8167,19.0,43.1,147.1,5.6,13.4,-0.9977,-0.0677,-1.0,-0.0,0.2178,3.6,LOW
2023-09-28,Bombay / Colaba,9,Monsoon,27.5,25.3,30.2,4.9,2.2,1005.8,7.45,10,5.0,18.9,72.8167,13.1,37.7,135.7,19.0,-5.9,-0.9987,-0.0505,-1.0,-0.0,0.0568,12.0,SAFE
2023-09-29,Bombay / Colaba,9,Monsoon,27.9,25.6,31.2,5.6,2.2,1005.1,8.15,10,5.0,18.9,72.8167,10.9,43.0,136.7,13.1,-2.2,-0.9994,-0.0333,-1.0,-0.0,0.112,10.2,SAFE
2023-09-30,Bombay / Colaba,9,Monsoon,28.4,25.6,32.4,6.8,1.8,1004.7,8.55,10,5.0,18.9,72.8167,13.3,37.3,102.3,10.9,2.4,-0.9999,-0.0161,-1.0,-0.0,0.1342,6.6,LOW
2024-07-01,Bombay / Colaba,7,Monsoon,29.5,28.3,31.4,3.1,13.4,1002.5,10.75,10,5.0,18.9,72.8167,30.9,55.1,111.3,13.3,17.6,-0.0065,-1.0,-0.5,-0.866,0.4391,7.0,LOW
2024-07-02,Bombay / Colaba,7,Monsoon,29.3,28.0,30.4,2.4,15.7,1001.7,11.55,10,5.0,18.9,72.8167,12.9,57.1,105.7,30.9,-18.0,-0.0237,-0.9997,-0.5,-0.866,0.0,0.0,SAFE
2024-07-03,Bombay / Colaba,7,Monsoon,29.9,28.8,31.1,2.3,12.7,1002.7,10.55,10,5.0,18.9,72.8167,13.0,56.8,113.1,12.9,0.1,-0.0408,-0.9992,-0.5,-0.866,0.3101,6.8,LOW
2024-07-04,Bombay / Colaba,7,Monsoon,29.6,28.4,31.6,3.2,12.5,1003.7,9.55,10,5.0,18.9,72.8167,14.7,40.6,108.8,13.0,1.7,-0.058,-0.9983,-0.5,-0.866,0.0694,0.0,SAFE
2024-07-05,Bombay / Colaba,7,Monsoon,29.3,28.1,30.3,2.2,9.5,1002.1,11.15,10,5.0,18.9,72.8167,23.9,51.6,119.6,14.7,9.2,-0.0752,-0.9972,-0.5,-0.866,0.0862,17.1,LOW
2024-07-06,Bombay / Colaba,7,Monsoon,29.3,28.5,30.4,1.9,14.3,1000.9,12.35,10,5.0,18.9,72.8167,21.4,60.0,130.1,23.9,-2.5,-0.0923,-0.9957,-0.5,-0.866,0.3542,9.4,LOW
2024-07-07,Bombay / Colaba,7,Monsoon,28.9,27.6,30.6,3.0,8.6,1001.7,11.55,10,5.0,18.9,72.8167,22.3,67.6,139.1,21.4,0.9,-0.1094,-0.994,-0.5,-0.866,0.3231,5.9,LOW
2024-07-08,Bombay / Colaba,7,Monsoon,27.7,26.4,29.2,2.8,3.9,1002.0,11.25,10,5.0,18.9,72.8167,15.9,59.6,124.1,22.3,-6.4,-0.1265,-0.992,-0.5,-0.866,0.334,4.5,LOW
2024-07-09,Bombay / Colaba,7,Monsoon,27.1,25.4,28.6,3.2,3.7,1002.8,10.45,10,5.0,18.9,72.8167,30.5,68.7,141.7,15.9,14.6,-0.1436,-0.9896,-0.5,-0.866,0.373,14.6,LOW
2024-07-10,Bombay / Colaba,7,Monsoon,27.4,26.3,29.5,3.2,4.7,1005.4,7.85,10,5.0,18.9,72.8167,11.1,57.5,139.8,30.5,-19.4,-0.1606,-0.987,-0.5,-0.866,0.3914,3.3,LOW
2024-07-11,Bombay / Colaba,7,Monsoon,27.5,26.2,28.9,2.7,4.9,1005.7,7.55,10,5.0,18.9,72.8167,49.1,90.7,174.2,11.1,38.0,-0.1775,-0.9841,-0.5,-0.866,0.4735,25.4,MODERATE
2024-07-12,Bombay / Colaba,7,Monsoon,26.9,25.4,27.9,2.5,5.3,1003.6,9.65,10,5.0,18.9,72.8167,49.3,109.5,199.6,49.1,0.2,-0.1944,-0.9809,-0.5,-0.866,0.4277,16.8,LOW
2024-07-13,Bombay / Colaba,7,Monsoon,26.6,25.4,27.5,2.1,9.0,1003.1,10.15,10,5.0,18.9,72.8167,70.6,169.0,248.8,49.3,21.3,-0.2113,-0.9774,-0.5,-0.866,0.6758,20.9,MODERATE
2024-07-14,Bombay / Colaba,7,Monsoon,27.0,26.5,27.6,1.1,8.3,1001.3,11.95,10,5.0,18.9,72.8167,34.4,154.3,260.9,70.6,-36.2,-0.2281,-0.9736,-0.5,-0.866,0.5673,30.7,LOW
2024-07-15,Bombay / Colaba,7,Monsoon,26.9,26.4,27.9,1.5,4.7,1000.3,12.95,10,5.0,18.9,72.8167,12.8,117.8,257.8,34.4,-21.6,-0.2448,-0.9696,-0.5,-0.866,0.1922,7.8,LOW
2024-07-16,Bombay / Colaba,7,Monsoon,27.0,26.4,28.4,2.0,6.0,1000.1,13.15,10,5.0,18.9,72.8167,23.9,71.1,251.2,12.8,11.1,-0.2614,-0.9652,-0.5,-0.866,0.191,14.5,LOW
2024-07-17,Bombay / Colaba,7,Monsoon,27.7,26.9,29.4,2.5,6.6,1001.5,11.75,10,5.0,18.9,72.8167,34.8,71.5,274.9,23.9,10.9,-0.278,-0.9606,-0.5,-0.866,0.2821,8.8,LOW
2024-07-18,Bombay / Colaba,7,Monsoon,26.4,25.0,27.4,2.4,6.3,1002.2,11.05,10,5.0,18.9,72.8167,60.7,119.4,286.5,34.8,25.9,-0.2945,-0.9557,-0.5,-0.866,0.295,24.2,LOW
2024-07-19,Bombay / Colaba,7,Monsoon,27.1,25.8,27.8,2.0,10.4,1000.7,12.55,10,5.0,18.9,72.8167,52.0,147.5,289.2,60.7,-8.7,-0.3109,-0.9505,-0.5,-0.866,0.5291,23.4,MODERATE
2024-07-20,Bombay / Colaba,7,Monsoon,27.1,26.4,27.7,1.3,11.6,1001.0,12.25,10,5.0,18.9,72.8167,83.8,196.5,302.4,52.0,31.8,-0.3272,-0.945,-0.5,-0.866,0.549,39.8,MODERATE
2024-07-21,Bombay / Colaba,7,Monsoon,27.1,26.6,27.7,1.1,9.7,1001.5,11.75,10,5.0,18.9,72.8167,90.4,226.2,358.4,83.8,6.6,-0.3434,-0.9392,-0.5,-0.866,0.8302,37.4,HIGH
2024-07-22,Bombay / Colaba,7,Monsoon,27.0,25.8,27.5,1.7,12.4,1003.5,9.75,10,5.0,18.9,72.8167,41.5,215.7,387.1,90.4,-48.9,-0.3595,-0.9332,-0.5,-0.866,0.6552,26.7,MODERATE
2024-07-23,Bombay / Colaba,7,Monsoon,27.1,26.4,27.5,1.1,12.0,1004.2,9.05,10,5.0,18.9,72.8167,40.4,172.3,403.6,41.5,-1.1,-0.3755,-0.9268,-0.5,-0.866,0.4437,14.4,LOW
2024-07-24,Bombay / Colaba,7,Monsoon,27.5,27.1,28.4,1.3,15.3,1002.2,11.05,10,5.0,18.9,72.8167,44.7,126.6,413.5,40.4,4.3,-0.3914,-0.9202,-0.5,-0.866,0.6228,8.9,MODERATE
2024-07-25,Bombay / Colaba,7,Monsoon,26.8,25.4,27.6,2.2,16.4,1000.6,12.65,10,5.0,18.9,72.8167,79.6,164.7,432.4,44.7,34.9,-0.4071,-0.9134,-0.5,-0.866,0.525,23.4,MODERATE
2024-07-26,Bombay / Colaba,7,Monsoon,27.8,26.6,28.5,1.9,12.2,1002.2,11.05,10,5.0,18.9,72.8167,13.2,137.5,393.6,79.6,-66.4,-0.4228,-0.9062,-0.5,-0.866,0.4307,17.3,LOW
2024-07-27,Bombay / Colaba,7,Monsoon,28.1,27.2,28.7,1.5,15.2,1003.0,10.25,10,5.0,18.9,72.8167,5.9,98.7,315.7,13.2,-7.3,-0.4383,-0.8988,-0.5,-0.866,0.2818,13.6,LOW
2024-07-28,Bombay / Colaba,7,Monsoon,28.2,27.6,29.0,1.4,9.6,1000.9,12.35,10,5.0,18.9,72.8167,15.9,35.0,241.2,5.9,10.0,-0.4537,-0.8912,-0.5,-0.866,0.0,5.5,SAFE
2024-07-29,Bombay / Colaba,7,Monsoon,27.8,27.0,28.6,1.6,12.2,999.4,13.85,10,5.0,18.9,72.8167,31.0,52.8,230.7,15.9,15.1,-0.469,-0.8832,-0.5,-0.866,0.5522,9.8,LOW
2024-07-30,Bombay / Colaba,7,Monsoon,27.9,27.0,29.2,2.2,10.5,1002.3,10.95,10,5.0,18.9,72.8167,17.3,64.2,207.6,31.0,-13.7,-0.4841,-0.875,-0.5,-0.866,0.2094,16.4,LOW
2024-07-31,Bombay / Colaba,7,Monsoon,28.3,27.4,30.4,3.0,9.5,1005.1,8.15,10,5.0,18.9,72.8167,25.5,73.8,188.4,17.3,8.2,-0.4991,-0.8666,-0.5,-0.866,0.1794,11.4,LOW
2024-08-01,Bombay / Colaba,8,Monsoon,28.2,27.4,29.2,1.8,9.9,1004.9,8.35,10,5.0,18.9,72.8167,38.0,80.8,146.8,25.5,12.5,-0.5139,-0.8578,-0.866,-0.5,0.1968,9.5,LOW
2024-08-02,Bombay / Colaba,8,Monsoon,27.8,27.1,28.9,1.8,14.5,1004.5,8.75,10,5.0,18.9,72.8167,36.4,99.9,170.0,38.0,-1.6,-0.5286,-0.8489,-0.866,-0.5,0.3421,21.7,LOW
2024-08-03,Bombay / Colaba,8,Monsoon,27.7,27.0,28.4,1.4,16.0,1004.7,8.55,10,5.0,18.9,72.8167,61.0,135.4,225.1,36.4,24.6,-0.5431,-0.8397,-0.866,-0.5,0.5281,20.5,MODERATE
2024-08-04,Bombay / Colaba,8,Monsoon,27.3,26.8,27.6,0.8,14.3,1005.1,8.15,10,5.0,18.9,72.8167,34.0,131.4,243.2,61.0,-27.0,-0.5575,-0.8302,-0.866,-0.5,0.4112,39.0,LOW
2024-08-05,Bombay / Colaba,8,Monsoon,27.8,26.9,29.4,2.5,9.3,1006.0,7.25,10,5.0,18.9,72.8167,10.9,105.9,223.1,34.0,-23.1,-0.5717,-0.8205,-0.866,-0.5,0.2154,9.0,LOW
2024-08-06,Bombay / Colaba,8,Monsoon,27.9,26.8,30.0,3.2,7.7,1006.2,7.05,10,5.0,18.9,72.8167,10.9,55.8,216.7,10.9,0.0,-0.5857,-0.8105,-0.866,-0.5,0.238,6.3,LOW
2024-08-07,Bombay / Colaba,8,Monsoon,28.3,26.8,31.0,4.2,6.5,1006.3,6.95,10,5.0,18.9,72.8167,6.5,28.3,197.7,10.9,-4.4,-0.5996,-0.8003,-0.866,-0.5,0.0676,0.0,SAFE
2024-08-08,Bombay / Colaba,8,Monsoon,28.6,27.3,30.0,2.7,6.8,1007.1,6.15,10,5.0,18.9,72.8167,7.1,24.5,166.8,6.5,0.6,-0.6132,-0.7899,-0.866,-0.5,0.0,6.2,SAFE
2024-08-09,Bombay / Colaba,8,Monsoon,28.2,27.3,29.3,2.0,6.3,1008.1,5.15,10,5.0,18.9,72.8167,12.8,26.4,143.2,7.1,5.7,-0.6267,-0.7792,-0.866,-0.5,0.1213,1.8,LOW
2024-08-10,Bombay / Colaba,8,Monsoon,28.4,27.2,30.0,2.8,5.6,1008.5,4.75,10,5.0,18.9,72.8167,9.0,28.9,91.2,12.8,-3.8,-0.64,-0.7683,-0.866,-0.5,0.0,14.4,SAFE
2024-08-11,Bombay / Colaba,8,Monsoon,28.6,27.4,30.4,3.0,4.8,1006.9,6.35,10,5.0,18.9,72.8167,2.1,23.9,59.3,9.0,-6.9,-0.6532,-0.7572,-0.866,-0.5,0.1168,0.0,SAFE
2024-08-12,Bombay / Colaba,8,Monsoon,28.8,27.2,31.0,3.8,4.8,1006.2,7.05,10,5.0,18.9,72.8167,4.1,15.2,52.5,2.1,2.0,-0.6661,-0.7459,-0.866,-0.5,0.0,0.0,SAFE
2024-08-13,Bombay / Colaba,8,Monsoon,29.0,27.4,31.4,4.0,3.8,1006.8,6.45,10,5.0,18.9,72.8167,1.9,8.1,43.5,4.1,-2.2,-0.6788,-0.7343,-0.866,-0.5,0.0721,0.0,SAFE
2024-08-14,Bombay / Colaba,8,Monsoon,29.0,27.3,31.2,3.9,4.7,1006.7,6.55,10,5.0,18.9,72.8167,0.7,6.7,37.7,1.9,-1.2,-0.6914,-0.7225,-0.866,-0.5,0.1849,0.0,SAFE
2024-08-15,Bombay / Colaba,8,Monsoon,29.3,27.7,31.6,3.9,3.0,1005.8,7.45,10,5.0,18.9,72.8167,0.2,2.8,30.8,0.7,-0.5,-0.7037,-0.7105,-0.866,-0.5,0.0,0.0,SAFE
2024-08-16,Bombay / Colaba,8,Monsoon,29.4,27.8,31.9,4.1,2.5,1004.7,8.55,10,5.0,18.9,72.8167,0.3,1.2,18.3,0.2,0.1,-0.7158,-0.6983,-0.866,-0.5,0.0,0.0,SAFE
2024-08-17,Bombay / Colaba,8,Monsoon,29.4,27.5,32.2,4.7,1.1,1005.5,7.75,10,5.0,18.9,72.8167,0.4,0.9,9.7,0.3,0.1,-0.7277,-0.6859,-0.866,-0.5,0.0,0.0,SAFE
2024-08-18,Bombay / Colaba,8,Monsoon,29.0,27.0,31.4,4.4,1.3,1006.1,7.15,10,5.0,18.9,72.8167,0.0,0.7,7.6,0.4,-0.4,-0.7394,-0.6733,-0.866,-0.5,0.0,0.0,SAFE
2024-08-19,Bombay / Colaba,8,Monsoon,29.3,27.5,31.4,3.9,1.9,1005.3,7.95,10,5.0,18.9,72.8167,11.3,11.7,14.8,0.0,11.3,-0.7509,-0.6605,-0.866,-0.5,0.069,1.4,SAFE
2024-08-20,Bombay / Colaba,8,Monsoon,28.3,27.0,30.8,3.8,1.8,1004.9,8.35,10,5.0,18.9,72.8167,6.8,18.1,19.7,11.3,-4.5,-0.7621,-0.6474,-0.866,-0.5,0.0062,11.1,SAFE
2024-08-21,Bombay / Colaba,8,Monsoon,28.6,26.6,31.0,4.4,2.8,1005.4,7.85,10,5.0,18.9,72.8167,0.0,18.1,19.0,6.8,-6.8,-0.7731,-0.6342,-0.866,-0.5,0.1326,3.7,SAFE
2024-08-22,Bombay / Colaba,8,Monsoon,29.1,27.0,32.0,5.0,1.9,1004.8,8.45,10,5.0,18.9,72.8167,0.2,7.0,19.0,0.0,0.2,-0.7839,-0.6208,-0.866,-0.5,0.0,0.0,SAFE
2024-08-23,Bombay / Colaba,8,Monsoon,28.5,26.8,31.1,4.3,2.1,1005.1,8.15,10,5.0,18.9,72.8167,25.8,26.0,44.5,0.2,25.6,-0.7945,-0.6073,-0.866,-0.5,0.113,5.3,LOW
2024-08-24,Bombay / Colaba,8,Monsoon,26.8,26.3,28.0,1.7,6.8,1006.2,7.05,10,5.0,18.9,72.8167,67.1,93.1,111.2,25.8,41.3,-0.8048,-0.5935,-0.866,-0.5,0.4583,16.3,MODERATE
2024-08-25,Bombay / Colaba,8,Monsoon,26.8,26.4,27.6,1.2,12.3,1005.6,7.65,10,5.0,18.9,72.8167,50.2,143.1,161.4,67.1,-16.9,-0.8149,-0.5796,-0.866,-0.5,0.4943,27.7,MODERATE
2024-08-26,Bombay / Colaba,8,Monsoon,27.6,27.0,29.2,2.2,15.1,1004.0,9.25,10,5.0,18.9,72.8167,20.0,137.3,170.1,50.2,-30.2,-0.8248,-0.5655,-0.866,-0.5,0.4802,9.3,LOW
2024-08-27,Bombay / Colaba,8,Monsoon,27.7,26.0,29.0,3.0,14.9,1005.0,8.25,10,5.0,18.9,72.8167,46.1,116.3,209.4,20.0,26.1,-0.8344,-0.5512,-0.866,-0.5,0.2352,28.6,LOW
2024-08-28,Bombay / Colaba,8,Monsoon,28.0,27.0,30.0,3.0,14.9,1006.2,7.05,10,5.0,18.9,72.8167,10.9,77.0,220.3,46.1,-35.2,-0.8437,-0.5368,-0.866,-0.5,0.2058,0.0,LOW
2024-08-29,Bombay / Colaba,8,Monsoon,28.4,27.2,30.1,2.9,12.0,1005.6,7.65,10,5.0,18.9,72.8167,6.1,63.1,226.2,10.9,-4.8,-0.8528,-0.5222,-0.866,-0.5,0.2241,1.9,LOW
2024-08-30,Bombay / Colaba,8,Monsoon,28.7,27.3,31.6,4.3,8.8,1005.6,7.65,10,5.0,18.9,72.8167,0.0,17.0,200.4,6.1,-6.1,-0.8617,-0.5074,-0.866,-0.5,0.0791,0.0,SAFE
2024-08-31,Bombay / Colaba,8,Monsoon,28.7,27.2,31.0,3.8,7.9,1006.3,6.95,10,5.0,18.9,72.8167,3.0,9.1,136.3,0.0,3.0,-0.8703,-0.4925,-0.866,-0.5,0.1995,4.9,LOW
2024-09-01,Bombay / Colaba,9,Monsoon,28.6,27.2,30.6,3.4,6.0,1006.6,6.65,10,5.0,18.9,72.8167,0.5,3.5,86.6,3.0,-2.5,-0.8786,-0.4775,-1.0,-0.0,0.0,0.0,SAFE
2024-09-02,Bombay / Colaba,9,Monsoon,28.1,26.8,29.8,3.0,5.6,1006.3,6.95,10,5.0,18.9,72.8167,0.0,3.5,66.6,0.5,-0.5,-0.8867,-0.4623,-1.0,-0.0,0.0,0.0,SAFE
2024-09-03,Bombay / Colaba,9,Monsoon,28.1,26.8,30.4,3.6,5.5,1006.3,6.95,10,5.0,18.9,72.8167,22.1,22.6,42.6,0.0,22.1,-0.8945,-0.447,-1.0,-0.0,0.2399,2.1,LOW
2024-09-04,Bombay / Colaba,9,Monsoon,28.5,26.9,31.4,4.5,5.8,1006.9,6.35,10,5.0,18.9,72.8167,11.9,34.0,43.6,22.1,-10.2,-0.9021,-0.4315,-1.0,-0.0,0.1543,7.2,LOW
2024-09-05,Bombay / Colaba,9,Monsoon,27.9,26.6,30.0,3.4,6.2,1005.9,7.35,10,5.0,18.9,72.8167,40.2,74.2,77.7,11.9,28.3,-0.9094,-0.4159,-1.0,-0.0,0.3046,17.1,LOW
2024-09-06,Bombay / Colaba,9,Monsoon,27.9,26.6,29.7,3.1,4.4,1006.5,6.75,10,5.0,18.9,72.8167,14.4,66.5,92.1,40.2,-25.8,-0.9164,-0.4002,-1.0,-0.0,0.2593,5.9,LOW
2024-09-07,Bombay / Colaba,9,Monsoon,28.3,26.7,31.4,4.7,4.7,1007.2,6.05,10,5.0,18.9,72.8167,11.6,66.2,100.7,14.4,-2.8,-0.9232,-0.3844,-1.0,-0.0,0.1221,4.2,LOW
2024-09-08,Bombay / Colaba,9,Monsoon,28.9,27.0,32.4,5.4,3.4,1007.4,5.85,10,5.0,18.9,72.8167,3.5,29.5,103.7,11.6,-8.1,-0.9296,-0.3685,-1.0,-0.0,0.0309,6.6,SAFE
2024-09-09,Bombay / Colaba,9,Monsoon,28.6,27.1,31.6,4.5,2.8,1005.3,7.95,10,5.0,18.9,72.8167,5.4,20.5,109.1,3.5,1.9,-0.9358,-0.3524,-1.0,-0.0,0.0356,0.6,SAFE
2024-09-10,Bombay / Colaba,9,Monsoon,28.1,27.0,31.4,4.4,2.4,1004.2,9.05,10,5.0,18.9,72.8167,5.9,14.8,92.9,5.4,0.5,-0.9418,-0.3363,-1.0,-0.0,0.2271,1.2,LOW
2024-09-11,Bombay / Colaba,9,Monsoon,28.3,26.7,31.0,4.3,3.4,1005.3,7.95,10,5.0,18.9,72.8167,8.8,20.1,89.8,5.9,2.9,-0.9474,-0.32,-1.0,-0.0,0.0,14.6,SAFE
2024-09-12,Bombay / Colaba,9,Monsoon,28.1,26.4,30.5,4.1,4.6,1007.0,6.25,10,5.0,18.9,72.8167,9.2,23.9,58.8,8.8,0.4,-0.9528,-0.3037,-1.0,-0.0,0.1567,0.0,LOW
2024-09-13,Bombay / Colaba,9,Monsoon,28.4,26.3,31.0,4.7,5.4,1007.8,5.45,10,5.0,18.9,72.8167,6.4,24.4,50.8,9.2,-2.8,-0.9579,-0.2873,-1.0,-0.0,0.1055,0.0,SAFE
2024-09-14,Bombay / Colaba,9,Monsoon,28.0,26.3,30.5,4.2,4.9,1007.4,5.85,10,5.0,18.9,72.8167,10.3,25.9,49.5,6.4,3.9,-0.9627,-0.2707,-1.0,-0.0,0.0,9.2,SAFE
2024-09-15,Bombay / Colaba,9,Monsoon,27.1,24.8,30.2,5.4,3.1,1007.7,5.55,10,5.0,18.9,72.8167,8.1,24.8,54.1,10.3,-2.2,-0.9672,-0.2541,-1.0,-0.0,0.1436,0.0,SAFE
2024-09-16,Bombay / Colaba,9,Monsoon,27.7,25.6,30.8,5.2,1.6,1008.5,4.75,10,5.0,18.9,72.8167,3.9,22.3,52.6,8.1,-4.2,-0.9714,-0.2375,-1.0,-0.0,0.1362,0.7,SAFE
2024-09-17,Bombay / Colaba,9,Monsoon,28.2,26.1,31.4,5.3,3.6,1008.6,4.65,10,5.0,18.9,72.8167,0.3,12.3,47.0,3.9,-3.6,-0.9753,-0.2207,-1.0,-0.0,0.1152,0.0,SAFE
2024-09-18,Bombay / Colaba,9,Monsoon,28.2,26.0,32.0,6.0,1.5,1006.9,6.35,10,5.0,18.9,72.8167,0.2,4.4,38.4,0.3,-0.1,-0.979,-0.2039,-1.0,-0.0,0.0,0.0,SAFE
2024-09-19,Bombay / Colaba,9,Monsoon,28.5,26.4,32.4,6.0,0.8,1007.1,6.15,10,5.0,18.9,72.8167,0.0,0.5,29.2,0.2,-0.2,-0.9824,-0.187,-1.0,-0.0,0.0,0.0,SAFE
2024-09-20,Bombay / Colaba,9,Monsoon,28.5,26.3,31.8,5.5,1.0,1007.4,5.85,10,5.0,18.9,72.8167,2.2,2.4,25.0,0.0,2.2,-0.9854,-0.1701,-1.0,-0.0,0.0,5.1,SAFE
2024-09-21,Bombay / Colaba,9,Monsoon,28.4,26.6,31.0,4.4,1.7,1008.0,5.25,10,5.0,18.9,72.8167,5.4,7.6,20.1,2.2,3.2,-0.9882,-0.1531,-1.0,-0.0,0.1438,5.9,SAFE
2024-09-22,Bombay / Colaba,9,Monsoon,28.6,26.7,31.8,5.1,2.2,1007.5,5.75,10,5.0,18.9,72.8167,2.3,9.9,14.3,5.4,-3.1,-0.9907,-0.1361,-1.0,-0.0,0.1375,0.0,SAFE
2024-09-23,Bombay / Colaba,9,Monsoon,28.4,27.0,30.6,3.6,1.8,1006.4,6.85,10,5.0,18.9,72.8167,9.3,17.0,19.7,2.3,7.0,-0.9929,-0.1191,-1.0,-0.0,0.0133,0.0,SAFE
2024-09-24,Bombay / Colaba,9,Monsoon,27.4,25.6,28.9,3.3,2.5,1004.8,8.45,10,5.0,18.9,72.8167,50.3,61.9,69.7,9.3,41.0,-0.9948,-0.102,-1.0,-0.0,0.447,4.6,LOW
2024-09-25,Bombay / Colaba,9,Monsoon,27.0,26.4,28.4,2.0,2.3,1003.8,9.45,10,5.0,18.9,72.8167,54.4,114.0,123.9,50.3,4.1,-0.9964,-0.0848,-1.0,-0.0,0.4359,13.4,MODERATE
2024-09-26,Bombay / Colaba,9,Monsoon,26.6,26.0,27.8,1.8,2.5,1003.2,10.05,10,5.0,18.9,72.8167,51.1,155.8,175.0,54.4,-3.3,-0.9977,-0.0677,-1.0,-0.0,0.305,27.2,LOW
2024-09-27,Bombay / Colaba,9,Monsoon,26.5,25.8,27.8,2.0,5.3,1004.6,8.65,10,5.0,18.9,72.8167,57.7,163.2,230.5,51.1,6.6,-0.9987,-0.0505,-1.0,-0.0,0.6892,28.8,MODERATE
2024-09-28,Bombay / Colaba,9,Monsoon,26.8,26.0,29.1,3.1,3.5,1007.7,5.55,10,5.0,18.9,72.8167,7.7,116.5,232.8,57.7,-50.0,-0.9994,-0.0333,-1.0,-0.0,0.1652,9.5,LOW
2024-09-29,Bombay / Colaba,9,Monsoon,27.7,25.8,31.2,5.4,2.3,1009.8,3.45,10,5.0,18.9,72.8167,3.1,68.5,233.6,7.7,-4.6,-0.9999,-0.0161,-1.0,-0.0,0.0619,4.9,SAFE
2024-09-30,Bombay / Colaba,9,Monsoon,28.6,26.1,31.8,5.7,1.8,1009.9,3.35,10,5.0,18.9,72.8167,0.0,10.8,224.3,3.1,-3.1,-1.0,0.0011,-1.0,-0.0,0.0072,0.0,SAFE
2015-07-01,Bombay / Juhu,7,Monsoon,29.8,27.5,32.8,5.3,16.8,1004.0,9.25,4,11.0,19.1167,72.8333,6.1,6.1,6.1,0.0,6.1,0.0108,-0.9999,-0.5,-0.866,0.1416,5.4,SAFE
2015-07-02,Bombay / Juhu,7,Monsoon,29.9,27.6,32.7,5.1,16.8,1004.0,9.25,4,11.0,19.1167,72.8333,0.0,6.1,6.1,6.1,-6.1,-0.0065,-1.0,-0.5,-0.866,0.0765,4.7,SAFE
2015-07-03,Bombay / Juhu,7,Monsoon,30.1,27.8,33.0,5.2,16.8,1004.0,9.25,4,11.0,19.1167,72.8333,0.0,6.1,6.1,0.0,0.0,-0.0237,-0.9997,-0.5,-0.866,0.14,0.0,SAFE
2015-07-04,Bombay / Juhu,7,Monsoon,30.0,28.0,32.7,4.7,16.8,1004.0,9.25,4,11.0,19.1167,72.8333,0.0,0.0,6.1,0.0,0.0,-0.0408,-0.9992,-0.5,-0.866,0.0,0.0,SAFE
2015-07-05,Bombay / Juhu,7,Monsoon,29.9,27.6,32.6,5.0,16.8,1004.0,9.25,4,11.0,19.1167,72.8333,0.0,0.0,6.1,0.0,0.0,-0.058,-0.9983,-0.5,-0.866,0.0,0.0,SAFE
2015-07-06,Bombay / Juhu,7,Monsoon,29.8,28.0,32.3,4.3,16.8,1004.0,9.25,4,11.0,19.1167,72.8333,0.0,0.0,6.1,0.0,0.0,-0.0752,-0.9972,-0.5,-0.866,0.0,0.0,SAFE
2015-07-07,Bombay / Juhu,7,Monsoon,29.8,28.2,32.7,4.5,16.8,1004.0,9.25,4,11.0,19.1167,72.8333,0.0,0.0,6.1,0.0,0.0,-0.0923,-0.9957,-0.5,-0.866,0.0,0.0,SAFE
2015-07-08,Bombay / Juhu,7,Monsoon,29.9,26.2,30.0,3.8,16.8,1004.0,9.25,4,11.0,19.1167,72.8333,4.1,4.1,4.1,0.0,4.1,-0.1094,-0.994,-0.5,-0.866,0.088,17.1,SAFE
2015-07-09,Bombay / Juhu,7,Monsoon,30.1,27.8,32.9,5.1,16.8,1004.0,9.25,4,11.0,19.1167,72.8333,0.3,4.4,4.4,4.1,-3.8,-0.1265,-0.992,-0.5,-0.866,0.0,0.0,SAFE
2015-07-10,Bombay / Juhu,7,Monsoon,29.9,28.2,32.3,4.1,16.8,1004.0,9.25,4,11.0,19.1167,72.8333,0.5,4.9,4.9,0.3,0.2,-0.1436,-0.9896,-0.5,-0.866,0.0,0.0,SAFE
2015-07-11,Bombay / Juhu,7,Monsoon,29.5,26.6,32.2,5.6,16.8,1004.0,9.25,4,11.0,19.1167,72.8333,2.0,2.8,6.9,0.5,1.5,-0.1606,-0.987,-0.5,-0.866,0.0367,0.0,SAFE
2015-07-12,Bombay / Juhu,7,Monsoon,29.8,26.2,32.6,6.4,16.8,1004.0,9.25,4,11.0,19.1167,72.8333,6.1,8.6,13.0,2.0,4.1,-0.1775,-0.9841,-0.5,-0.866,0.0908,6.7,SAFE
2015-07-13,Bombay / Juhu,7,Monsoon,29.9,28.0,32.6,4.6,16.8,1004.0,9.25,4,11.0,19.1167,72.8333,0.0,8.1,13.0,6.1,-6.1,-0.1944,-0.9809,-0.5,-0.866,0.0678,3.2,SAFE
2015-07-14,Bombay / Juhu,7,Monsoon,30.0,26.4,32.8,6.4,16.8,1004.0,9.25,4,11.0,19.1167,72.8333,2.0,8.1,15.0,0.0,2.0,-0.2113,-0.9774,-0.5,-0.866,0.1589,1.8,SAFE
2015-07-15,Bombay / Juhu,7,Monsoon,30.1,27.6,33.0,5.4,16.8,1004.0,9.25,4,11.0,19.1167,72.8333,1.0,3.0,11.9,2.0,-1.0,-0.2281,-0.9736,-0.5,-0.866,0.0,0.0,SAFE
2015-07-16,Bombay / Juhu,7,Monsoon,29.8,27.8,32.3,4.5,16.8,1004.0,9.25,4,11.0,19.1167,72.8333,0.0,3.0,11.6,1.0,-1.0,-0.2448,-0.9696,-0.5,-0.866,0.0,0.0,SAFE
2015-07-17,Bombay / Juhu,7,Monsoon,29.6,26.2,31.5,5.3,16.8,1004.0,9.25,4,11.0,19.1167,72.8333,5.1,6.1,16.2,0.0,5.1,-0.2614,-0.9652,-0.5,-0.866,0.2326,9.7,LOW
2015-07-18,Bombay / Juhu,7,Monsoon,29.6,26.2,32.0,5.8,16.8,1004.0,9.25,4,11.0,19.1167,72.8333,3.0,8.1,17.2,5.1,-2.1,-0.278,-0.9606,-0.5,-0.866,0.0,5.3,SAFE
2015-07-19,Bombay / Juhu,7,Monsoon,29.6,26.2,30.0,3.8,16.8,1004.0,9.25,4,11.0,19.1167,72.8333,5.1,13.2,16.2,3.0,2.1,-0.2945,-0.9557,-0.5,-0.866,0.0751,9.4,SAFE
2015-07-20,Bombay / Juhu,7,Monsoon,29.0,25.7,31.6,5.9,16.8,1004.0,9.25,4,11.0,19.1167,72.8333,0.5,8.6,16.7,5.1,-4.6,-0.3109,-0.9505,-0.5,-0.866,0.0127,0.1,SAFE
2015-07-21,Bombay / Juhu,7,Monsoon,27.9,24.2,30.0,5.8,16.8,1004.0,9.25,4,11.0,19.1167,72.8333,61.0,66.6,75.7,0.5,60.5,-0.3272,-0.945,-0.5,-0.866,0.5113,26.0,MODERATE
2015-07-22,Bombay / Juhu,7,Monsoon,27.1,24.5,29.0,4.5,16.8,1004.0,9.25,4,11.0,19.1167,72.8333,49.0,110.5,123.7,61.0,-12.0,-0.3434,-0.9392,-0.5,-0.866,0.4464,47.6,LOW
2015-07-23,Bombay / Juhu,7,Monsoon,27.4,24.4,30.0,5.6,16.8,1004.0,9.25,4,11.0,19.1167,72.8333,46.0,156.0,169.7,49.0,-3.0,-0.3595,-0.9332,-0.5,-0.866,0.614,46.4,MODERATE
2015-07-24,Bombay / Juhu,7,Monsoon,28.1,24.7,30.3,5.6,16.8,1004.0,9.25,4,11.0,19.1167,72.8333,37.1,132.1,201.7,46.0,-8.9,-0.3755,-0.9268,-0.5,-0.866,0.3592,36.7,LOW
2015-07-25,Bombay / Juhu,7,Monsoon,28.7,25.0,30.7,5.7,16.8,1004.0,9.25,4,11.0,19.1167,72.8333,29.0,112.1,227.7,37.1,-8.1,-0.3914,-0.9202,-0.5,-0.866,0.391,39.8,LOW
2015-07-26,Bombay / Juhu,7,Monsoon,28.6,25.2,31.2,6.0,16.8,1004.0,9.25,4,11.0,19.1167,72.8333,8.9,75.0,231.5,29.0,-20.1,-0.4071,-0.9134,-0.5,-0.866,0.3025,7.8,LOW
2015-07-27,Bombay / Juhu,7,Monsoon,27.8,25.7,30.0,4.3,16.8,1004.0,9.25,4,11.0,19.1167,72.8333,7.9,45.8,238.9,8.9,-1.0,-0.4228,-0.9062,-0.5,-0.866,0.0,7.1,SAFE
2015-07-28,Bombay / Juhu,7,Monsoon,28.0,25.4,29.6,4.2,16.8,1004.0,9.25,4,11.0,19.1167,72.8333,27.9,44.7,205.8,7.9,20.0,-0.4383,-0.8988,-0.5,-0.866,0.5027,16.2,LOW
2015-07-29,Bombay / Juhu,7,Monsoon,27.7,24.4,29.5,5.1,16.8,1004.0,9.25,4,11.0,19.1167,72.8333,32.0,67.8,188.8,27.9,4.1,-0.4537,-0.8912,-0.5,-0.866,0.3053,17.0,LOW
2015-07-30,Bombay / Juhu,7,Monsoon,27.8,23.6,31.2,7.6,16.8,1004.0,9.25,4,11.0,19.1167,72.8333,17.0,76.9,159.8,32.0,-15.0,-0.469,-0.8832,-0.5,-0.866,0.0611,26.0,SAFE
2015-07-31,Bombay / Juhu,7,Monsoon,28.9,25.0,31.5,6.5,16.8,1004.0,9.25,4,11.0,19.1167,72.8333,8.9,57.9,131.6,17.0,-8.1,-0.4841,-0.875,-0.5,-0.866,0.2213,15.1,LOW
2015-08-01,Bombay / Juhu,8,Monsoon,29.1,26.2,31.5,5.3,15.2,1005.9,7.35,4,11.0,19.1167,72.8333,2.0,27.9,104.6,8.9,-6.9,-0.4991,-0.8666,-0.866,-0.5,0.1287,2.2,SAFE
2015-08-02,Bombay / Juhu,8,Monsoon,29.1,26.6,31.9,5.3,15.2,1005.9,7.35,4,11.0,19.1167,72.8333,2.0,12.9,97.7,2.0,0.0,-0.5139,-0.8578,-0.866,-0.5,0.0941,0.0,SAFE
2015-08-03,Bombay / Juhu,8,Monsoon,28.9,26.6,30.0,3.4,15.2,1005.9,7.35,4,11.0,19.1167,72.8333,0.5,4.5,90.3,2.0,-1.5,-0.5286,-0.8489,-0.866,-0.5,0.0,0.0,SAFE
2015-08-04,Bombay / Juhu,8,Monsoon,28.8,26.8,30.6,3.8,15.2,1005.9,7.35,4,11.0,19.1167,72.8333,0.0,2.5,62.4,0.5,-0.5,-0.5431,-0.8397,-0.866,-0.5,0.0,0.0,SAFE
2015-08-05,Bombay / Juhu,8,Monsoon,28.1,26.0,29.3,3.3,15.2,1005.9,7.35,4,11.0,19.1167,72.8333,2.0,2.5,32.4,0.0,2.0,-0.5575,-0.8302,-0.866,-0.5,0.1184,2.1,SAFE
2015-08-06,Bombay / Juhu,8,Monsoon,28.4,23.2,30.8,7.6,15.2,1005.9,7.35,4,11.0,19.1167,72.8333,22.1,24.1,37.5,2.0,20.1,-0.5717,-0.8205,-0.866,-0.5,0.2672,11.8,LOW
2015-08-07,Bombay / Juhu,8,Monsoon,28.9,26.4,31.8,5.4,15.2,1005.9,7.35,4,11.0,19.1167,72.8333,1.0,25.1,29.6,22.1,-21.1,-0.5857,-0.8105,-0.866,-0.5,0.105,0.0,SAFE
2015-08-08,Bombay / Juhu,8,Monsoon,27.6,24.6,30.4,5.8,10.4,1005.4,7.85,4,11.0,19.1167,72.8333,5.1,28.2,32.7,1.0,4.1,-0.5996,-0.8003,-0.866,-0.5,0.3276,5.7,LOW
2015-08-09,Bombay / Juhu,8,Monsoon,27.1,24.0,29.0,5.0,15.2,1003.9,9.35,4,11.0,19.1167,72.8333,8.9,15.0,39.6,5.1,3.8,-0.6132,-0.7899,-0.866,-0.5,0.0,5.1,SAFE
2015-08-10,Bombay / Juhu,8,Monsoon,26.6,24.2,29.5,5.3,6.4,1003.9,9.35,4,11.0,19.1167,72.8333,8.9,22.9,48.0,8.9,0.0,-0.6267,-0.7792,-0.866,-0.5,0.1668,11.8,LOW
2015-08-11,Bombay / Juhu,8,Monsoon,27.7,24.2,31.2,7.0,6.2,1005.8,7.45,4,11.0,19.1167,72.8333,2.0,19.8,50.0,8.9,-6.9,-0.64,-0.7683,-0.866,-0.5,0.1199,1.9,SAFE
2015-08-12,Bombay / Juhu,8,Monsoon,27.9,23.8,30.8,7.0,15.2,1005.9,7.35,4,11.0,19.1167,72.8333,6.1,17.0,54.1,2.0,4.1,-0.6532,-0.7572,-0.866,-0.5,0.2147,14.2,LOW
2015-08-13,Bombay / Juhu,8,Monsoon,28.2,24.8,31.0,6.2,15.2,1005.9,7.35,4,11.0,19.1167,72.8333,2.0,10.1,34.0,6.1,-4.1,-0.6661,-0.7459,-0.866,-0.5,0.0099,0.0,SAFE
2015-08-14,Bombay / Juhu,8,Monsoon,28.2,25.0,31.5,6.5,15.2,1005.9,7.35,4,11.0,19.1167,72.8333,3.0,11.1,36.0,2.0,1.0,-0.6788,-0.7343,-0.866,-0.5,0.0,9.7,SAFE
2015-08-15,Bombay / Juhu,8,Monsoon,28.3,24.8,30.8,6.0,15.2,1005.9,7.35,4,11.0,19.1167,72.8333,6.1,11.1,37.0,3.0,3.1,-0.6914,-0.7225,-0.866,-0.5,0.1369,4.7,SAFE
2015-08-16,Bombay / Juhu,8,Monsoon,28.2,25.4,31.7,6.3,15.2,1005.9,7.35,4,11.0,19.1167,72.8333,7.1,16.2,35.2,6.1,1.0,-0.7037,-0.7105,-0.866,-0.5,0.1627,8.9,LOW
2015-08-17,Bombay / Juhu,8,Monsoon,28.1,25.0,31.3,6.3,15.2,1007.5,5.75,4,11.0,19.1167,72.8333,11.9,25.1,38.2,7.1,4.8,-0.7158,-0.6983,-0.866,-0.5,0.3269,13.5,LOW
2015-08-18,Bombay / Juhu,8,Monsoon,28.7,24.8,31.9,7.1,7.7,1008.2,5.05,4,11.0,19.1167,72.8333,10.9,29.9,47.1,11.9,-1.0,-0.7277,-0.6859,-0.866,-0.5,0.0393,15.0,SAFE
2015-08-19,Bombay / Juhu,8,Monsoon,29.3,25.3,32.0,6.7,15.2,1005.9,7.35,4,11.0,19.1167,72.8333,0.0,22.8,41.0,10.9,-10.9,-0.7394,-0.6733,-0.866,-0.5,0.2288,0.2,LOW
2015-08-20,Bombay / Juhu,8,Monsoon,29.3,25.7,32.0,6.3,15.2,1005.9,7.35,4,11.0,19.1167,72.8333,0.0,10.9,39.0,0.0,0.0,-0.7509,-0.6605,-0.866,-0.5,0.3383,0.0,LOW
2015-08-21,Bombay / Juhu,8,Monsoon,29.1,25.2,32.2,7.0,15.2,1005.9,7.35,4,11.0,19.1167,72.8333,0.3,0.3,36.3,0.0,0.3,-0.7621,-0.6474,-0.866,-0.5,0.0,0.0,SAFE
2015-08-22,Bombay / Juhu,8,Monsoon,29.1,24.0,31.6,7.6,15.2,1005.9,7.35,4,11.0,19.1167,72.8333,5.1,5.4,35.3,0.3,4.8,-0.7731,-0.6342,-0.866,-0.5,0.0,2.9,SAFE
2015-08-23,Bombay / Juhu,8,Monsoon,29.3,26.6,31.8,5.2,15.2,1005.9,7.35,4,11.0,19.1167,72.8333,0.0,5.4,28.2,5.1,-5.1,-0.7839,-0.6208,-0.866,-0.5,0.0387,1.9,SAFE
2015-08-24,Bombay / Juhu,8,Monsoon,28.7,25.8,32.5,6.7,15.2,1005.9,7.35,4,11.0,19.1167,72.8333,0.0,5.1,16.3,0.0,0.0,-0.7945,-0.6073,-0.866,-0.5,0.0825,7.2,SAFE
2015-08-25,Bombay / Juhu,8,Monsoon,27.4,25.3,30.2,4.9,15.2,1005.9,7.35,4,11.0,19.1167,72.8333,3.0,3.0,8.4,0.0,3.0,-0.8048,-0.5935,-0.866,-0.5,0.152,0.0,SAFE
2015-08-26,Bombay / Juhu,8,Monsoon,29.2,24.7,31.8,7.1,15.2,1005.9,7.35,4,11.0,19.1167,72.8333,8.9,11.9,17.3,3.0,5.9,-0.8149,-0.5796,-0.866,-0.5,0.0736,7.8,SAFE
2015-08-27,Bombay / Juhu,8,Monsoon,29.1,25.5,31.7,6.2,15.2,1005.9,7.35,4,11.0,19.1167,72.8333,0.0,11.9,17.3,8.9,-8.9,-0.8248,-0.5655,-0.866,-0.5,0.2545,0.0,LOW
2015-08-28,Bombay / Juhu,8,Monsoon,26.6,24.5,28.8,4.3,15.2,1005.9,7.35,4,11.0,19.1167,72.8333,7.9,16.8,24.9,0.0,7.9,-0.8344,-0.5512,-0.866,-0.5,0.021,2.5,SAFE
2015-08-29,Bombay / Juhu,8,Monsoon,27.7,24.4,31.5,7.1,15.2,1005.9,7.35,4,11.0,19.1167,72.8333,6.1,14.0,25.9,7.9,-1.8,-0.8437,-0.5368,-0.866,-0.5,0.0,6.0,SAFE
2015-08-30,Bombay / Juhu,8,Monsoon,26.7,24.2,29.6,5.4,15.2,1005.9,7.35,4,11.0,19.1167,72.8333,10.9,24.9,36.8,6.1,4.8,-0.8528,-0.5222,-0.866,-0.5,0.2814,2.3,LOW
2015-08-31,Bombay / Juhu,8,Monsoon,28.0,23.8,31.0,7.2,15.2,1005.9,7.35,4,11.0,19.1167,72.8333,9.9,26.9,46.7,10.9,-1.0,-0.8617,-0.5074,-0.866,-0.5,0.0,5.2,SAFE
2015-09-01,Bombay / Juhu,9,Monsoon,28.6,24.6,31.8,7.2,10.9,1007.1,6.15,4,11.0,19.1167,72.8333,4.1,24.9,47.8,9.9,-5.8,-0.8703,-0.4925,-1.0,-0.0,0.1097,11.2,SAFE
2015-09-02,Bombay / Juhu,9,Monsoon,27.9,23.3,31.3,8.0,10.9,1007.1,6.15,4,11.0,19.1167,72.8333,4.1,18.1,43.0,4.1,0.0,-0.8786,-0.4775,-1.0,-0.0,0.4483,9.1,LOW
2015-09-03,Bombay / Juhu,9,Monsoon,28.4,23.8,32.0,8.2,10.9,1007.1,6.15,4,11.0,19.1167,72.8333,0.5,8.7,43.5,4.1,-3.6,-0.8867,-0.4623,-1.0,-0.0,0.0876,1.3,SAFE
2015-09-04,Bombay / Juhu,9,Monsoon,29.1,23.8,32.0,8.2,10.9,1007.1,6.15,4,11.0,19.1167,72.8333,0.0,4.6,35.6,0.5,-0.5,-0.8945,-0.447,-1.0,-0.0,0.0,0.0,SAFE
2015-09-05,Bombay / Juhu,9,Monsoon,29.1,23.0,32.2,9.2,10.9,1007.1,6.15,4,11.0,19.1167,72.8333,0.0,0.5,29.5,0.0,0.0,-0.9021,-0.4315,-1.0,-0.0,0.0,0.0,SAFE
2015-09-06,Bombay / Juhu,9,Monsoon,29.2,23.8,32.4,8.6,10.9,1007.1,6.15,4,11.0,19.1167,72.8333,0.0,0.0,18.6,0.0,0.0,-0.9094,-0.4159,-1.0,-0.0,0.0,0.0,SAFE
2015-09-07,Bombay / Juhu,9,Monsoon,28.8,24.4,32.2,7.8,10.9,1007.1,6.15,4,11.0,19.1167,72.8333,0.0,0.0,8.7,0.0,0.0,-0.9164,-0.4002,-1.0,-0.0,0.0,0.0,SAFE
2015-09-08,Bombay / Juhu,9,Monsoon,28.9,23.8,32.0,8.2,10.9,1007.1,6.15,4,11.0,19.1167,72.8333,0.0,0.0,4.6,0.0,0.0,-0.9232,-0.3844,-1.0,-0.0,0.0,0.0,SAFE
2015-09-09,Bombay / Juhu,9,Monsoon,28.6,24.4,31.5,7.1,10.9,1007.1,6.15,4,11.0,19.1167,72.8333,0.0,0.0,0.5,0.0,0.0,-0.9296,-0.3685,-1.0,-0.0,0.0,0.0,SAFE
2015-09-10,Bombay / Juhu,9,Monsoon,27.5,24.8,31.1,6.3,10.9,1007.1,6.15,4,11.0,19.1167,72.8333,3.0,3.0,3.0,0.0,3.0,-0.9358,-0.3524,-1.0,-0.0,0.27,0.0,LOW
2015-09-11,Bombay / Juhu,9,Monsoon,29.1,24.0,32.0,8.0,10.9,1008.6,4.65,4,11.0,19.1167,72.8333,32.0,35.0,35.0,3.0,29.0,-0.9418,-0.3363,-1.0,-0.0,0.3116,24.9,LOW
2015-09-12,Bombay / Juhu,9,Monsoon,28.3,25.0,32.5,7.5,10.9,1007.1,6.15,4,11.0,19.1167,72.8333,0.0,35.0,35.0,32.0,-32.0,-0.9474,-0.32,-1.0,-0.0,0.2021,0.0,SAFE
2015-09-13,Bombay / Juhu,9,Monsoon,27.9,23.7,31.5,7.8,10.9,1007.1,6.15,4,11.0,19.1167,72.8333,17.0,49.0,52.0,0.0,17.0,-0.9528,-0.3037,-1.0,-0.0,0.1659,19.0,LOW
2015-09-14,Bombay / Juhu,9,Monsoon,28.3,23.8,31.5,7.7,10.9,1007.1,6.15,4,11.0,19.1167,72.8333,21.1,38.1,73.1,17.0,4.1,-0.9579,-0.2873,-1.0,-0.0,0.3711,11.3,LOW
2015-09-15,Bombay / Juhu,9,Monsoon,28.7,24.2,30.8,6.6,10.9,1007.1,6.15,4,11.0,19.1167,72.8333,33.0,71.1,106.1,21.1,11.9,-0.9627,-0.2707,-1.0,-0.0,0.318,35.5,LOW
2015-09-16,Bombay / Juhu,9,Monsoon,29.4,24.5,31.0,6.5,10.9,1005.8,7.45,4,11.0,19.1167,72.8333,4.1,58.2,110.2,33.0,-28.9,-0.9672,-0.2541,-1.0,-0.0,0.2103,3.4,LOW
2015-09-17,Bombay / Juhu,9,Monsoon,29.6,26.0,32.0,6.0,12.4,1004.7,8.55,4,11.0,19.1167,72.8333,2.0,39.1,109.2,4.1,-2.1,-0.9714,-0.2375,-1.0,-0.0,0.044,3.7,SAFE
2015-09-18,Bombay / Juhu,9,Monsoon,28.9,28.0,30.0,2.0,17.1,1003.2,10.05,4,11.0,19.1167,72.8333,0.5,6.6,77.7,2.0,-1.5,-0.9753,-0.2207,-1.0,-0.0,0.0,0.0,SAFE
2015-09-19,Bombay / Juhu,9,Monsoon,28.4,25.0,31.1,6.1,16.3,1003.7,9.55,4,11.0,19.1167,72.8333,5.1,7.6,82.8,0.5,4.6,-0.979,-0.2039,-1.0,-0.0,0.1825,1.3,LOW
2015-09-20,Bombay / Juhu,9,Monsoon,27.6,24.0,30.0,6.0,14.4,1004.2,9.05,4,11.0,19.1167,72.8333,32.0,37.6,97.8,5.1,26.9,-0.9824,-0.187,-1.0,-0.0,0.2432,22.6,LOW
2015-09-21,Bombay / Juhu,9,Monsoon,28.6,24.7,32.3,7.6,13.8,1005.1,8.15,4,11.0,19.1167,72.8333,27.9,65.0,104.6,32.0,-4.1,-0.9854,-0.1701,-1.0,-0.0,0.2207,26.8,LOW
2015-09-22,Bombay / Juhu,9,Monsoon,28.6,24.6,32.0,7.4,8.8,1007.6,5.65,4,11.0,19.1167,72.8333,15.0,74.9,86.6,27.9,-12.9,-0.9882,-0.1531,-1.0,-0.0,0.1931,15.9,LOW
2015-09-23,Bombay / Juhu,9,Monsoon,29.1,25.2,32.2,7.0,8.2,1010.1,3.15,4,11.0,19.1167,72.8333,3.0,45.9,85.5,15.0,-12.0,-0.9907,-0.1361,-1.0,-0.0,0.2306,12.0,LOW
2015-09-24,Bombay / Juhu,9,Monsoon,28.7,24.0,32.0,8.0,10.9,1009.4,3.85,4,11.0,19.1167,72.8333,0.0,18.0,83.5,3.0,-3.0,-0.9929,-0.1191,-1.0,-0.0,0.0343,0.0,SAFE
2015-09-25,Bombay / Juhu,9,Monsoon,28.2,23.7,31.8,8.1,8.1,1008.9,4.35,4,11.0,19.1167,72.8333,0.0,3.0,83.0,0.0,0.0,-0.9948,-0.102,-1.0,-0.0,0.0,0.0,SAFE
2015-09-26,Bombay / Juhu,9,Monsoon,27.9,23.8,31.7,7.9,7.8,1009.2,4.05,4,11.0,19.1167,72.8333,0.0,0.0,77.9,0.0,0.0,-0.9964,-0.0848,-1.0,-0.0,0.0,0.0,SAFE
2015-09-27,Bombay / Juhu,9,Monsoon,28.4,21.3,32.0,10.7,10.9,1009.3,3.95,4,11.0,19.1167,72.8333,0.0,0.0,45.9,0.0,0.0,-0.9977,-0.0677,-1.0,-0.0,0.0,0.0,SAFE
2015-09-28,Bombay / Juhu,9,Monsoon,29.8,23.2,34.8,11.6,7.3,1007.9,5.35,4,11.0,19.1167,72.8333,0.0,0.0,18.0,0.0,0.0,-0.9987,-0.0505,-1.0,-0.0,0.0,0.0,SAFE
2015-09-29,Bombay / Juhu,9,Monsoon,31.9,24.3,36.2,11.9,7.9,1007.2,6.05,4,11.0,19.1167,72.8333,0.0,0.0,3.0,0.0,0.0,-0.9994,-0.0333,-1.0,-0.0,0.0,0.0,SAFE
2015-09-30,Bombay / Juhu,9,Monsoon,32.8,24.4,37.4,13.0,9.3,1008.3,4.95,4,11.0,19.1167,72.8333,0.0,0.0,0.0,0.0,0.0,-0.9999,-0.0161,-1.0,-0.0,0.0,0.0,SAFE
2016-07-01,Bombay / Juhu,7,Monsoon,27.8,23.6,30.0,6.4,10.5,1004.0,9.25,4,11.0,19.1167,72.8333,71.1,71.1,71.1,0.0,71.1,-0.0065,-1.0,-0.5,-0.866,0.6464,67.4,MODERATE
2016-07-02,Bombay / Juhu,7,Monsoon,27.2,24.6,28.0,3.4,16.7,1001.7,11.55,4,11.0,19.1167,72.8333,77.0,148.1,148.1,71.1,5.9,-0.0237,-0.9997,-0.5,-0.866,0.782,50.3,MODERATE
2016-07-03,Bombay / Juhu,7,Monsoon,27.9,24.8,30.0,5.2,16.4,1002.2,11.05,4,11.0,19.1167,72.8333,93.0,241.1,241.1,77.0,16.0,-0.0408,-0.9992,-0.5,-0.866,0.9755,111.8,HIGH
2016-07-04,Bombay / Juhu,7,Monsoon,27.6,24.5,30.4,5.9,13.3,1003.6,9.65,4,11.0,19.1167,72.8333,25.9,195.9,267.0,93.0,-67.1,-0.058,-0.9983,-0.5,-0.866,0.6878,42.6,MODERATE
2016-07-05,Bombay / Juhu,7,Monsoon,27.4,24.1,31.0,6.9,12.4,1003.7,9.55,4,11.0,19.1167,72.8333,46.0,164.9,313.0,25.9,20.1,-0.0752,-0.9972,-0.5,-0.866,0.542,36.4,MODERATE
2016-07-06,Bombay / Juhu,7,Monsoon,28.7,24.2,30.0,5.8,12.8,1004.1,9.15,4,11.0,19.1167,72.8333,9.9,81.8,322.9,46.0,-36.1,-0.0923,-0.9957,-0.5,-0.866,0.3137,16.7,LOW
2016-07-07,Bombay / Juhu,7,Monsoon,28.9,25.9,29.2,3.3,13.9,1005.0,8.25,4,11.0,19.1167,72.8333,8.9,64.8,331.8,9.9,-1.0,-0.1094,-0.994,-0.5,-0.866,0.1537,17.5,LOW
2016-07-08,Bombay / Juhu,7,Monsoon,28.4,28.0,29.4,1.4,14.4,1004.0,9.25,4,11.0,19.1167,72.8333,1.0,19.8,261.7,8.9,-7.9,-0.1265,-0.992,-0.5,-0.866,0.3655,4.1,LOW
2016-07-09,Bombay / Juhu,7,Monsoon,28.8,25.4,30.0,4.6,16.9,1002.6,10.65,4,11.0,19.1167,72.8333,10.9,20.8,195.6,1.0,9.9,-0.1436,-0.9896,-0.5,-0.866,0.3673,12.0,LOW
2016-07-10,Bombay / Juhu,7,Monsoon,28.7,27.0,29.0,2.0,20.8,1002.2,11.05,4,11.0,19.1167,72.8333,99.1,111.0,201.7,10.9,88.2,-0.1606,-0.987,-0.5,-0.866,0.7366,55.9,HIGH
2016-07-11,Bombay / Juhu,7,Monsoon,28.3,26.1,29.0,2.9,20.8,1004.0,9.25,4,11.0,19.1167,72.8333,7.1,117.1,182.9,99.1,-92.0,-0.1775,-0.9841,-0.5,-0.866,0.3251,23.9,LOW
2016-07-12,Bombay / Juhu,7,Monsoon,28.4,27.0,30.0,3.0,16.6,1002.9,10.35,4,11.0,19.1167,72.8333,7.1,113.3,144.0,7.1,0.0,-0.1944,-0.9809,-0.5,-0.866,0.4215,35.9,LOW
2016-07-13,Bombay / Juhu,7,Monsoon,28.2,24.0,30.4,6.4,16.6,1004.0,9.25,4,11.0,19.1167,72.8333,16.0,30.2,150.1,7.1,8.9,-0.2113,-0.9774,-0.5,-0.866,0.1832,8.6,LOW
2016-07-14,Bombay / Juhu,7,Monsoon,27.0,25.0,30.4,5.4,12.2,1004.0,9.25,4,11.0,19.1167,72.8333,13.0,36.1,154.2,16.0,-3.0,-0.2281,-0.9736,-0.5,-0.866,0.1235,0.0,LOW
2016-07-15,Bombay / Juhu,7,Monsoon,28.2,24.3,31.4,7.1,12.8,1004.9,8.35,4,11.0,19.1167,72.8333,10.9,39.9,164.1,13.0,-2.1,-0.2448,-0.9696,-0.5,-0.866,0.2795,12.9,LOW
2016-07-16,Bombay / Juhu,7,Monsoon,28.1,26.0,30.8,4.8,14.6,1005.4,7.85,4,11.0,19.1167,72.8333,2.0,25.9,155.2,10.9,-8.9,-0.2614,-0.9652,-0.5,-0.866,0.1304,4.7,SAFE
2016-07-17,Bombay / Juhu,7,Monsoon,27.6,23.9,31.6,7.7,11.8,1007.5,5.75,4,11.0,19.1167,72.8333,13.0,25.9,69.1,2.0,11.0,-0.278,-0.9606,-0.5,-0.866,0.1964,8.2,LOW
2016-07-18,Bombay / Juhu,7,Monsoon,27.3,24.4,29.0,4.6,13.5,1008.2,5.05,4,11.0,19.1167,72.8333,15.0,30.0,77.0,13.0,2.0,-0.2945,-0.9557,-0.5,-0.866,0.1057,8.9,LOW
2016-07-19,Bombay / Juhu,7,Monsoon,26.4,23.4,27.0,3.6,13.2,1008.1,5.15,4,11.0,19.1167,72.8333,57.9,85.9,127.8,15.0,42.9,-0.3109,-0.9505,-0.5,-0.866,0.3113,33.5,LOW
2016-07-20,Bombay / Juhu,7,Monsoon,27.5,24.0,30.0,6.0,12.5,1004.0,9.25,4,11.0,19.1167,72.8333,64.0,136.9,175.8,57.9,6.1,-0.3272,-0.945,-0.5,-0.866,0.6235,31.0,MODERATE
2016-07-21,Bombay / Juhu,7,Monsoon,26.1,23.7,27.8,4.1,7.2,1006.1,7.15,4,11.0,19.1167,72.8333,10.9,132.8,173.7,64.0,-53.1,-0.3434,-0.9392,-0.5,-0.866,0.4221,29.5,LOW
2016-07-22,Bombay / Juhu,7,Monsoon,27.6,23.6,29.2,5.6,12.8,1004.6,8.65,4,11.0,19.1167,72.8333,15.0,89.9,177.8,10.9,4.1,-0.3595,-0.9332,-0.5,-0.866,0.2595,20.5,LOW
2016-07-23,Bombay / Juhu,7,Monsoon,27.5,23.6,31.7,8.1,11.7,1003.9,9.35,4,11.0,19.1167,72.8333,9.9,35.8,185.7,15.0,-5.1,-0.3755,-0.9268,-0.5,-0.866,0.3274,13.6,LOW
2016-07-24,Bombay / Juhu,7,Monsoon,27.7,24.2,30.0,5.8,9.2,1004.2,9.05,4,11.0,19.1167,72.8333,6.1,31.0,178.8,9.9,-3.8,-0.3914,-0.9202,-0.5,-0.866,0.0764,9.6,SAFE
2016-07-25,Bombay / Juhu,7,Monsoon,27.7,24.7,29.4,4.7,8.5,1004.8,8.45,4,11.0,19.1167,72.8333,7.9,23.9,171.7,6.1,1.8,-0.4071,-0.9134,-0.5,-0.866,0.0379,7.3,SAFE
2016-07-26,Bombay / Juhu,7,Monsoon,26.4,25.0,28.0,3.0,8.7,1005.6,7.65,4,11.0,19.1167,72.8333,0.0,14.0,113.8,7.9,-7.9,-0.4228,-0.9062,-0.5,-0.866,0.0873,0.0,SAFE
2016-07-27,Bombay / Juhu,7,Monsoon,25.9,23.4,29.0,5.6,8.7,1006.4,6.85,4,11.0,19.1167,72.8333,68.1,76.0,117.9,0.0,68.1,-0.4383,-0.8988,-0.5,-0.866,0.5192,37.8,MODERATE
2016-07-28,Bombay / Juhu,7,Monsoon,25.8,22.9,29.4,6.5,8.4,1006.7,6.55,4,11.0,19.1167,72.8333,17.0,85.1,124.0,68.1,-51.1,-0.4537,-0.8912,-0.5,-0.866,0.3668,27.1,LOW
2016-07-29,Bombay / Juhu,7,Monsoon,25.8,22.4,28.0,5.6,7.7,1006.1,7.15,4,11.0,19.1167,72.8333,110.0,195.1,219.0,17.0,93.0,-0.469,-0.8832,-0.5,-0.866,0.8346,109.8,HIGH
2016-07-30,Bombay / Juhu,7,Monsoon,27.1,23.0,29.0,6.0,11.3,1005.3,7.95,4,11.0,19.1167,72.8333,115.1,242.1,324.2,110.0,5.1,-0.4841,-0.875,-0.5,-0.866,1.0,75.9,HIGH
2016-07-31,Bombay / Juhu,7,Monsoon,26.5,25.0,28.0,3.0,12.9,1006.2,7.05,4,11.0,19.1167,72.8333,15.0,240.1,333.1,115.1,-100.1,-0.4991,-0.8666,-0.5,-0.866,0.715,57.7,LOW
2016-08-01,Bombay / Juhu,8,Monsoon,27.0,23.2,28.0,4.8,21.5,1004.9,8.35,4,11.0,19.1167,72.8333,111.0,241.1,436.2,15.0,96.0,-0.5139,-0.8578,-0.866,-0.5,0.9859,72.1,HIGH
2016-08-02,Bombay / Juhu,8,Monsoon,27.8,24.6,28.0,3.4,20.7,1002.0,11.25,4,11.0,19.1167,72.8333,25.9,151.9,462.1,111.0,-85.1,-0.5286,-0.8489,-0.866,-0.5,0.5619,31.1,LOW
2016-08-03,Bombay / Juhu,8,Monsoon,27.9,26.0,29.0,3.0,18.9,1001.8,11.45,4,11.0,19.1167,72.8333,13.0,149.9,407.0,25.9,-12.9,-0.5431,-0.8397,-0.866,-0.5,0.2523,41.2,LOW
2016-08-04,Bombay / Juhu,8,Monsoon,28.3,24.5,30.6,6.1,18.0,1002.8,10.45,4,11.0,19.1167,72.8333,15.0,53.9,405.0,13.0,2.0,-0.5575,-0.8302,-0.866,-0.5,0.3421,15.8,LOW
2016-08-05,Bombay / Juhu,8,Monsoon,26.9,24.0,28.0,4.0,17.3,1002.6,10.65,4,11.0,19.1167,72.8333,17.0,45.0,312.0,15.0,2.0,-0.5717,-0.8205,-0.866,-0.5,0.3358,6.5,LOW
2016-08-06,Bombay / Juhu,8,Monsoon,27.7,24.5,29.0,4.5,18.8,1003.7,9.55,4,11.0,19.1167,72.8333,142.0,174.0,338.9,17.0,125.0,-0.5857,-0.8105,-0.866,-0.5,1.0,123.0,HIGH
2016-08-07,Bombay / Juhu,8,Monsoon,28.4,25.2,30.0,4.8,17.2,1004.8,8.45,4,11.0,19.1167,72.8333,13.0,172.0,336.9,142.0,-129.0,-0.5996,-0.8003,-0.866,-0.5,0.3947,42.6,LOW
2016-08-08,Bombay / Juhu,8,Monsoon,28.3,25.5,30.6,5.1,18.7,1005.8,7.45,4,11.0,19.1167,72.8333,3.0,158.0,228.9,13.0,-10.0,-0.6132,-0.7899,-0.866,-0.5,0.0151,14.4,SAFE
2016-08-09,Bombay / Juhu,8,Monsoon,28.2,26.0,30.6,4.6,18.4,1005.7,7.55,4,11.0,19.1167,72.8333,2.0,18.0,205.0,3.0,-1.0,-0.6267,-0.7792,-0.866,-0.5,0.043,3.3,SAFE
2016-08-10,Bombay / Juhu,8,Monsoon,28.2,24.9,30.0,5.1,19.5,1006.2,7.05,4,11.0,19.1167,72.8333,10.9,15.9,202.9,2.0,8.9,-0.64,-0.7683,-0.866,-0.5,0.086,5.2,SAFE
2016-08-11,Bombay / Juhu,8,Monsoon,27.8,24.9,30.4,5.5,16.4,1007.7,5.55,4,11.0,19.1167,72.8333,4.1,17.0,192.0,10.9,-6.8,-0.6532,-0.7572,-0.866,-0.5,0.0166,0.0,SAFE
2016-08-12,Bombay / Juhu,8,Monsoon,28.1,25.1,30.4,5.3,16.0,1005.9,7.35,4,11.0,19.1167,72.8333,3.0,18.0,178.0,4.1,-1.1,-0.6661,-0.7459,-0.866,-0.5,0.1282,2.6,SAFE
2016-08-13,Bombay / Juhu,8,Monsoon,28.5,25.9,30.6,4.7,16.1,1007.1,6.15,4,11.0,19.1167,72.8333,1.0,8.1,37.0,3.0,-2.0,-0.6788,-0.7343,-0.866,-0.5,0.0465,4.0,SAFE
2016-08-14,Bombay / Juhu,8,Monsoon,28.2,25.8,29.8,4.0,19.7,1006.8,6.45,4,11.0,19.1167,72.8333,0.0,4.0,24.0,1.0,-1.0,-0.6914,-0.7225,-0.866,-0.5,0.0,0.0,SAFE
2016-08-15,Bombay / Juhu,8,Monsoon,28.5,26.0,30.6,4.6,18.7,1006.7,6.55,4,11.0,19.1167,72.8333,3.0,4.0,24.0,0.0,3.0,-0.7037,-0.7105,-0.866,-0.5,0.0,4.0,SAFE
2016-08-16,Bombay / Juhu,8,Monsoon,28.6,26.2,30.6,4.4,17.1,1005.9,7.35,4,11.0,19.1167,72.8333,2.0,5.0,24.0,3.0,-1.0,-0.7158,-0.6983,-0.866,-0.5,0.0157,11.3,SAFE
2016-08-17,Bombay / Juhu,8,Monsoon,28.3,26.0,31.2,5.2,15.7,1004.9,8.35,4,11.0,19.1167,72.8333,0.0,5.0,13.1,2.0,-2.0,-0.7277,-0.6859,-0.866,-0.5,0.0,0.0,SAFE
2016-08-18,Bombay / Juhu,8,Monsoon,28.5,24.4,31.0,6.6,14.7,1004.8,8.45,4,11.0,19.1167,72.8333,8.9,10.9,17.9,0.0,8.9,-0.7394,-0.6733,-0.866,-0.5,0.0648,7.8,SAFE
2016-08-19,Bombay / Juhu,8,Monsoon,28.3,25.7,31.0,5.3,15.0,1005.9,7.35,4,11.0,19.1167,72.8333,0.0,8.9,14.9,8.9,-8.9,-0.7509,-0.6605,-0.866,-0.5,0.0326,0.0,SAFE
2016-08-20,Bombay / Juhu,8,Monsoon,28.6,25.4,30.2,4.8,14.0,1005.1,8.15,4,11.0,19.1167,72.8333,1.0,9.9,14.9,0.0,1.0,-0.7621,-0.6474,-0.866,-0.5,0.0452,0.0,SAFE
2016-08-21,Bombay / Juhu,8,Monsoon,28.6,25.8,30.6,4.8,14.1,1005.3,7.95,4,11.0,19.1167,72.8333,5.1,6.1,20.0,1.0,4.1,-0.7731,-0.6342,-0.866,-0.5,0.1436,0.0,SAFE
2016-08-22,Bombay / Juhu,8,Monsoon,27.8,27.0,30.2,3.2,14.1,1006.1,7.15,4,11.0,19.1167,72.8333,2.0,8.1,19.0,5.1,-3.1,-0.7839,-0.6208,-0.866,-0.5,0.1434,0.0,SAFE
2016-08-23,Bombay / Juhu,8,Monsoon,27.2,23.8,29.0,5.2,12.8,1005.9,7.35,4,11.0,19.1167,72.8333,8.9,16.0,25.9,2.0,6.9,-0.7945,-0.6073,-0.866,-0.5,0.0,6.0,SAFE
2016-08-24,Bombay / Juhu,8,Monsoon,28.1,24.7,30.6,5.9,14.1,1005.9,7.35,4,11.0,19.1167,72.8333,10.9,21.8,36.8,8.9,2.0,-0.8048,-0.5935,-0.866,-0.5,0.2678,17.2,LOW
2016-08-25,Bombay / Juhu,8,Monsoon,28.3,24.8,31.8,7.0,14.8,1005.9,7.35,4,11.0,19.1167,72.8333,5.1,24.9,33.0,10.9,-5.8,-0.8149,-0.5796,-0.866,-0.5,0.287,4.3,LOW
2016-08-26,Bombay / Juhu,8,Monsoon,26.3,24.4,28.0,3.6,7.8,1006.6,6.65,4,11.0,19.1167,72.8333,1.0,17.0,34.0,5.1,-4.1,-0.8248,-0.5655,-0.866,-0.5,0.0,0.6,SAFE
2016-08-27,Bombay / Juhu,8,Monsoon,25.7,24.0,27.0,3.0,7.8,1006.5,6.75,4,11.0,19.1167,72.8333,56.9,63.0,89.9,1.0,55.9,-0.8344,-0.5512,-0.866,-0.5,0.3502,35.1,LOW
2016-08-28,Bombay / Juhu,8,Monsoon,26.8,23.7,28.0,4.3,11.4,1006.4,6.85,4,11.0,19.1167,72.8333,52.1,110.0,136.9,56.9,-4.8,-0.8437,-0.5368,-0.866,-0.5,0.4516,39.8,MODERATE
2016-08-29,Bombay / Juhu,8,Monsoon,27.9,25.0,30.8,5.8,11.9,1006.2,7.05,4,11.0,19.1167,72.8333,40.9,149.9,175.8,52.1,-11.2,-0.8528,-0.5222,-0.866,-0.5,0.4233,47.3,LOW
2016-08-30,Bombay / Juhu,8,Monsoon,27.9,25.5,29.8,4.3,11.9,1005.4,7.85,4,11.0,19.1167,72.8333,2.0,95.0,168.9,40.9,-38.9,-0.8617,-0.5074,-0.866,-0.5,0.2493,23.5,LOW
2016-08-31,Bombay / Juhu,8,Monsoon,28.2,25.0,30.8,5.8,11.9,1005.8,7.45,4,11.0,19.1167,72.8333,2.0,44.9,160.0,2.0,0.0,-0.8703,-0.4925,-0.866,-0.5,0.0,0.0,SAFE
2016-09-01,Bombay / Juhu,9,Monsoon,28.2,25.4,30.8,5.4,10.9,1007.1,6.15,4,11.0,19.1167,72.8333,0.5,4.5,155.4,2.0,-1.5,-0.8786,-0.4775,-1.0,-0.0,0.0,0.0,SAFE
2016-09-02,Bombay / Juhu,9,Monsoon,27.2,25.2,30.0,4.8,12.2,1007.1,6.15,4,11.0,19.1167,72.8333,4.1,6.6,158.5,0.5,3.6,-0.8867,-0.4623,-1.0,-0.0,0.2653,0.0,LOW
2016-09-03,Bombay / Juhu,9,Monsoon,27.4,23.6,30.2,6.6,10.5,1007.6,5.65,4,11.0,19.1167,72.8333,22.1,26.7,123.7,4.1,18.0,-0.8945,-0.447,-1.0,-0.0,0.1264,13.0,LOW
2016-09-04,Bombay / Juhu,9,Monsoon,28.4,23.9,31.2,7.3,14.1,1009.8,3.45,4,11.0,19.1167,72.8333,1.0,27.2,72.6,22.1,-21.1,-0.9021,-0.4315,-1.0,-0.0,0.2497,0.0,LOW
2016-09-05,Bombay / Juhu,9,Monsoon,28.4,25.2,31.2,6.0,14.4,1010.6,2.65,4,11.0,19.1167,72.8333,0.0,23.1,31.7,1.0,-1.0,-0.9094,-0.4159,-1.0,-0.0,0.1453,0.0,SAFE
2016-09-06,Bombay / Juhu,9,Monsoon,28.4,25.2,31.2,6.0,12.3,1010.6,2.65,4,11.0,19.1167,72.8333,0.0,1.0,29.7,0.0,0.0,-0.9164,-0.4002,-1.0,-0.0,0.0,0.0,SAFE
2016-09-07,Bombay / Juhu,9,Monsoon,27.6,25.4,30.6,5.2,13.4,1009.6,3.65,4,11.0,19.1167,72.8333,0.3,0.3,28.0,0.0,0.3,-0.9232,-0.3844,-1.0,-0.0,0.0,0.0,SAFE
2016-09-08,Bombay / Juhu,9,Monsoon,27.9,24.0,31.4,7.4,10.2,1007.1,6.15,4,11.0,19.1167,72.8333,5.1,5.4,32.6,0.3,4.8,-0.9296,-0.3685,-1.0,-0.0,0.0946,0.0,SAFE
2016-09-09,Bombay / Juhu,9,Monsoon,27.2,24.0,31.8,7.8,10.7,1010.8,2.45,4,11.0,19.1167,72.8333,0.0,5.4,28.5,5.1,-5.1,-0.9358,-0.3524,-1.0,-0.0,0.0336,0.0,SAFE
2016-09-10,Bombay / Juhu,9,Monsoon,27.8,22.6,30.8,8.2,10.6,1009.9,3.35,4,11.0,19.1167,72.8333,26.9,32.0,33.3,0.0,26.9,-0.9418,-0.3363,-1.0,-0.0,0.2816,19.7,LOW
2016-09-11,Bombay / Juhu,9,Monsoon,27.8,24.2,30.8,6.6,10.9,1008.6,4.65,4,11.0,19.1167,72.8333,0.8,27.7,33.1,26.9,-26.1,-0.9474,-0.32,-1.0,-0.0,0.1687,6.0,SAFE
2016-09-12,Bombay / Juhu,9,Monsoon,28.3,23.4,31.4,8.0,10.1,1008.0,5.25,4,11.0,19.1167,72.8333,7.9,35.6,41.0,0.8,7.1,-0.9528,-0.3037,-1.0,-0.0,0.2405,6.7,LOW
2016-09-13,Bombay / Juhu,9,Monsoon,28.0,23.6,30.0,6.4,9.4,1008.4,4.85,4,11.0,19.1167,72.8333,0.0,8.7,41.0,7.9,-7.9,-0.9579,-0.2873,-1.0,-0.0,0.2101,4.4,SAFE
2016-09-14,Bombay / Juhu,9,Monsoon,28.9,23.9,31.0,7.1,9.2,1008.1,5.15,4,11.0,19.1167,72.8333,6.1,14.0,46.8,0.0,6.1,-0.9627,-0.2707,-1.0,-0.0,0.1677,0.0,LOW
2016-09-15,Bombay / Juhu,9,Monsoon,26.2,25.0,29.0,4.0,11.3,1006.7,6.55,4,11.0,19.1167,72.8333,2.0,8.1,43.7,6.1,-4.1,-0.9672,-0.2541,-1.0,-0.0,0.0,0.0,SAFE
2016-09-16,Bombay / Juhu,9,Monsoon,26.9,23.4,28.0,4.6,8.9,1005.0,8.25,4,11.0,19.1167,72.8333,81.0,89.1,124.7,2.0,79.0,-0.9714,-0.2375,-1.0,-0.0,0.5623,37.5,MODERATE
2016-09-17,Bombay / Juhu,9,Monsoon,26.7,23.0,29.0,6.0,11.5,1007.1,6.15,4,11.0,19.1167,72.8333,50.0,133.0,147.8,81.0,-31.0,-0.9753,-0.2207,-1.0,-0.0,0.8319,39.0,MODERATE
2016-09-18,Bombay / Juhu,9,Monsoon,26.3,23.6,27.0,3.4,14.5,1005.4,7.85,4,11.0,19.1167,72.8333,56.9,187.9,203.9,50.0,6.9,-0.979,-0.2039,-1.0,-0.0,0.7158,49.6,MODERATE
2016-09-19,Bombay / Juhu,9,Monsoon,26.6,23.0,29.0,6.0,12.2,1008.1,5.15,4,11.0,19.1167,72.8333,35.1,142.0,231.1,56.9,-21.8,-0.9824,-0.187,-1.0,-0.0,0.7106,48.6,MODERATE
2016-09-20,Bombay / Juhu,9,Monsoon,25.2,23.0,28.0,5.0,10.4,1008.2,5.05,4,11.0,19.1167,72.8333,23.1,115.1,254.2,35.1,-12.0,-0.9854,-0.1701,-1.0,-0.0,0.508,18.6,LOW
2016-09-21,Bombay / Juhu,9,Monsoon,25.9,22.0,27.0,5.0,10.7,1008.0,5.25,4,11.0,19.1167,72.8333,143.0,201.2,391.1,23.1,119.9,-0.9882,-0.1531,-1.0,-0.0,1.0,106.6,HIGH
2016-09-22,Bombay / Juhu,9,Monsoon,27.1,22.8,29.0,6.2,12.0,1007.8,5.45,4,11.0,19.1167,72.8333,103.9,270.0,493.0,143.0,-39.1,-0.9907,-0.1361,-1.0,-0.0,1.0,85.5,HIGH
2016-09-23,Bombay / Juhu,9,Monsoon,27.0,24.2,28.0,3.8,12.1,1005.9,7.35,4,11.0,19.1167,72.8333,39.9,286.8,451.9,103.9,-64.0,-0.9929,-0.1191,-1.0,-0.0,0.6992,73.7,MODERATE
2016-09-24,Bombay / Juhu,9,Monsoon,27.3,23.0,29.0,6.0,11.0,1004.9,8.35,4,11.0,19.1167,72.8333,93.0,236.8,494.9,39.9,53.1,-0.9948,-0.102,-1.0,-0.0,0.7111,30.5,MODERATE
2016-09-25,Bombay / Juhu,9,Monsoon,27.4,23.4,29.2,5.8,10.4,1006.3,6.95,4,11.0,19.1167,72.8333,1.0,133.9,439.0,93.0,-92.0,-0.9964,-0.0848,-1.0,-0.0,0.2811,29.9,LOW
2016-09-26,Bombay / Juhu,9,Monsoon,28.7,24.8,31.0,6.2,11.4,1008.3,4.95,4,11.0,19.1167,72.8333,7.1,101.1,411.0,1.0,6.1,-0.9977,-0.0677,-1.0,-0.0,0.3876,11.9,LOW
2016-09-27,Bombay / Juhu,9,Monsoon,28.1,25.2,29.4,4.2,12.2,1009.2,4.05,4,11.0,19.1167,72.8333,0.0,8.1,387.9,7.1,-7.1,-0.9987,-0.0505,-1.0,-0.0,0.0225,0.0,SAFE
2016-09-28,Bombay / Juhu,9,Monsoon,28.3,24.4,30.0,5.6,10.9,1007.1,6.15,4,11.0,19.1167,72.8333,2.0,9.1,246.9,0.0,2.0,-0.9994,-0.0333,-1.0,-0.0,0.1402,5.1,SAFE
2016-09-29,Bombay / Juhu,9,Monsoon,28.3,24.4,31.0,6.6,10.9,1008.1,5.15,4,11.0,19.1167,72.8333,0.0,2.0,143.0,2.0,-2.0,-0.9999,-0.0161,-1.0,-0.0,0.0,0.0,SAFE
2016-09-30,Bombay / Juhu,9,Monsoon,28.0,22.5,30.8,8.3,9.9,1007.6,5.65,4,11.0,19.1167,72.8333,0.0,2.0,103.1,0.0,0.0,-1.0,0.0011,-1.0,-0.0,0.0,0.0,SAFE
2017-07-01,Bombay / Juhu,7,Monsoon,28.4,24.4,31.0,6.6,18.0,1002.2,11.05,4,11.0,19.1167,72.8333,93.0,93.0,103.1,0.0,93.0,0.0108,-0.9999,-0.5,-0.866,0.6304,59.9,MODERATE
2017-07-02,Bombay / Juhu,7,Monsoon,28.2,24.2,31.0,6.8,16.4,1003.1,10.15,4,11.0,19.1167,72.8333,49.0,142.0,151.1,93.0,-44.0,-0.0065,-1.0,-0.5,-0.866,0.4245,32.7,LOW
2017-07-03,Bombay / Juhu,7,Monsoon,29.8,25.2,31.6,6.4,16.5,1005.0,8.25,4,11.0,19.1167,72.8333,18.0,160.0,162.0,49.0,-31.0,-0.0237,-0.9997,-0.5,-0.866,0.317,48.8,LOW
2017-07-04,Bombay / Juhu,7,Monsoon,29.3,26.0,32.0,6.0,15.5,1005.9,7.35,4,11.0,19.1167,72.8333,4.1,71.1,166.1,18.0,-13.9,-0.0408,-0.9992,-0.5,-0.866,0.0653,11.6,SAFE
2017-07-05,Bombay / Juhu,7,Monsoon,29.7,24.9,31.0,6.1,18.2,1005.8,7.45,4,11.0,19.1167,72.8333,7.1,29.2,171.2,4.1,3.0,-0.058,-0.9983,-0.5,-0.866,0.0581,7.7,SAFE
2017-07-06,Bombay / Juhu,7,Monsoon,29.5,27.2,32.0,4.8,18.5,1006.0,7.25,4,11.0,19.1167,72.8333,1.0,12.2,172.2,7.1,-6.1,-0.0752,-0.9972,-0.5,-0.866,0.2457,3.7,LOW
2017-07-07,Bombay / Juhu,7,Monsoon,29.7,25.5,32.2,6.7,15.6,1006.5,6.75,4,11.0,19.1167,72.8333,6.1,14.2,178.3,1.0,5.1,-0.0923,-0.9957,-0.5,-0.866,0.029,0.0,SAFE
2017-07-08,Bombay / Juhu,7,Monsoon,29.4,28.4,31.4,3.0,15.1,1006.8,6.45,4,11.0,19.1167,72.8333,0.0,7.1,85.3,6.1,-6.1,-0.1094,-0.994,-0.5,-0.866,0.0973,8.3,SAFE
2017-07-09,Bombay / Juhu,7,Monsoon,29.4,24.6,32.0,7.4,11.4,1006.1,7.15,4,11.0,19.1167,72.8333,9.9,16.0,46.2,0.0,9.9,-0.1265,-0.992,-0.5,-0.866,0.094,4.8,SAFE
2017-07-10,Bombay / Juhu,7,Monsoon,29.4,26.2,32.4,6.2,11.7,1007.2,6.05,4,11.0,19.1167,72.8333,0.0,9.9,28.2,9.9,-9.9,-0.1436,-0.9896,-0.5,-0.866,0.212,4.5,SAFE
2017-07-11,Bombay / Juhu,7,Monsoon,29.7,26.0,32.0,6.0,15.4,1007.3,5.95,4,11.0,19.1167,72.8333,3.0,12.9,27.1,0.0,3.0,-0.1606,-0.987,-0.5,-0.866,0.2454,0.0,LOW
2017-07-12,Bombay / Juhu,7,Monsoon,29.7,27.4,32.0,4.6,17.3,1006.5,6.75,4,11.0,19.1167,72.8333,0.5,3.5,20.5,3.0,-2.5,-0.1775,-0.9841,-0.5,-0.866,0.0,0.0,SAFE
2017-07-13,Bombay / Juhu,7,Monsoon,28.8,26.0,31.0,5.0,16.9,1005.1,8.15,4,11.0,19.1167,72.8333,0.3,3.8,19.8,0.5,-0.2,-0.1944,-0.9809,-0.5,-0.866,0.0,0.0,SAFE
2017-07-14,Bombay / Juhu,7,Monsoon,28.2,24.2,30.0,5.8,18.8,1004.2,9.05,4,11.0,19.1167,72.8333,25.9,26.7,39.6,0.3,25.6,-0.2113,-0.9774,-0.5,-0.866,0.2186,12.3,LOW
2017-07-15,Bombay / Juhu,7,Monsoon,27.4,23.4,29.0,5.6,18.2,1004.0,9.25,4,11.0,19.1167,72.8333,68.1,94.3,107.7,25.9,42.2,-0.2281,-0.9736,-0.5,-0.866,0.4301,51.7,MODERATE
2017-07-16,Bombay / Juhu,7,Monsoon,27.9,23.0,30.4,7.4,19.5,1004.0,9.25,4,11.0,19.1167,72.8333,72.9,166.9,170.7,68.1,4.8,-0.2448,-0.9696,-0.5,-0.866,0.8923,71.6,MODERATE
2017-07-17,Bombay / Juhu,7,Monsoon,25.5,23.0,27.0,4.0,14.2,1003.7,9.55,4,11.0,19.1167,72.8333,56.9,197.9,227.6,72.9,-16.0,-0.2614,-0.9652,-0.5,-0.866,0.5749,61.9,MODERATE
2017-07-18,Bombay / Juhu,7,Monsoon,26.4,22.5,27.0,4.5,12.7,1001.8,11.45,4,11.0,19.1167,72.8333,163.1,292.9,387.7,56.9,106.2,-0.278,-0.9606,-0.5,-0.866,1.0,152.7,HIGH
2017-07-19,Bombay / Juhu,7,Monsoon,27.1,24.2,29.0,4.8,10.8,1000.0,13.25,4,11.0,19.1167,72.8333,79.0,299.0,466.2,163.1,-84.1,-0.2945,-0.9557,-0.5,-0.866,1.0,90.9,HIGH
2017-07-20,Bombay / Juhu,7,Monsoon,27.5,24.6,30.0,5.4,13.1,999.0,14.25,4,11.0,19.1167,72.8333,22.1,264.2,488.0,79.0,-56.9,-0.3109,-0.9505,-0.5,-0.866,0.5218,39.1,LOW
2017-07-21,Bombay / Juhu,7,Monsoon,27.4,24.5,29.0,4.5,19.8,1000.5,12.75,4,11.0,19.1167,72.8333,40.9,142.0,503.0,22.1,18.8,-0.3272,-0.945,-0.5,-0.866,0.5998,57.2,MODERATE
2017-07-22,Bombay / Juhu,7,Monsoon,27.7,24.2,30.0,5.8,20.7,1002.7,10.55,4,11.0,19.1167,72.8333,87.1,150.1,522.0,40.9,46.2,-0.3434,-0.9392,-0.5,-0.866,0.8142,31.6,MODERATE
2017-07-23,Bombay / Juhu,7,Monsoon,28.5,24.2,30.0,5.8,17.5,1003.4,9.85,4,11.0,19.1167,72.8333,27.9,155.9,477.0,87.1,-59.2,-0.3595,-0.9332,-0.5,-0.866,0.6281,40.4,LOW
2017-07-24,Bombay / Juhu,7,Monsoon,28.8,26.6,31.0,4.4,20.7,1004.1,9.15,4,11.0,19.1167,72.8333,0.0,115.0,420.1,27.9,-27.9,-0.3755,-0.9268,-0.5,-0.866,0.1966,26.4,SAFE
2017-07-25,Bombay / Juhu,7,Monsoon,28.4,24.8,30.0,5.2,16.0,1004.1,9.15,4,11.0,19.1167,72.8333,5.1,33.0,262.1,0.0,5.1,-0.3914,-0.9202,-0.5,-0.866,0.0133,9.8,SAFE
2017-07-26,Bombay / Juhu,7,Monsoon,28.6,26.4,30.0,3.6,16.5,1004.4,8.85,4,11.0,19.1167,72.8333,8.9,14.0,192.0,5.1,3.8,-0.4071,-0.9134,-0.5,-0.866,0.0858,6.0,SAFE
2017-07-27,Bombay / Juhu,7,Monsoon,28.3,25.9,30.0,4.1,16.9,1005.0,8.25,4,11.0,19.1167,72.8333,4.1,18.1,174.0,8.9,-4.8,-0.4228,-0.9062,-0.5,-0.866,0.1429,10.6,SAFE
2017-07-28,Bombay / Juhu,7,Monsoon,28.3,25.6,30.0,4.4,16.9,1006.2,7.05,4,11.0,19.1167,72.8333,5.1,18.1,138.2,4.1,1.0,-0.4383,-0.8988,-0.5,-0.866,0.1321,6.6,SAFE
2017-07-29,Bombay / Juhu,7,Monsoon,28.6,25.0,31.0,6.0,16.8,1007.1,6.15,4,11.0,19.1167,72.8333,4.1,13.3,55.2,5.1,-1.0,-0.4537,-0.8912,-0.5,-0.866,0.0725,6.6,SAFE
2017-07-30,Bombay / Juhu,7,Monsoon,28.1,25.6,31.0,5.4,15.2,1007.5,5.75,4,11.0,19.1167,72.8333,2.0,11.2,29.3,4.1,-2.1,-0.469,-0.8832,-0.5,-0.866,0.0,0.0,SAFE
2017-07-31,Bombay / Juhu,7,Monsoon,27.8,24.9,30.2,5.3,13.2,1007.2,6.05,4,11.0,19.1167,72.8333,2.0,8.1,31.3,2.0,0.0,-0.4841,-0.875,-0.5,-0.866,0.1449,3.2,SAFE
2017-08-01,Bombay / Juhu,8,Monsoon,28.3,24.8,31.0,6.2,14.9,1007.3,5.95,4,11.0,19.1167,72.8333,13.0,17.0,39.2,2.0,11.0,-0.4991,-0.8666,-0.866,-0.5,0.3709,15.3,LOW
2017-08-02,Bombay / Juhu,8,Monsoon,28.6,26.5,30.8,4.3,14.8,1007.5,5.75,4,11.0,19.1167,72.8333,2.0,17.0,32.3,13.0,-11.0,-0.5139,-0.8578,-0.866,-0.5,0.1576,0.4,SAFE
2017-08-03,Bombay / Juhu,8,Monsoon,28.6,25.5,30.6,5.1,15.9,1005.9,7.35,4,11.0,19.1167,72.8333,6.1,21.1,34.3,2.0,4.1,-0.5286,-0.8489,-0.866,-0.5,0.1994,11.2,LOW
2017-08-04,Bombay / Juhu,8,Monsoon,29.1,26.1,32.0,5.9,16.1,1004.0,9.25,4,11.0,19.1167,72.8333,2.0,10.1,31.2,6.1,-4.1,-0.5431,-0.8397,-0.866,-0.5,0.1586,2.4,SAFE
2017-08-05,Bombay / Juhu,8,Monsoon,29.1,26.0,31.0,5.0,14.6,1003.8,9.45,4,11.0,19.1167,72.8333,3.0,11.1,30.1,2.0,1.0,-0.5575,-0.8302,-0.866,-0.5,0.1467,0.0,SAFE
2017-08-06,Bombay / Juhu,8,Monsoon,29.1,26.5,32.0,5.5,13.4,1004.1,9.15,4,11.0,19.1167,72.8333,0.0,5.0,28.1,3.0,-3.0,-0.5717,-0.8205,-0.866,-0.5,0.0,0.0,SAFE
2017-08-07,Bombay / Juhu,8,Monsoon,30.8,28.0,33.0,5.0,11.0,1004.9,8.35,4,11.0,19.1167,72.8333,0.8,3.8,26.9,0.0,0.8,-0.5857,-0.8105,-0.866,-0.5,0.0,0.0,SAFE
2017-08-08,Bombay / Juhu,8,Monsoon,29.0,25.6,31.6,6.0,13.4,1005.9,7.35,4,11.0,19.1167,72.8333,22.1,22.9,36.0,0.8,21.3,-0.5996,-0.8003,-0.866,-0.5,0.1854,15.7,LOW
2017-08-09,Bombay / Juhu,8,Monsoon,28.8,26.2,31.6,5.4,13.3,1005.9,7.35,4,11.0,19.1167,72.8333,0.3,23.2,34.3,22.1,-21.8,-0.6132,-0.7899,-0.866,-0.5,0.0261,2.6,SAFE
2017-08-10,Bombay / Juhu,8,Monsoon,28.8,26.4,39.0,12.6,14.5,1006.2,7.05,4,11.0,19.1167,72.8333,0.5,22.9,28.7,0.3,0.2,-0.6267,-0.7792,-0.866,-0.5,0.084,3.5,SAFE
2017-08-11,Bombay / Juhu,8,Monsoon,29.1,26.5,31.6,5.1,15.2,1007.1,6.15,4,11.0,19.1167,72.8333,1.0,1.8,27.7,0.5,0.5,-0.64,-0.7683,-0.866,-0.5,0.0,0.0,SAFE
2017-08-12,Bombay / Juhu,8,Monsoon,28.8,25.1,31.4,6.3,16.9,1007.8,5.45,4,11.0,19.1167,72.8333,5.1,6.6,29.8,1.0,4.1,-0.6532,-0.7572,-0.866,-0.5,0.0755,3.6,SAFE
2017-08-13,Bombay / Juhu,8,Monsoon,28.2,25.4,30.6,5.2,15.3,1008.2,5.05,4,11.0,19.1167,72.8333,4.1,10.2,33.9,5.1,-1.0,-0.6661,-0.7459,-0.866,-0.5,0.1421,0.0,SAFE
2017-08-14,Bombay / Juhu,8,Monsoon,26.8,24.5,29.0,4.5,11.1,1009.5,3.75,4,11.0,19.1167,72.8333,10.9,20.1,44.0,4.1,6.8,-0.6788,-0.7343,-0.866,-0.5,0.2041,5.0,LOW
2017-08-15,Bombay / Juhu,8,Monsoon,27.6,23.7,29.0,5.3,8.0,1009.1,4.15,4,11.0,19.1167,72.8333,54.1,69.1,76.0,10.9,43.2,-0.6914,-0.7225,-0.866,-0.5,0.535,29.4,MODERATE
2017-08-16,Bombay / Juhu,8,Monsoon,28.7,24.6,31.0,6.4,12.4,1007.4,5.85,4,11.0,19.1167,72.8333,5.1,70.1,80.8,54.1,-49.0,-0.7037,-0.7105,-0.866,-0.5,0.3387,9.1,LOW
2017-08-17,Bombay / Juhu,8,Monsoon,29.3,26.0,32.0,6.0,13.8,1005.4,7.85,4,11.0,19.1167,72.8333,0.3,59.5,80.6,5.1,-4.8,-0.7158,-0.6983,-0.866,-0.5,0.1723,1.2,SAFE
2017-08-18,Bombay / Juhu,8,Monsoon,29.3,26.0,31.0,5.0,14.4,1004.0,9.25,4,11.0,19.1167,72.8333,0.5,5.9,80.1,0.3,0.2,-0.7277,-0.6859,-0.866,-0.5,0.0,0.0,SAFE
2017-08-19,Bombay / Juhu,8,Monsoon,27.3,25.6,29.0,3.4,9.5,1004.2,9.05,4,11.0,19.1167,72.8333,4.1,4.9,79.1,0.5,3.6,-0.7394,-0.6733,-0.866,-0.5,0.0649,0.0,SAFE
2017-08-20,Bombay / Juhu,8,Monsoon,24.6,22.6,28.0,5.4,12.1,1003.2,10.05,4,11.0,19.1167,72.8333,54.1,58.7,129.1,4.1,50.0,-0.7509,-0.6605,-0.866,-0.5,0.4365,34.0,MODERATE
2017-08-21,Bombay / Juhu,8,Monsoon,25.5,21.8,28.0,6.2,8.4,1001.7,11.55,4,11.0,19.1167,72.8333,119.9,178.1,238.1,54.1,65.8,-0.7621,-0.6474,-0.866,-0.5,0.7472,96.4,HIGH
2017-08-22,Bombay / Juhu,8,Monsoon,27.7,22.2,31.0,8.8,11.7,1003.1,10.15,4,11.0,19.1167,72.8333,14.0,188.0,198.0,119.9,-105.9,-0.7731,-0.6342,-0.866,-0.5,0.5711,26.3,LOW
2017-08-23,Bombay / Juhu,8,Monsoon,30.8,29.0,33.0,4.0,11.5,1006.0,7.25,4,11.0,19.1167,72.8333,0.0,133.9,192.9,14.0,-14.0,-0.7839,-0.6208,-0.866,-0.5,0.2891,31.0,LOW
2017-08-24,Bombay / Juhu,8,Monsoon,28.9,25.6,31.0,5.4,14.0,1006.5,6.75,4,11.0,19.1167,72.8333,15.0,29.0,207.6,0.0,15.0,-0.7945,-0.6073,-0.866,-0.5,0.2319,13.1,LOW
2017-08-25,Bombay / Juhu,8,Monsoon,26.9,25.0,29.0,4.0,14.4,1004.8,8.45,4,11.0,19.1167,72.8333,3.0,18.0,210.1,15.0,-12.0,-0.8048,-0.5935,-0.866,-0.5,0.2587,5.6,LOW
2017-08-26,Bombay / Juhu,8,Monsoon,27.5,24.2,29.0,4.8,12.2,1002.7,10.55,4,11.0,19.1167,72.8333,89.9,107.9,295.9,3.0,86.9,-0.8149,-0.5796,-0.866,-0.5,0.6185,26.6,MODERATE
2017-08-27,Bombay / Juhu,8,Monsoon,28.0,26.4,30.0,3.6,13.4,1001.8,11.45,4,11.0,19.1167,72.8333,31.0,123.9,272.8,89.9,-58.9,-0.8248,-0.5655,-0.866,-0.5,0.4745,45.3,LOW
2017-08-28,Bombay / Juhu,8,Monsoon,27.1,24.2,29.0,4.8,9.8,1000.0,13.25,4,11.0,19.1167,72.8333,59.9,180.8,212.8,31.0,28.9,-0.8344,-0.5512,-0.866,-0.5,0.6325,38.3,MODERATE
2017-08-29,Bombay / Juhu,8,Monsoon,25.8,24.1,27.0,2.9,23.1,997.7,15.55,4,11.0,19.1167,72.8333,87.9,178.8,286.7,59.9,28.0,-0.8437,-0.5368,-0.866,-0.5,0.7617,39.2,MODERATE
2017-08-30,Bombay / Juhu,8,Monsoon,27.6,23.2,30.4,7.2,16.1,1002.2,11.05,4,11.0,19.1167,72.8333,331.0,478.8,617.7,87.9,243.1,-0.8528,-0.5222,-0.866,-0.5,1.0,250.0,CRITICAL
2017-08-31,Bombay / Juhu,8,Monsoon,28.6,25.8,32.0,6.2,15.1,1006.3,6.95,4,11.0,19.1167,72.8333,8.9,427.8,611.6,331.0,-322.1,-0.8617,-0.5074,-0.866,-0.5,0.9344,125.6,MODERATE
2017-09-01,Bombay / Juhu,9,Monsoon,27.9,26.0,31.0,5.0,12.5,1007.7,5.55,4,11.0,19.1167,72.8333,0.0,339.9,608.6,8.9,-8.9,-0.8703,-0.4925,-1.0,-0.0,0.5438,75.4,LOW
2017-09-02,Bombay / Juhu,9,Monsoon,27.8,26.0,31.0,5.0,11.2,1007.3,5.95,4,11.0,19.1167,72.8333,7.9,16.8,526.6,0.0,7.9,-0.8786,-0.4775,-1.0,-0.0,0.2115,7.7,LOW
2017-09-03,Bombay / Juhu,9,Monsoon,27.6,25.0,30.2,5.2,9.2,1007.8,5.45,4,11.0,19.1167,72.8333,13.0,20.9,508.6,7.9,5.1,-0.8867,-0.4623,-1.0,-0.0,0.0,17.7,SAFE
2017-09-04,Bombay / Juhu,9,Monsoon,29.0,25.5,31.4,5.9,9.7,1009.2,4.05,4,11.0,19.1167,72.8333,1.0,21.9,449.7,13.0,-12.0,-0.8945,-0.447,-1.0,-0.0,0.2351,8.1,LOW
2017-09-05,Bombay / Juhu,9,Monsoon,28.9,25.3,31.4,6.1,9.8,1009.2,4.05,4,11.0,19.1167,72.8333,0.0,14.0,361.8,1.0,-1.0,-0.9021,-0.4315,-1.0,-0.0,0.2048,5.4,SAFE
2017-09-06,Bombay / Juhu,9,Monsoon,28.9,25.6,31.4,5.8,8.8,1008.0,5.25,4,11.0,19.1167,72.8333,0.0,1.0,30.8,0.0,0.0,-0.9094,-0.4159,-1.0,-0.0,0.0,0.0,SAFE
2017-09-07,Bombay / Juhu,9,Monsoon,29.4,25.0,32.0,7.0,9.5,1007.0,6.25,4,11.0,19.1167,72.8333,0.0,0.0,21.9,0.0,0.0,-0.9164,-0.4002,-1.0,-0.0,0.0,0.0,SAFE
2017-09-08,Bombay / Juhu,9,Monsoon,29.2,27.0,32.4,5.4,10.5,1006.7,6.55,4,11.0,19.1167,72.8333,0.0,0.0,21.9,0.0,0.0,-0.9232,-0.3844,-1.0,-0.0,0.0,0.0,SAFE
2017-09-09,Bombay / Juhu,9,Monsoon,29.1,26.4,31.0,4.6,10.3,1005.8,7.45,4,11.0,19.1167,72.8333,0.0,0.0,14.0,0.0,0.0,-0.9296,-0.3685,-1.0,-0.0,0.0,0.0,SAFE
2017-09-10,Bombay / Juhu,9,Monsoon,29.4,26.4,31.8,5.4,8.9,1006.0,7.25,4,11.0,19.1167,72.8333,0.0,0.0,1.0,0.0,0.0,-0.9358,-0.3524,-1.0,-0.0,0.0,0.0,SAFE
2017-09-11,Bombay / Juhu,9,Monsoon,31.1,27.5,35.0,7.5,10.0,1006.4,6.85,4,11.0,19.1167,72.8333,0.0,0.0,0.0,0.0,0.0,-0.9418,-0.3363,-1.0,-0.0,0.0,0.0,SAFE
2017-09-12,Bombay / Juhu,9,Monsoon,31.1,27.8,35.0,7.2,8.2,1006.9,6.35,4,11.0,19.1167,72.8333,0.3,0.3,0.3,0.0,0.3,-0.9474,-0.32,-1.0,-0.0,0.0,0.0,SAFE
2017-09-13,Bombay / Juhu,9,Monsoon,28.5,23.6,31.0,7.4,8.6,1007.1,6.15,4,11.0,19.1167,72.8333,103.1,103.4,103.4,0.3,102.8,-0.9528,-0.3037,-1.0,-0.0,0.7418,35.9,HIGH
2017-09-14,Bombay / Juhu,9,Monsoon,29.1,25.0,32.4,7.4,7.3,1007.3,5.95,4,11.0,19.1167,72.8333,0.5,103.9,103.9,103.1,-102.6,-0.9579,-0.2873,-1.0,-0.0,0.2057,7.9,SAFE
2017-09-15,Bombay / Juhu,9,Monsoon,28.1,24.0,31.4,7.4,7.2,1006.8,6.45,4,11.0,19.1167,72.8333,64.0,167.6,167.9,0.5,63.5,-0.9627,-0.2707,-1.0,-0.0,0.5998,52.7,MODERATE
2017-09-16,Bombay / Juhu,9,Monsoon,27.8,26.0,31.0,5.0,7.9,1005.7,7.55,4,11.0,19.1167,72.8333,4.1,68.6,172.0,64.0,-59.9,-0.9672,-0.2541,-1.0,-0.0,0.1956,10.8,LOW
2017-09-17,Bombay / Juhu,9,Monsoon,27.2,25.0,29.0,4.0,8.7,1005.6,7.65,4,11.0,19.1167,72.8333,32.0,100.1,204.0,4.1,27.9,-0.9714,-0.2375,-1.0,-0.0,0.2644,31.2,LOW
2017-09-18,Bombay / Juhu,9,Monsoon,28.5,25.4,31.4,6.0,11.5,1004.7,8.55,4,11.0,19.1167,72.8333,1.0,37.1,205.0,32.0,-31.0,-0.9753,-0.2207,-1.0,-0.0,0.242,7.3,LOW
2017-09-19,Bombay / Juhu,9,Monsoon,27.2,24.6,31.0,6.4,11.5,1003.6,9.65,4,11.0,19.1167,72.8333,0.0,33.0,204.7,1.0,-1.0,-0.979,-0.2039,-1.0,-0.0,0.0,0.0,SAFE
2017-09-20,Bombay / Juhu,9,Monsoon,24.9,23.8,27.0,3.2,12.5,1005.0,8.25,4,11.0,19.1167,72.8333,304.0,305.0,405.6,0.0,304.0,-0.9824,-0.187,-1.0,-0.0,1.0,203.1,CRITICAL
2017-09-21,Bombay / Juhu,9,Monsoon,26.8,24.0,29.0,5.0,10.0,1005.6,7.65,4,11.0,19.1167,72.8333,63.0,367.0,468.1,304.0,-241.0,-0.9854,-0.1701,-1.0,-0.0,0.9045,58.2,MODERATE
2017-09-22,Bombay / Juhu,9,Monsoon,27.7,24.5,31.0,6.5,9.9,1007.6,5.65,4,11.0,19.1167,72.8333,0.3,367.3,404.4,63.0,-62.7,-0.9882,-0.1531,-1.0,-0.0,0.5028,60.7,LOW
2017-09-23,Bombay / Juhu,9,Monsoon,28.6,25.5,30.8,5.3,10.9,1007.1,6.15,4,11.0,19.1167,72.8333,0.0,63.3,400.3,0.3,-0.3,-0.9907,-0.1361,-1.0,-0.0,0.1895,11.0,SAFE
2017-09-24,Bombay / Juhu,9,Monsoon,28.7,25.7,30.8,5.1,10.9,1007.1,6.15,4,11.0,19.1167,72.8333,0.0,0.3,368.3,0.0,0.0,-0.9929,-0.1191,-1.0,-0.0,0.0,0.0,SAFE
2017-09-25,Bombay / Juhu,9,Monsoon,28.9,25.7,30.8,5.1,10.9,1007.1,6.15,4,11.0,19.1167,72.8333,0.0,0.0,367.3,0.0,0.0,-0.9948,-0.102,-1.0,-0.0,0.0,0.0,SAFE
2017-09-26,Bombay / Juhu,9,Monsoon,29.1,24.5,30.8,6.3,10.9,1007.1,6.15,4,11.0,19.1167,72.8333,0.0,0.0,367.3,0.0,0.0,-0.9964,-0.0848,-1.0,-0.0,0.0,0.0,SAFE
2017-09-27,Bombay / Juhu,9,Monsoon,30.0,26.6,34.0,7.4,10.5,1007.1,6.15,4,11.0,19.1167,72.8333,0.0,0.0,63.3,0.0,0.0,-0.9977,-0.0677,-1.0,-0.0,0.0,0.0,SAFE
2017-09-28,Bombay / Juhu,9,Monsoon,30.1,27.4,33.0,5.6,9.6,1007.2,6.05,4,11.0,19.1167,72.8333,0.0,0.0,0.3,0.0,0.0,-0.9987,-0.0505,-1.0,-0.0,0.0,0.0,SAFE
2017-09-29,Bombay / Juhu,9,Monsoon,28.7,26.0,31.2,5.2,9.9,1007.2,6.05,4,11.0,19.1167,72.8333,0.5,0.5,0.5,0.0,0.5,-0.9994,-0.0333,-1.0,-0.0,0.0,0.0,SAFE
2017-09-30,Bombay / Juhu,9,Monsoon,29.8,25.4,33.0,7.6,8.3,1007.1,6.15,4,11.0,19.1167,72.8333,3.0,3.5,3.5,0.5,2.5,-0.9999,-0.0161,-1.0,-0.0,0.1244,7.2,SAFE
2018-07-01,Bombay / Juhu,7,Monsoon,28.9,23.7,32.6,8.9,14.5,1005.0,8.25,4,11.0,19.1167,72.8333,2.0,5.5,5.5,3.0,-1.0,0.0108,-0.9999,-0.5,-0.866,0.0105,0.0,SAFE
2018-07-02,Bombay / Juhu,7,Monsoon,27.3,25.0,30.0,5.0,15.3,1004.4,8.85,4,11.0,19.1167,72.8333,0.5,5.5,6.0,2.0,-1.5,-0.0065,-1.0,-0.5,-0.866,0.078,7.1,SAFE
2018-07-03,Bombay / Juhu,7,Monsoon,26.6,22.3,28.0,5.7,9.2,1004.6,8.65,4,11.0,19.1167,72.8333,131.1,133.6,137.1,0.5,130.6,-0.0237,-0.9997,-0.5,-0.866,0.7703,77.9,HIGH
2018-07-04,Bombay / Juhu,7,Monsoon,28.0,23.2,30.6,7.4,16.8,1004.5,8.75,4,11.0,19.1167,72.8333,118.1,249.7,255.2,131.1,-13.0,-0.0408,-0.9992,-0.5,-0.866,1.0,118.0,HIGH
2018-07-05,Bombay / Juhu,7,Monsoon,29.1,23.6,31.0,7.4,16.4,1004.8,8.45,4,11.0,19.1167,72.8333,42.9,292.1,298.1,118.1,-75.2,-0.058,-0.9983,-0.5,-0.866,0.9113,66.9,MODERATE
2018-07-06,Bombay / Juhu,7,Monsoon,29.2,24.2,31.2,7.0,15.5,1004.8,8.45,4,11.0,19.1167,72.8333,17.0,178.0,314.6,42.9,-25.9,-0.0752,-0.9972,-0.5,-0.866,0.7185,31.0,LOW
2018-07-07,Bombay / Juhu,7,Monsoon,27.6,25.0,29.0,4.0,15.1,1003.7,9.55,4,11.0,19.1167,72.8333,6.1,66.0,317.7,17.0,-10.9,-0.0923,-0.9957,-0.5,-0.866,0.2124,20.0,LOW
2018-07-08,Bombay / Juhu,7,Monsoon,25.5,22.6,28.0,5.4,11.6,1003.1,10.15,4,11.0,19.1167,72.8333,131.1,154.2,446.8,6.1,125.0,-0.1094,-0.994,-0.5,-0.866,1.0,81.9,HIGH
2018-07-09,Bombay / Juhu,7,Monsoon,25.6,22.2,28.0,5.8,9.6,1002.7,10.55,4,11.0,19.1167,72.8333,121.9,259.1,568.2,131.1,-9.2,-0.1265,-0.992,-0.5,-0.866,0.8845,86.9,HIGH
2018-07-10,Bombay / Juhu,7,Monsoon,26.9,22.4,28.0,5.6,15.0,1002.7,10.55,4,11.0,19.1167,72.8333,183.9,436.9,621.0,121.9,62.0,-0.1436,-0.9896,-0.5,-0.866,1.0,149.9,HIGH
2018-07-11,Bombay / Juhu,7,Monsoon,28.8,25.2,31.0,5.8,16.5,1002.9,10.35,4,11.0,19.1167,72.8333,114.0,419.8,616.9,183.9,-69.9,-0.1606,-0.987,-0.5,-0.866,1.0,87.8,HIGH
2018-07-12,Bombay / Juhu,7,Monsoon,28.9,28.0,30.0,2.0,17.9,1002.1,11.15,4,11.0,19.1167,72.8333,5.1,303.0,579.1,114.0,-108.9,-0.1775,-0.9841,-0.5,-0.866,0.5025,47.0,LOW
2018-07-13,Bombay / Juhu,7,Monsoon,28.2,26.0,30.4,4.4,17.1,1001.4,11.85,4,11.0,19.1167,72.8333,3.0,122.1,565.1,5.1,-2.1,-0.1944,-0.9809,-0.5,-0.866,0.4014,21.8,LOW
2018-07-14,Bombay / Juhu,7,Monsoon,28.1,26.0,29.2,3.2,19.2,1000.7,12.55,4,11.0,19.1167,72.8333,16.0,24.1,575.0,3.0,13.0,-0.2113,-0.9774,-0.5,-0.866,0.1628,13.0,LOW
2018-07-15,Bombay / Juhu,7,Monsoon,27.3,25.6,29.0,3.4,19.8,999.3,13.95,4,11.0,19.1167,72.8333,38.1,57.1,482.0,16.0,22.1,-0.2281,-0.9736,-0.5,-0.866,0.3014,19.2,LOW
2018-07-16,Bombay / Juhu,7,Monsoon,27.7,25.0,29.0,4.0,22.8,1000.2,13.05,4,11.0,19.1167,72.8333,95.0,149.1,455.1,38.1,56.9,-0.2448,-0.9696,-0.5,-0.866,0.8219,43.3,HIGH
2018-07-17,Bombay / Juhu,7,Monsoon,27.8,26.0,29.4,3.4,19.8,1001.4,11.85,4,11.0,19.1167,72.8333,38.1,171.2,309.3,95.0,-56.9,-0.2614,-0.9652,-0.5,-0.866,0.409,38.2,LOW
2018-07-18,Bombay / Juhu,7,Monsoon,28.4,25.8,31.0,5.2,18.5,1002.9,10.35,4,11.0,19.1167,72.8333,9.9,143.0,205.2,38.1,-28.2,-0.278,-0.9606,-0.5,-0.866,0.4446,35.3,LOW
2018-07-19,Bombay / Juhu,7,Monsoon,28.4,26.1,31.2,5.1,17.8,1003.4,9.85,4,11.0,19.1167,72.8333,2.0,50.0,202.1,9.9,-7.9,-0.2945,-0.9557,-0.5,-0.866,0.0475,10.7,SAFE
2018-07-20,Bombay / Juhu,7,Monsoon,27.7,25.3,29.4,4.1,16.4,1003.1,10.15,4,11.0,19.1167,72.8333,5.1,17.0,204.2,2.0,3.1,-0.3109,-0.9505,-0.5,-0.866,0.0141,3.1,SAFE
2018-07-21,Bombay / Juhu,7,Monsoon,27.9,25.0,30.0,5.0,17.8,1004.0,9.25,4,11.0,19.1167,72.8333,18.0,25.1,206.2,5.1,12.9,-0.3272,-0.945,-0.5,-0.866,0.1055,0.3,LOW
2018-07-22,Bombay / Juhu,7,Monsoon,28.0,25.8,29.4,3.6,20.4,1004.2,9.05,4,11.0,19.1167,72.8333,0.0,23.1,168.1,18.0,-18.0,-0.3434,-0.9392,-0.5,-0.866,0.1877,6.7,SAFE
2018-07-23,Bombay / Juhu,7,Monsoon,28.0,27.0,29.4,2.4,16.0,1003.5,9.75,4,11.0,19.1167,72.8333,0.0,18.0,73.1,0.0,0.0,-0.3595,-0.9332,-0.5,-0.866,0.0356,0.0,SAFE
2018-07-24,Bombay / Juhu,7,Monsoon,28.1,26.2,30.0,3.8,16.8,1005.0,8.25,4,11.0,19.1167,72.8333,4.1,4.1,39.1,0.0,4.1,-0.3755,-0.9268,-0.5,-0.866,0.0,2.0,SAFE
2018-07-25,Bombay / Juhu,7,Monsoon,28.5,26.6,31.0,4.4,16.8,1005.8,7.45,4,11.0,19.1167,72.8333,1.0,5.1,30.2,4.1,-3.1,-0.3914,-0.9202,-0.5,-0.866,0.0224,5.7,SAFE
2018-07-26,Bombay / Juhu,7,Monsoon,28.1,26.8,29.6,2.8,18.8,1006.3,6.95,4,11.0,19.1167,72.8333,1.0,6.1,29.2,1.0,0.0,-0.4071,-0.9134,-0.5,-0.866,0.0841,2.5,SAFE
2018-07-27,Bombay / Juhu,7,Monsoon,27.8,26.0,29.6,3.6,19.7,1005.3,7.95,4,11.0,19.1167,72.8333,1.0,3.0,25.1,1.0,0.0,-0.4228,-0.9062,-0.5,-0.866,0.0,0.0,SAFE
2018-07-28,Bombay / Juhu,7,Monsoon,28.5,26.8,30.4,3.6,17.4,1005.5,7.75,4,11.0,19.1167,72.8333,1.0,3.0,8.1,1.0,0.0,-0.4383,-0.8988,-0.5,-0.866,0.0,0.0,SAFE
2018-07-29,Bombay / Juhu,7,Monsoon,28.5,26.8,30.4,3.6,17.3,1005.6,7.65,4,11.0,19.1167,72.8333,0.0,2.0,8.1,1.0,-1.0,-0.4537,-0.8912,-0.5,-0.866,0.0,0.0,SAFE
2018-07-30,Bombay / Juhu,7,Monsoon,28.7,27.4,31.0,3.6,17.2,1005.2,8.05,4,11.0,19.1167,72.8333,0.0,1.0,8.1,0.0,0.0,-0.469,-0.8832,-0.5,-0.866,0.0,0.0,SAFE
2018-07-31,Bombay / Juhu,7,Monsoon,28.6,27.2,31.4,4.2,18.1,1005.4,7.85,4,11.0,19.1167,72.8333,0.0,0.0,4.0,0.0,0.0,-0.4841,-0.875,-0.5,-0.866,0.0,0.0,SAFE
2018-08-01,Bombay / Juhu,8,Monsoon,28.4,27.0,31.4,4.4,19.5,1005.9,7.35,4,11.0,19.1167,72.8333,0.0,0.0,3.0,0.0,0.0,-0.4991,-0.8666,-0.866,-0.5,0.0,0.0,SAFE
2018-08-02,Bombay / Juhu,8,Monsoon,28.4,27.0,31.0,4.0,17.1,1007.4,5.85,4,11.0,19.1167,72.8333,2.0,2.0,4.0,0.0,2.0,-0.5139,-0.8578,-0.866,-0.5,0.0421,0.0,SAFE
2018-08-03,Bombay / Juhu,8,Monsoon,28.2,26.5,30.6,4.1,17.9,1008.4,4.85,4,11.0,19.1167,72.8333,3.0,5.0,6.0,2.0,1.0,-0.5286,-0.8489,-0.866,-0.5,0.1611,0.3,SAFE
2018-08-04,Bombay / Juhu,8,Monsoon,27.9,26.8,30.0,3.2,18.1,1007.7,5.55,4,11.0,19.1167,72.8333,8.9,13.9,13.9,3.0,5.9,-0.5431,-0.8397,-0.866,-0.5,0.2382,0.0,LOW
2018-08-05,Bombay / Juhu,8,Monsoon,28.5,26.6,30.2,3.6,18.4,1007.8,5.45,4,11.0,19.1167,72.8333,7.9,19.8,21.8,8.9,-1.0,-0.5575,-0.8302,-0.866,-0.5,0.1104,4.1,SAFE
2018-08-06,Bombay / Juhu,8,Monsoon,27.9,26.2,29.2,3.0,19.0,1006.3,6.95,4,11.0,19.1167,72.8333,4.1,20.9,25.9,7.9,-3.8,-0.5717,-0.8205,-0.866,-0.5,0.0,3.6,SAFE
2018-08-07,Bombay / Juhu,8,Monsoon,28.3,26.6,30.0,3.4,17.3,1004.3,8.95,4,11.0,19.1167,72.8333,2.0,14.0,27.9,4.1,-2.1,-0.5857,-0.8105,-0.866,-0.5,0.2381,0.0,LOW
2018-08-08,Bombay / Juhu,8,Monsoon,28.4,26.8,30.0,3.2,18.2,1003.3,9.95,4,11.0,19.1167,72.8333,0.8,6.9,28.7,2.0,-1.2,-0.5996,-0.8003,-0.866,-0.5,0.0777,3.2,SAFE
2018-08-09,Bombay / Juhu,8,Monsoon,27.7,26.5,29.0,2.5,18.4,1006.3,6.95,4,11.0,19.1167,72.8333,2.0,4.8,28.7,0.8,1.2,-0.6132,-0.7899,-0.866,-0.5,0.2722,6.0,LOW
2018-08-10,Bombay / Juhu,8,Monsoon,28.1,26.8,30.0,3.2,16.5,1008.3,4.95,4,11.0,19.1167,72.8333,4.1,6.9,29.8,2.0,2.1,-0.6267,-0.7792,-0.866,-0.5,0.0,5.2,SAFE
2018-08-11,Bombay / Juhu,8,Monsoon,27.8,26.2,29.4,3.2,18.5,1006.9,6.35,4,11.0,19.1167,72.8333,15.0,21.1,35.9,4.1,10.9,-0.64,-0.7683,-0.866,-0.5,0.2005,6.1,LOW
2018-08-12,Bombay / Juhu,8,Monsoon,27.2,25.2,29.0,3.8,19.0,1003.9,9.35,4,11.0,19.1167,72.8333,14.0,33.1,42.0,15.0,-1.0,-0.6532,-0.7572,-0.866,-0.5,0.3944,15.7,LOW
2018-08-13,Bombay / Juhu,8,Monsoon,27.5,23.2,28.0,4.8,19.1,1002.6,10.65,4,11.0,19.1167,72.8333,10.9,39.9,48.8,14.0,-3.1,-0.6661,-0.7459,-0.866,-0.5,0.1506,19.2,LOW
2018-08-14,Bombay / Juhu,8,Monsoon,28.2,24.6,30.0,5.4,17.4,1003.7,9.55,4,11.0,19.1167,72.8333,6.1,31.0,52.9,10.9,-4.8,-0.6788,-0.7343,-0.866,-0.5,0.1267,8.3,SAFE
2018-08-15,Bombay / Juhu,8,Monsoon,27.6,22.2,29.0,6.8,16.8,1003.7,9.55,4,11.0,19.1167,72.8333,0.5,17.5,52.6,6.1,-5.6,-0.6914,-0.7225,-0.866,-0.5,0.1331,0.0,SAFE
2018-08-16,Bombay / Juhu,8,Monsoon,27.3,25.0,29.0,4.0,16.1,1003.1,10.15,4,11.0,19.1167,72.8333,7.1,13.7,57.7,0.5,6.6,-0.7037,-0.7105,-0.866,-0.5,0.0707,5.6,SAFE
2018-08-17,Bombay / Juhu,8,Monsoon,27.4,23.8,29.0,5.2,18.4,1002.3,10.95,4,11.0,19.1167,72.8333,10.9,18.5,64.5,7.1,3.8,-0.7158,-0.6983,-0.866,-0.5,0.1228,11.4,LOW
2018-08-18,Bombay / Juhu,8,Monsoon,27.3,24.6,29.2,4.6,17.2,1003.7,9.55,4,11.0,19.1167,72.8333,4.1,22.1,53.6,10.9,-6.8,-0.7277,-0.6859,-0.866,-0.5,0.0915,1.2,SAFE
2018-08-19,Bombay / Juhu,8,Monsoon,27.6,25.0,30.0,5.0,16.9,1004.8,8.45,4,11.0,19.1167,72.8333,7.9,22.9,47.5,4.1,3.8,-0.7394,-0.6733,-0.866,-0.5,0.0813,15.4,SAFE
2018-08-20,Bombay / Juhu,8,Monsoon,27.2,24.2,29.0,4.8,16.6,1005.1,8.15,4,11.0,19.1167,72.8333,16.0,28.0,52.6,7.9,8.1,-0.7509,-0.6605,-0.866,-0.5,0.3244,8.1,LOW
2018-08-21,Bombay / Juhu,8,Monsoon,26.7,24.6,28.0,3.4,16.4,1005.0,8.25,4,11.0,19.1167,72.8333,5.1,29.0,51.6,16.0,-10.9,-0.7621,-0.6474,-0.866,-0.5,0.1907,5.5,LOW
2018-08-22,Bombay / Juhu,8,Monsoon,26.9,23.8,28.6,4.8,14.8,1006.1,7.15,4,11.0,19.1167,72.8333,24.9,46.0,76.0,5.1,19.8,-0.7731,-0.6342,-0.866,-0.5,0.2931,14.8,LOW
2018-08-23,Bombay / Juhu,8,Monsoon,27.4,25.0,30.0,5.0,15.3,1007.5,5.75,4,11.0,19.1167,72.8333,23.1,53.1,92.0,24.9,-1.8,-0.7839,-0.6208,-0.866,-0.5,0.3534,11.1,LOW
2018-08-24,Bombay / Juhu,8,Monsoon,27.5,24.0,30.2,6.2,13.5,1007.4,5.85,4,11.0,19.1167,72.8333,8.9,56.9,90.0,23.1,-14.2,-0.7945,-0.6073,-0.866,-0.5,0.1754,4.9,LOW
2018-08-25,Bombay / Juhu,8,Monsoon,27.5,24.4,29.0,4.6,16.8,1006.6,6.65,4,11.0,19.1167,72.8333,5.1,37.1,91.0,8.9,-3.8,-0.8048,-0.5935,-0.866,-0.5,0.0732,7.1,SAFE
2018-08-26,Bombay / Juhu,8,Monsoon,27.0,23.5,29.4,5.9,14.4,1004.8,8.45,4,11.0,19.1167,72.8333,11.9,25.9,95.0,5.1,6.8,-0.8149,-0.5796,-0.866,-0.5,0.1084,0.0,SAFE
2018-08-27,Bombay / Juhu,8,Monsoon,27.2,25.0,30.4,5.4,12.7,1005.0,8.25,4,11.0,19.1167,72.8333,8.9,25.9,87.9,11.9,-3.0,-0.8248,-0.5655,-0.866,-0.5,0.1569,9.2,LOW
2018-08-28,Bombay / Juhu,8,Monsoon,27.2,23.6,29.0,5.4,10.4,1005.3,7.95,4,11.0,19.1167,72.8333,13.0,33.8,95.8,8.9,4.1,-0.8344,-0.5512,-0.866,-0.5,0.0778,19.4,SAFE
2018-08-29,Bombay / Juhu,8,Monsoon,28.1,25.3,30.6,5.3,13.3,1007.0,6.25,4,11.0,19.1167,72.8333,0.3,22.2,71.2,13.0,-12.7,-0.8437,-0.5368,-0.866,-0.5,0.0556,5.9,SAFE
2018-08-30,Bombay / Juhu,8,Monsoon,28.1,25.4,30.0,4.6,14.5,1007.2,6.05,4,11.0,19.1167,72.8333,0.0,13.3,48.1,0.3,-0.3,-0.8528,-0.5222,-0.866,-0.5,0.0391,0.0,SAFE
2018-08-31,Bombay / Juhu,8,Monsoon,28.1,25.0,30.4,5.4,16.0,1007.8,5.45,4,11.0,19.1167,72.8333,7.1,7.4,46.3,0.0,7.1,-0.8617,-0.5074,-0.866,-0.5,0.343,15.0,LOW
2018-09-01,Bombay / Juhu,9,Monsoon,28.1,25.6,30.6,5.0,16.4,1008.3,4.95,4,11.0,19.1167,72.8333,2.0,9.1,43.2,7.1,-5.1,-0.8703,-0.4925,-1.0,-0.0,0.0,3.4,SAFE
2018-09-02,Bombay / Juhu,9,Monsoon,27.6,25.0,30.0,5.0,17.9,1008.3,4.95,4,11.0,19.1167,72.8333,16.0,25.1,47.3,2.0,14.0,-0.8786,-0.4775,-1.0,-0.0,0.1721,6.1,LOW
2018-09-03,Bombay / Juhu,9,Monsoon,27.9,24.6,30.0,5.4,16.7,1008.5,4.75,4,11.0,19.1167,72.8333,3.0,21.0,41.4,16.0,-13.0,-0.8867,-0.4623,-1.0,-0.0,0.301,6.2,LOW
2018-09-04,Bombay / Juhu,9,Monsoon,28.3,24.6,30.8,6.2,16.5,1009.4,3.85,4,11.0,19.1167,72.8333,5.1,24.1,33.5,3.0,2.1,-0.8945,-0.447,-1.0,-0.0,0.1478,7.0,SAFE
2018-09-05,Bombay / Juhu,9,Monsoon,28.2,24.2,30.6,6.4,16.2,1009.1,4.15,4,11.0,19.1167,72.8333,0.0,8.1,33.2,5.1,-5.1,-0.9021,-0.4315,-1.0,-0.0,0.1646,0.0,SAFE
2018-09-06,Bombay / Juhu,9,Monsoon,28.2,24.4,30.4,6.0,15.5,1008.1,5.15,4,11.0,19.1167,72.8333,0.8,5.9,34.0,0.0,0.8,-0.9094,-0.4159,-1.0,-0.0,0.0967,2.0,SAFE
2018-09-07,Bombay / Juhu,9,Monsoon,27.9,23.6,30.2,6.6,14.3,1007.8,5.45,4,11.0,19.1167,72.8333,0.0,0.8,26.9,0.8,-0.8,-0.9164,-0.4002,-1.0,-0.0,0.0,0.0,SAFE
2018-09-08,Bombay / Juhu,9,Monsoon,28.2,23.9,30.8,6.9,13.5,1008.0,5.25,4,11.0,19.1167,72.8333,1.0,1.8,25.9,0.0,1.0,-0.9232,-0.3844,-1.0,-0.0,0.0,0.0,SAFE
2018-09-09,Bombay / Juhu,9,Monsoon,27.7,23.8,31.0,7.2,11.0,1009.0,4.25,4,11.0,19.1167,72.8333,0.5,1.5,10.4,1.0,-0.5,-0.9296,-0.3685,-1.0,-0.0,0.0,0.0,SAFE
2018-09-10,Bombay / Juhu,9,Monsoon,28.1,23.6,31.0,7.4,10.2,1011.6,1.65,4,11.0,19.1167,72.8333,7.9,9.4,15.3,0.5,7.4,-0.9358,-0.3524,-1.0,-0.0,0.0455,0.0,SAFE
2018-09-11,Bombay / Juhu,9,Monsoon,28.1,23.2,31.2,8.0,9.9,1012.3,0.95,4,11.0,19.1167,72.8333,0.0,8.4,10.2,7.9,-7.9,-0.9418,-0.3363,-1.0,-0.0,0.0019,1.9,SAFE
2018-09-12,Bombay / Juhu,9,Monsoon,28.1,23.2,31.0,7.8,12.0,1010.6,2.65,4,11.0,19.1167,72.8333,2.0,9.9,12.2,0.0,2.0,-0.9474,-0.32,-1.0,-0.0,0.0458,6.3,SAFE
2018-09-13,Bombay / Juhu,9,Monsoon,27.6,23.5,31.2,7.7,11.5,1009.3,3.95,4,11.0,19.1167,72.8333,0.0,2.0,11.4,2.0,-2.0,-0.9528,-0.3037,-1.0,-0.0,0.0,0.0,SAFE
2018-09-14,Bombay / Juhu,9,Monsoon,27.4,23.9,30.0,6.1,8.5,1009.7,3.55,4,11.0,19.1167,72.8333,8.9,10.9,20.3,0.0,8.9,-0.9579,-0.2873,-1.0,-0.0,0.3867,10.4,LOW
2018-09-15,Bombay / Juhu,9,Monsoon,28.3,25.0,32.1,7.1,10.2,1010.3,2.95,4,11.0,19.1167,72.8333,0.5,9.4,19.8,8.9,-8.4,-0.9627,-0.2707,-1.0,-0.0,0.1127,2.9,SAFE
2018-09-16,Bombay / Juhu,9,Monsoon,28.4,25.4,30.3,4.9,7.8,1009.1,4.15,4,11.0,19.1167,72.8333,1.0,10.4,20.3,0.5,0.5,-0.9672,-0.2541,-1.0,-0.0,0.0451,0.0,SAFE
2018-09-17,Bombay / Juhu,9,Monsoon,27.8,24.6,32.0,7.4,9.3,1008.4,4.85,4,11.0,19.1167,72.8333,0.0,1.5,12.4,1.0,-1.0,-0.9714,-0.2375,-1.0,-0.0,0.0,0.0,SAFE
2018-09-18,Bombay / Juhu,9,Monsoon,28.8,24.2,31.6,7.4,9.4,1008.7,4.55,4,11.0,19.1167,72.8333,0.0,1.0,12.4,0.0,0.0,-0.9753,-0.2207,-1.0,-0.0,0.0,0.0,SAFE
2018-09-19,Bombay / Juhu,9,Monsoon,27.6,23.4,29.0,5.6,8.6,1008.9,4.35,4,11.0,19.1167,72.8333,8.9,8.9,19.3,0.0,8.9,-0.979,-0.2039,-1.0,-0.0,0.3184,3.4,LOW
2018-09-20,Bombay / Juhu,9,Monsoon,28.2,25.4,31.1,5.7,8.2,1006.6,6.65,4,11.0,19.1167,72.8333,0.0,8.9,19.3,8.9,-8.9,-0.9824,-0.187,-1.0,-0.0,0.0607,0.0,SAFE
2018-09-21,Bombay / Juhu,9,Monsoon,29.0,25.6,31.8,6.2,10.9,1005.5,7.75,4,11.0,19.1167,72.8333,2.0,10.9,12.4,0.0,2.0,-0.9854,-0.1701,-1.0,-0.0,0.0,8.3,SAFE
2018-09-22,Bombay / Juhu,9,Monsoon,28.6,28.0,31.4,3.4,13.8,1007.1,6.15,4,11.0,19.1167,72.8333,0.3,2.3,12.2,2.0,-1.7,-0.9882,-0.1531,-1.0,-0.0,0.0,0.0,SAFE
2018-09-23,Bombay / Juhu,9,Monsoon,28.7,26.6,32.4,5.8,11.3,1010.6,2.65,4,11.0,19.1167,72.8333,0.0,2.3,11.2,0.3,-0.3,-0.9907,-0.1361,-1.0,-0.0,0.0,0.0,SAFE
2018-09-24,Bombay / Juhu,9,Monsoon,28.7,25.5,32.0,6.5,10.1,1011.3,1.95,4,11.0,19.1167,72.8333,0.0,0.3,11.2,0.0,0.0,-0.9929,-0.1191,-1.0,-0.0,0.0,0.0,SAFE
2018-09-25,Bombay / Juhu,9,Monsoon,28.9,24.4,31.8,7.4,9.7,1010.7,2.55,4,11.0,19.1167,72.8333,0.0,0.0,11.2,0.0,0.0,-0.9948,-0.102,-1.0,-0.0,0.0,0.0,SAFE
2018-09-26,Bombay / Juhu,9,Monsoon,29.7,24.4,32.0,7.6,10.1,1008.8,4.45,4,11.0,19.1167,72.8333,0.0,0.0,2.3,0.0,0.0,-0.9964,-0.0848,-1.0,-0.0,0.0,0.0,SAFE
2018-09-27,Bombay / Juhu,9,Monsoon,29.6,25.5,33.0,7.5,10.5,1008.4,4.85,4,11.0,19.1167,72.8333,0.0,0.0,2.3,0.0,0.0,-0.9977,-0.0677,-1.0,-0.0,0.0,0.0,SAFE
2018-09-28,Bombay / Juhu,9,Monsoon,29.4,25.0,32.4,7.4,8.6,1008.9,4.35,4,11.0,19.1167,72.8333,7.1,7.1,7.4,0.0,7.1,-0.9987,-0.0505,-1.0,-0.0,0.0365,6.9,SAFE
2018-09-29,Bombay / Juhu,9,Monsoon,30.1,23.4,33.0,9.6,9.6,1009.6,3.65,4,11.0,19.1167,72.8333,4.1,11.2,11.2,7.1,-3.0,-0.9994,-0.0333,-1.0,-0.0,0.2173,1.1,LOW
2018-09-30,Bombay / Juhu,9,Monsoon,32.0,25.4,36.0,10.6,9.0,1008.8,4.45,4,11.0,19.1167,72.8333,0.0,11.2,11.2,4.1,-4.1,-0.9999,-0.0161,-1.0,-0.0,0.0478,0.1,SAFE
2019-07-01,Bombay / Juhu,7,Monsoon,26.3,24.0,28.0,4.0,13.9,1002.5,10.75,4,11.0,19.1167,72.8333,91.9,96.0,103.1,0.0,91.9,0.0108,-0.9999,-0.5,-0.866,0.5209,38.2,MODERATE
2019-07-02,Bombay / Juhu,7,Monsoon,26.6,23.4,28.0,4.6,6.8,1003.6,9.65,4,11.0,19.1167,72.8333,374.9,466.8,478.0,91.9,283.0,-0.0065,-1.0,-0.5,-0.866,1.0,92.5,CRITICAL
2019-07-03,Bombay / Juhu,7,Monsoon,27.4,24.0,30.0,6.0,7.6,1003.8,9.45,4,11.0,19.1167,72.8333,34.0,500.8,512.0,374.9,-340.9,-0.0237,-0.9997,-0.5,-0.866,1.0,102.7,MODERATE
2019-07-04,Bombay / Juhu,7,Monsoon,28.1,25.0,30.0,5.0,10.0,1003.2,10.05,4,11.0,19.1167,72.8333,4.1,413.0,516.1,34.0,-29.9,-0.0408,-0.9992,-0.5,-0.866,0.7781,118.1,LOW
2019-07-05,Bombay / Juhu,7,Monsoon,28.6,25.6,30.0,4.4,13.7,1001.8,11.45,4,11.0,19.1167,72.8333,23.1,61.2,532.1,4.1,19.0,-0.058,-0.9983,-0.5,-0.866,0.2899,13.5,LOW
2019-07-06,Bombay / Juhu,7,Monsoon,28.3,24.0,30.0,6.0,18.2,1000.8,12.45,4,11.0,19.1167,72.8333,78.0,105.2,606.0,23.1,54.9,-0.0752,-0.9972,-0.5,-0.866,0.5749,45.5,MODERATE
2019-07-07,Bombay / Juhu,7,Monsoon,29.2,25.0,30.2,5.2,19.2,1001.7,11.55,4,11.0,19.1167,72.8333,40.9,142.0,646.9,78.0,-37.1,-0.0923,-0.9957,-0.5,-0.866,0.4353,41.1,LOW
2019-07-08,Bombay / Juhu,7,Monsoon,28.2,25.1,29.0,3.9,18.4,1003.1,10.15,4,11.0,19.1167,72.8333,31.0,149.9,586.0,40.9,-9.9,-0.1094,-0.994,-0.5,-0.866,0.3402,38.8,LOW
2019-07-09,Bombay / Juhu,7,Monsoon,28.9,26.0,31.8,5.8,17.5,1002.3,10.95,4,11.0,19.1167,72.8333,130.0,201.9,341.1,31.0,99.0,-0.1265,-0.992,-0.5,-0.866,0.9809,106.2,HIGH
2019-07-10,Bombay / Juhu,7,Monsoon,27.3,26.0,29.0,3.0,13.2,1002.6,10.65,4,11.0,19.1167,72.8333,7.1,168.1,314.2,130.0,-122.9,-0.1436,-0.9896,-0.5,-0.866,0.1384,17.9,SAFE
2019-07-11,Bombay / Juhu,7,Monsoon,28.6,25.0,31.0,6.0,16.6,1004.9,8.35,4,11.0,19.1167,72.8333,50.0,187.1,360.1,7.1,42.9,-0.1606,-0.987,-0.5,-0.866,0.5267,52.0,MODERATE
2019-07-12,Bombay / Juhu,7,Monsoon,29.3,23.0,32.0,9.0,14.7,1006.2,7.05,4,11.0,19.1167,72.8333,24.9,82.0,361.9,50.0,-25.1,-0.1775,-0.9841,-0.5,-0.866,0.2882,13.7,LOW
2019-07-13,Bombay / Juhu,7,Monsoon,28.6,25.4,30.4,5.0,14.7,1007.2,6.05,4,11.0,19.1167,72.8333,4.1,79.0,288.0,24.9,-20.8,-0.1944,-0.9809,-0.5,-0.866,0.2764,19.0,LOW
2019-07-14,Bombay / Juhu,7,Monsoon,29.4,25.4,31.0,5.6,14.8,1006.8,6.45,4,11.0,19.1167,72.8333,10.9,39.9,258.0,4.1,6.8,-0.2113,-0.9774,-0.5,-0.866,0.1835,8.1,LOW
2019-07-15,Bombay / Juhu,7,Monsoon,29.6,28.2,31.0,2.8,14.5,1005.6,7.65,4,11.0,19.1167,72.8333,3.0,18.0,230.0,10.9,-7.9,-0.2281,-0.9736,-0.5,-0.866,0.1988,10.5,LOW
2019-07-16,Bombay / Juhu,7,Monsoon,29.1,26.2,30.2,4.0,13.0,1006.3,6.95,4,11.0,19.1167,72.8333,3.0,16.9,103.0,3.0,0.0,-0.2448,-0.9696,-0.5,-0.866,0.2553,8.0,LOW
2019-07-17,Bombay / Juhu,7,Monsoon,29.5,27.2,32.4,5.2,12.2,1006.1,7.15,4,11.0,19.1167,72.8333,4.1,10.1,100.0,3.0,1.1,-0.2614,-0.9652,-0.5,-0.866,0.2201,0.0,LOW
2019-07-18,Bombay / Juhu,7,Monsoon,29.9,26.6,32.0,5.4,11.7,1004.2,9.05,4,11.0,19.1167,72.8333,7.1,14.2,57.1,4.1,3.0,-0.278,-0.9606,-0.5,-0.866,0.1795,0.0,LOW
2019-07-19,Bombay / Juhu,7,Monsoon,30.1,26.6,33.4,6.8,11.2,1002.5,10.75,4,11.0,19.1167,72.8333,2.0,13.2,34.2,7.1,-5.1,-0.2945,-0.9557,-0.5,-0.866,0.1044,4.8,SAFE
2019-07-20,Bombay / Juhu,7,Monsoon,28.6,26.2,32.2,6.0,9.1,1001.8,11.45,4,11.0,19.1167,72.8333,0.3,9.4,30.4,2.0,-1.7,-0.3109,-0.9505,-0.5,-0.866,0.0,0.0,SAFE
2019-07-21,Bombay / Juhu,7,Monsoon,29.2,25.2,32.6,7.4,6.5,1000.3,12.95,4,11.0,19.1167,72.8333,6.1,8.4,25.6,0.3,5.8,-0.3272,-0.945,-0.5,-0.866,0.1941,5.4,LOW
2019-07-22,Bombay / Juhu,7,Monsoon,29.8,25.0,33.4,8.4,12.8,999.7,13.55,4,11.0,19.1167,72.8333,16.0,22.4,38.6,6.1,9.9,-0.3434,-0.9392,-0.5,-0.866,0.3633,8.7,LOW
2019-07-23,Bombay / Juhu,7,Monsoon,28.7,27.8,31.0,3.2,12.0,1000.3,12.95,4,11.0,19.1167,72.8333,0.0,22.1,35.6,16.0,-16.0,-0.3595,-0.9332,-0.5,-0.866,0.1424,0.0,SAFE
2019-07-24,Bombay / Juhu,7,Monsoon,27.4,25.1,29.0,3.9,14.6,1003.3,9.95,4,11.0,19.1167,72.8333,84.1,100.1,115.6,0.0,84.1,-0.3755,-0.9268,-0.5,-0.866,0.8453,48.5,MODERATE
2019-07-25,Bombay / Juhu,7,Monsoon,27.9,24.9,30.0,5.1,14.2,1005.8,7.45,4,11.0,19.1167,72.8333,38.1,122.2,146.6,84.1,-46.0,-0.3914,-0.9202,-0.5,-0.866,0.2869,49.6,LOW
2019-07-26,Bombay / Juhu,7,Monsoon,28.1,26.0,30.8,4.8,17.7,1004.5,8.75,4,11.0,19.1167,72.8333,43.9,166.1,188.5,38.1,5.8,-0.4071,-0.9134,-0.5,-0.866,0.4208,48.3,LOW
2019-07-27,Bombay / Juhu,7,Monsoon,27.8,24.0,30.0,6.0,20.5,1004.5,8.75,4,11.0,19.1167,72.8333,218.9,300.9,407.1,43.9,175.0,-0.4228,-0.9062,-0.5,-0.866,1.0,131.4,CRITICAL
2019-07-28,Bombay / Juhu,7,Monsoon,29.0,24.5,30.0,5.5,17.8,1004.6,8.65,4,11.0,19.1167,72.8333,27.9,290.7,428.9,218.9,-191.0,-0.4383,-0.8988,-0.5,-0.866,0.6766,40.8,MODERATE
2019-07-29,Bombay / Juhu,7,Monsoon,28.1,26.0,29.0,3.0,18.1,1003.7,9.55,4,11.0,19.1167,72.8333,0.5,247.3,413.4,27.9,-27.4,-0.4537,-0.8912,-0.5,-0.866,0.5847,34.9,LOW
2019-07-30,Bombay / Juhu,7,Monsoon,27.0,24.0,29.0,5.0,16.6,1004.4,8.85,4,11.0,19.1167,72.8333,39.1,67.5,452.5,0.5,38.6,-0.469,-0.8832,-0.5,-0.866,0.3685,22.5,LOW
2019-07-31,Bombay / Juhu,7,Monsoon,28.1,23.4,29.0,5.6,18.7,1005.7,7.55,4,11.0,19.1167,72.8333,65.0,104.6,433.4,39.1,25.9,-0.4841,-0.875,-0.5,-0.866,0.4641,33.3,MODERATE
2019-08-01,Bombay / Juhu,8,Monsoon,28.4,25.4,30.8,5.4,19.2,1004.9,8.35,4,11.0,19.1167,72.8333,13.0,117.1,408.3,65.0,-52.0,-0.4991,-0.8666,-0.866,-0.5,0.2916,25.7,LOW
2019-08-02,Bombay / Juhu,8,Monsoon,26.7,24.2,29.0,4.8,20.6,1003.6,9.65,4,11.0,19.1167,72.8333,42.9,120.9,407.3,13.0,29.9,-0.5139,-0.8578,-0.866,-0.5,0.3083,30.0,LOW
2019-08-03,Bombay / Juhu,8,Monsoon,26.4,24.6,28.0,3.4,17.9,1003.0,10.25,4,11.0,19.1167,72.8333,134.1,190.0,322.5,42.9,91.2,-0.5286,-0.8489,-0.866,-0.5,0.9103,96.4,HIGH
2019-08-04,Bombay / Juhu,8,Monsoon,27.3,25.0,28.0,3.0,20.7,1002.5,10.75,4,11.0,19.1167,72.8333,0.0,177.0,294.6,134.1,-134.1,-0.5431,-0.8397,-0.866,-0.5,0.4409,31.5,LOW
2019-08-05,Bombay / Juhu,8,Monsoon,28.3,24.0,29.0,5.0,17.5,1002.2,11.05,4,11.0,19.1167,72.8333,62.0,196.1,356.1,0.0,62.0,-0.5575,-0.8302,-0.866,-0.5,0.7691,67.4,MODERATE
2019-08-06,Bombay / Juhu,8,Monsoon,28.1,24.8,29.0,4.2,19.3,1001.8,11.45,4,11.0,19.1167,72.8333,8.9,70.9,325.9,62.0,-53.1,-0.5717,-0.8205,-0.866,-0.5,0.2623,5.3,LOW
2019-08-07,Bombay / Juhu,8,Monsoon,28.1,25.4,29.0,3.6,19.1,1000.9,12.35,4,11.0,19.1167,72.8333,7.9,78.8,268.8,8.9,-1.0,-0.5857,-0.8105,-0.866,-0.5,0.0503,3.2,SAFE
2019-08-08,Bombay / Juhu,8,Monsoon,28.3,26.2,29.0,2.8,18.7,1000.1,13.15,4,11.0,19.1167,72.8333,1.0,17.8,256.8,7.9,-6.9,-0.5996,-0.8003,-0.866,-0.5,0.0674,0.0,SAFE
2019-08-09,Bombay / Juhu,8,Monsoon,28.1,26.0,29.0,3.0,19.5,1000.1,13.15,4,11.0,19.1167,72.8333,4.1,13.0,218.0,1.0,3.1,-0.6132,-0.7899,-0.866,-0.5,0.0,4.1,SAFE
2019-08-10,Bombay / Juhu,8,Monsoon,28.6,26.6,29.8,3.2,21.8,1001.5,11.75,4,11.0,19.1167,72.8333,3.0,8.1,86.9,4.1,-1.1,-0.6267,-0.7792,-0.866,-0.5,0.224,4.1,LOW
2019-08-11,Bombay / Juhu,8,Monsoon,28.4,25.6,30.6,5.0,19.4,1004.0,9.25,4,11.0,19.1167,72.8333,5.1,12.2,92.0,3.0,2.1,-0.64,-0.7683,-0.866,-0.5,0.0558,12.4,SAFE
2019-08-12,Bombay / Juhu,8,Monsoon,28.4,24.8,31.2,6.4,16.7,1004.9,8.35,4,11.0,19.1167,72.8333,6.1,14.2,36.1,5.1,1.0,-0.6532,-0.7572,-0.866,-0.5,0.0111,4.1,SAFE
2019-08-13,Bombay / Juhu,8,Monsoon,28.3,26.0,30.0,4.0,14.0,1005.1,8.15,4,11.0,19.1167,72.8333,1.0,12.2,28.2,6.1,-5.1,-0.6661,-0.7459,-0.866,-0.5,0.0998,0.6,SAFE
2019-08-14,Bombay / Juhu,8,Monsoon,28.2,26.0,30.0,4.0,12.8,1005.8,7.45,4,11.0,19.1167,72.8333,3.0,10.1,23.3,1.0,2.0,-0.6788,-0.7343,-0.866,-0.5,0.0363,8.6,SAFE
2019-08-15,Bombay / Juhu,8,Monsoon,28.3,25.2,30.6,5.4,16.1,1006.5,6.75,4,11.0,19.1167,72.8333,7.9,11.9,30.2,3.0,4.9,-0.6914,-0.7225,-0.866,-0.5,0.2865,8.6,LOW
2019-08-16,Bombay / Juhu,8,Monsoon,28.4,25.2,30.4,5.2,17.8,1006.2,7.05,4,11.0,19.1167,72.8333,6.1,17.0,32.2,7.9,-1.8,-0.7037,-0.7105,-0.866,-0.5,0.0522,12.0,SAFE
2019-08-17,Bombay / Juhu,8,Monsoon,28.5,25.8,31.0,5.2,16.7,1006.1,7.15,4,11.0,19.1167,72.8333,5.1,19.1,34.3,6.1,-1.0,-0.7158,-0.6983,-0.866,-0.5,0.0,6.1,SAFE
2019-08-18,Bombay / Juhu,8,Monsoon,28.6,25.6,31.0,5.4,12.9,1007.6,5.65,4,11.0,19.1167,72.8333,4.1,15.3,33.3,5.1,-1.0,-0.7277,-0.6859,-0.866,-0.5,0.0,0.0,SAFE
2019-08-19,Bombay / Juhu,8,Monsoon,28.6,25.8,30.2,4.4,12.4,1008.9,4.35,4,11.0,19.1167,72.8333,2.0,11.2,29.2,4.1,-2.1,-0.7394,-0.6733,-0.866,-0.5,0.0969,0.0,SAFE
2019-08-20,Bombay / Juhu,8,Monsoon,29.1,25.5,31.4,5.9,12.0,1008.9,4.35,4,11.0,19.1167,72.8333,1.0,7.1,29.2,2.0,-1.0,-0.7509,-0.6605,-0.866,-0.5,0.03,0.0,SAFE
2019-08-21,Bombay / Juhu,8,Monsoon,28.8,26.0,31.0,5.0,14.8,1008.0,5.25,4,11.0,19.1167,72.8333,6.1,9.1,32.3,1.0,5.1,-0.7621,-0.6474,-0.866,-0.5,0.0,7.5,SAFE
2019-08-22,Bombay / Juhu,8,Monsoon,28.9,27.0,31.0,4.0,14.3,1007.3,5.95,4,11.0,19.1167,72.8333,1.0,8.1,25.4,6.1,-5.1,-0.7731,-0.6342,-0.866,-0.5,0.2154,8.0,LOW
2019-08-23,Bombay / Juhu,8,Monsoon,28.9,26.4,31.6,5.2,12.9,1007.2,6.05,4,11.0,19.1167,72.8333,2.0,9.1,21.3,1.0,1.0,-0.7839,-0.6208,-0.866,-0.5,0.167,11.9,SAFE
2019-08-24,Bombay / Juhu,8,Monsoon,28.6,25.4,31.2,5.8,13.8,1006.8,6.45,4,11.0,19.1167,72.8333,1.0,4.0,17.2,2.0,-1.0,-0.7945,-0.6073,-0.866,-0.5,0.0,0.0,SAFE
2019-08-25,Bombay / Juhu,8,Monsoon,27.8,25.0,30.2,5.2,10.1,1005.8,7.45,4,11.0,19.1167,72.8333,10.9,13.9,24.0,1.0,9.9,-0.8048,-0.5935,-0.866,-0.5,0.2919,14.7,LOW
2019-08-26,Bombay / Juhu,8,Monsoon,28.4,24.6,31.0,6.4,11.6,1005.6,7.65,4,11.0,19.1167,72.8333,7.1,19.0,29.1,10.9,-3.8,-0.8149,-0.5796,-0.866,-0.5,0.2069,4.4,LOW
2019-08-27,Bombay / Juhu,8,Monsoon,28.6,25.8,31.2,5.4,12.5,1004.5,8.75,4,11.0,19.1167,72.8333,0.0,18.0,28.1,7.1,-7.1,-0.8248,-0.5655,-0.866,-0.5,0.0139,0.0,SAFE
2019-08-28,Bombay / Juhu,8,Monsoon,28.5,25.0,31.4,6.4,12.2,1004.6,8.65,4,11.0,19.1167,72.8333,6.1,13.2,28.1,0.0,6.1,-0.8344,-0.5512,-0.866,-0.5,0.0145,5.8,SAFE
2019-08-29,Bombay / Juhu,8,Monsoon,28.7,25.4,32.4,7.0,11.7,1005.1,8.15,4,11.0,19.1167,72.8333,3.0,9.1,30.1,6.1,-3.1,-0.8437,-0.5368,-0.866,-0.5,0.1879,5.5,SAFE
2019-08-30,Bombay / Juhu,8,Monsoon,28.3,25.2,30.0,4.8,12.7,1003.6,9.65,4,11.0,19.1167,72.8333,3.0,12.1,31.1,3.0,0.0,-0.8528,-0.5222,-0.866,-0.5,0.1481,2.5,SAFE
2019-08-31,Bombay / Juhu,8,Monsoon,27.9,25.7,29.2,3.5,15.4,1002.1,11.15,4,11.0,19.1167,72.8333,13.0,19.0,43.1,3.0,10.0,-0.8617,-0.5074,-0.866,-0.5,0.1847,9.6,LOW
2019-09-01,Bombay / Juhu,9,Monsoon,27.2,25.4,28.0,2.6,12.2,1003.3,9.95,4,11.0,19.1167,72.8333,16.0,32.0,48.2,13.0,3.0,-0.8703,-0.4925,-1.0,-0.0,0.1125,9.4,LOW
2019-09-02,Bombay / Juhu,9,Monsoon,27.8,24.9,31.2,6.3,11.5,1004.7,8.55,4,11.0,19.1167,72.8333,17.0,46.0,58.1,16.0,1.0,-0.8786,-0.4775,-1.0,-0.0,0.2912,13.7,LOW
2019-09-03,Bombay / Juhu,9,Monsoon,26.4,24.6,29.0,4.4,14.5,1004.1,9.15,4,11.0,19.1167,72.8333,131.1,164.1,189.2,17.0,114.1,-0.8867,-0.4623,-1.0,-0.0,0.8957,96.0,HIGH
2019-09-04,Bombay / Juhu,9,Monsoon,25.9,24.0,27.0,3.0,15.1,1002.9,10.35,4,11.0,19.1167,72.8333,118.1,266.2,301.2,131.1,-13.0,-0.8945,-0.447,-1.0,-0.0,1.0,111.2,HIGH
2019-09-05,Bombay / Juhu,9,Monsoon,27.0,24.2,29.0,4.8,14.5,1001.7,11.55,4,11.0,19.1167,72.8333,242.1,491.3,540.3,118.1,124.0,-0.9021,-0.4315,-1.0,-0.0,1.0,150.5,CRITICAL
2019-09-06,Bombay / Juhu,9,Monsoon,27.3,24.8,29.0,4.2,15.5,1002.3,10.95,4,11.0,19.1167,72.8333,45.0,405.2,582.3,242.1,-197.1,-0.9094,-0.4159,-1.0,-0.0,0.8367,27.9,MODERATE
2019-09-07,Bombay / Juhu,9,Monsoon,26.8,24.8,29.0,4.2,15.8,1002.5,10.75,4,11.0,19.1167,72.8333,23.1,310.2,592.4,45.0,-21.9,-0.9164,-0.4002,-1.0,-0.0,0.489,48.5,LOW
2019-09-08,Bombay / Juhu,9,Monsoon,26.9,23.6,28.8,5.2,13.6,1004.2,9.05,4,11.0,19.1167,72.8333,119.1,187.2,695.5,23.1,96.0,-0.9232,-0.3844,-1.0,-0.0,0.8391,89.1,HIGH
2019-09-09,Bombay / Juhu,9,Monsoon,27.1,24.3,29.0,4.7,16.1,1004.2,9.05,4,11.0,19.1167,72.8333,25.9,168.1,704.4,119.1,-93.2,-0.9296,-0.3685,-1.0,-0.0,0.5594,14.8,LOW
2019-09-10,Bombay / Juhu,9,Monsoon,27.7,24.4,30.0,5.6,14.2,1004.3,8.95,4,11.0,19.1167,72.8333,54.1,199.1,627.4,25.9,28.2,-0.9358,-0.3524,-1.0,-0.0,0.6692,61.9,MODERATE
2019-09-11,Bombay / Juhu,9,Monsoon,27.2,24.2,29.2,5.0,11.7,1006.9,6.35,4,11.0,19.1167,72.8333,7.1,87.1,516.4,54.1,-47.0,-0.9418,-0.3363,-1.0,-0.0,0.226,10.8,LOW
2019-09-12,Bombay / Juhu,9,Monsoon,27.4,26.0,29.0,3.0,14.2,1008.2,5.05,4,11.0,19.1167,72.8333,5.1,66.3,279.4,7.1,-2.0,-0.9474,-0.32,-1.0,-0.0,0.1448,16.5,SAFE
2019-09-13,Bombay / Juhu,9,Monsoon,27.2,23.0,29.2,6.2,12.9,1008.7,4.55,4,11.0,19.1167,72.8333,40.9,53.1,275.3,5.1,35.8,-0.9528,-0.3037,-1.0,-0.0,0.4084,20.9,LOW
2019-09-14,Bombay / Juhu,9,Monsoon,28.6,24.6,30.6,6.0,16.6,1008.2,5.05,4,11.0,19.1167,72.8333,23.1,69.1,275.3,40.9,-17.8,-0.9579,-0.2873,-1.0,-0.0,0.2033,17.6,LOW
2019-09-15,Bombay / Juhu,9,Monsoon,26.4,23.5,30.0,6.5,11.0,1009.0,4.25,4,11.0,19.1167,72.8333,31.0,95.0,187.2,23.1,7.9,-0.9627,-0.2707,-1.0,-0.0,0.4029,36.7,LOW
2019-09-16,Bombay / Juhu,9,Monsoon,28.3,24.3,29.0,4.7,12.4,1008.0,5.25,4,11.0,19.1167,72.8333,8.9,63.0,170.2,31.0,-22.1,-0.9672,-0.2541,-1.0,-0.0,0.1356,4.9,SAFE
2019-09-17,Bombay / Juhu,9,Monsoon,27.4,26.0,29.4,3.4,11.9,1006.9,6.35,4,11.0,19.1167,72.8333,5.1,45.0,121.2,8.9,-3.8,-0.9714,-0.2375,-1.0,-0.0,0.0721,11.5,SAFE
2019-09-18,Bombay / Juhu,9,Monsoon,27.3,24.6,31.0,6.4,12.2,1006.9,6.35,4,11.0,19.1167,72.8333,7.9,21.9,122.0,5.1,2.8,-0.9753,-0.2207,-1.0,-0.0,0.0787,1.9,SAFE
2019-09-19,Bombay / Juhu,9,Monsoon,27.6,23.6,31.0,7.4,8.0,1005.8,7.45,4,11.0,19.1167,72.8333,69.1,82.1,186.0,7.9,61.2,-0.979,-0.2039,-1.0,-0.0,0.5026,39.7,MODERATE
2019-09-20,Bombay / Juhu,9,Monsoon,27.1,24.7,29.0,4.3,12.1,1005.4,7.85,4,11.0,19.1167,72.8333,3.0,80.0,148.1,69.1,-66.1,-0.9824,-0.187,-1.0,-0.0,0.2032,10.8,LOW
2019-09-21,Bombay / Juhu,9,Monsoon,27.9,24.6,31.7,7.1,16.5,1005.1,8.15,4,11.0,19.1167,72.8333,55.1,127.2,180.1,3.0,52.1,-0.9854,-0.1701,-1.0,-0.0,0.5644,42.2,MODERATE
2019-09-22,Bombay / Juhu,9,Monsoon,28.7,25.0,33.0,8.0,13.4,1006.9,6.35,4,11.0,19.1167,72.8333,0.8,58.9,149.9,55.1,-54.3,-0.9882,-0.1531,-1.0,-0.0,0.0,9.9,SAFE
2019-09-23,Bombay / Juhu,9,Monsoon,29.1,25.6,32.0,6.4,9.6,1008.7,4.55,4,11.0,19.1167,72.8333,0.0,55.9,141.0,0.8,-0.8,-0.9907,-0.1361,-1.0,-0.0,0.0724,2.6,SAFE
2019-09-24,Bombay / Juhu,9,Monsoon,28.9,25.2,31.0,5.8,9.4,1007.9,5.35,4,11.0,19.1167,72.8333,0.5,1.3,136.4,0.0,0.5,-0.9929,-0.1191,-1.0,-0.0,0.0,0.0,SAFE
2019-09-25,Bombay / Juhu,9,Monsoon,27.7,24.0,30.0,6.0,8.6,1007.2,6.05,4,11.0,19.1167,72.8333,30.0,30.5,158.5,0.5,29.5,-0.9948,-0.102,-1.0,-0.0,0.4271,27.9,LOW
2019-09-26,Bombay / Juhu,9,Monsoon,27.8,25.0,32.0,7.0,10.2,1008.3,4.95,4,11.0,19.1167,72.8333,1.0,31.5,90.4,30.0,-29.0,-0.9964,-0.0848,-1.0,-0.0,0.0122,14.0,SAFE
2019-09-27,Bombay / Juhu,9,Monsoon,27.6,23.8,30.8,7.0,14.7,1011.7,1.55,4,11.0,19.1167,72.8333,29.0,60.0,116.4,1.0,28.0,-0.9977,-0.0677,-1.0,-0.0,0.3254,12.9,LOW
2019-09-28,Bombay / Juhu,9,Monsoon,28.0,24.8,31.0,6.2,12.2,1011.1,2.15,4,11.0,19.1167,72.8333,1.0,31.0,62.3,29.0,-28.0,-0.9987,-0.0505,-1.0,-0.0,0.2818,12.7,LOW
2019-09-29,Bombay / Juhu,9,Monsoon,28.4,25.0,32.2,7.2,13.0,1011.5,1.75,4,11.0,19.1167,72.8333,0.3,30.3,61.8,1.0,-0.7,-0.9994,-0.0333,-1.0,-0.0,0.0,0.0,SAFE
2019-09-30,Bombay / Juhu,9,Monsoon,28.3,26.0,31.4,5.4,12.1,1011.1,2.15,4,11.0,19.1167,72.8333,4.1,5.4,65.9,0.3,3.8,-0.9999,-0.0161,-1.0,-0.0,0.1433,0.0,SAFE
2020-07-01,Bombay / Juhu,7,Monsoon,28.7,26.0,32.2,6.2,12.4,1003.0,10.25,4,11.0,19.1167,72.8333,8.9,13.3,74.3,4.1,4.8,-0.0065,-1.0,-0.5,-0.866,0.0535,1.7,SAFE
2020-07-02,Bombay / Juhu,7,Monsoon,28.9,25.4,31.6,6.2,11.4,1002.7,10.55,4,11.0,19.1167,72.8333,7.1,20.1,51.4,8.9,-1.8,-0.0237,-0.9997,-0.5,-0.866,0.086,0.0,SAFE
2020-07-03,Bombay / Juhu,7,Monsoon,27.1,26.0,29.0,3.0,9.1,1002.0,11.25,4,11.0,19.1167,72.8333,10.9,26.9,61.3,7.1,3.8,-0.0408,-0.9992,-0.5,-0.866,0.0839,5.6,SAFE
2020-07-04,Bombay / Juhu,7,Monsoon,26.6,25.6,27.2,1.6,13.0,1000.4,12.85,4,11.0,19.1167,72.8333,157.0,175.0,189.3,10.9,146.1,-0.058,-0.9983,-0.5,-0.866,1.0,76.3,HIGH
2020-07-05,Bombay / Juhu,7,Monsoon,28.1,24.8,29.2,4.4,16.2,1000.1,13.15,4,11.0,19.1167,72.8333,200.9,368.8,389.2,157.0,43.9,-0.0752,-0.9972,-0.5,-0.866,1.0,165.8,HIGH
2020-07-06,Bombay / Juhu,7,Monsoon,28.9,25.0,31.0,6.0,19.9,998.5,14.75,4,11.0,19.1167,72.8333,116.1,474.0,505.0,200.9,-84.8,-0.0923,-0.9957,-0.5,-0.866,1.0,135.2,HIGH
2020-07-07,Bombay / Juhu,7,Monsoon,28.5,25.0,31.0,6.0,12.9,999.8,13.45,4,11.0,19.1167,72.8333,30.0,347.0,530.9,116.1,-86.1,-0.1094,-0.994,-0.5,-0.866,0.8595,97.5,MODERATE
2020-07-08,Bombay / Juhu,7,Monsoon,28.9,25.8,31.4,5.6,12.6,1003.1,10.15,4,11.0,19.1167,72.8333,57.9,204.0,579.9,30.0,27.9,-0.1265,-0.992,-0.5,-0.866,0.7205,81.8,MODERATE
2020-07-09,Bombay / Juhu,7,Monsoon,29.1,26.2,31.8,5.6,12.7,1003.5,9.75,4,11.0,19.1167,72.8333,20.1,108.0,592.9,57.9,-37.8,-0.1436,-0.9896,-0.5,-0.866,0.1672,29.2,LOW
2020-07-10,Bombay / Juhu,7,Monsoon,29.7,26.4,32.0,5.6,13.6,1003.8,9.45,4,11.0,19.1167,72.8333,6.1,84.1,588.1,20.1,-14.0,-0.1606,-0.987,-0.5,-0.866,0.2715,12.4,LOW
2020-07-11,Bombay / Juhu,7,Monsoon,29.1,26.8,32.2,5.4,12.2,1003.9,9.35,4,11.0,19.1167,72.8333,1.0,27.2,432.1,6.1,-5.1,-0.1775,-0.9841,-0.5,-0.866,0.2318,0.0,LOW
2020-07-12,Bombay / Juhu,7,Monsoon,26.6,25.0,28.8,3.8,8.9,1004.5,8.75,4,11.0,19.1167,72.8333,22.1,29.2,253.3,1.0,21.1,-0.1944,-0.9809,-0.5,-0.866,0.138,16.3,LOW
2020-07-13,Bombay / Juhu,7,Monsoon,27.2,23.8,29.8,6.0,9.9,1003.5,9.75,4,11.0,19.1167,72.8333,70.1,93.2,207.3,22.1,48.0,-0.2113,-0.9774,-0.5,-0.866,0.665,63.2,MODERATE
2020-07-14,Bombay / Juhu,7,Monsoon,26.7,25.0,28.4,3.4,8.6,1003.3,9.95,4,11.0,19.1167,72.8333,26.9,119.1,204.2,70.1,-43.2,-0.2281,-0.9736,-0.5,-0.866,0.4604,26.3,LOW
2020-07-15,Bombay / Juhu,7,Monsoon,26.3,24.4,27.2,2.8,6.6,1001.9,11.35,4,11.0,19.1167,72.8333,97.0,194.0,243.3,26.9,70.1,-0.2448,-0.9696,-0.5,-0.866,1.0,61.3,HIGH
2020-07-16,Bombay / Juhu,7,Monsoon,26.3,24.4,27.0,2.6,10.1,998.9,14.35,4,11.0,19.1167,72.8333,191.0,314.9,414.2,97.0,94.0,-0.2614,-0.9652,-0.5,-0.866,1.0,127.2,HIGH
2020-07-17,Bombay / Juhu,7,Monsoon,26.7,24.6,29.6,5.0,11.0,998.6,14.65,4,11.0,19.1167,72.8333,154.9,442.9,563.0,191.0,-36.1,-0.278,-0.9606,-0.5,-0.866,1.0,80.5,HIGH
2020-07-18,Bombay / Juhu,7,Monsoon,28.5,25.0,32.0,7.0,10.9,1002.2,11.05,4,11.0,19.1167,72.8333,54.1,400.0,616.1,154.9,-100.8,-0.2945,-0.9557,-0.5,-0.866,0.9059,65.0,MODERATE
2020-07-19,Bombay / Juhu,7,Monsoon,29.4,25.8,32.4,6.6,11.1,1005.0,8.25,4,11.0,19.1167,72.8333,7.9,216.9,601.9,54.1,-46.2,-0.3109,-0.9505,-0.5,-0.866,0.5889,53.7,LOW
2020-07-20,Bombay / Juhu,7,Monsoon,29.6,26.5,32.6,6.1,9.5,1003.6,9.65,4,11.0,19.1167,72.8333,6.1,68.1,537.9,7.9,-1.8,-0.3272,-0.945,-0.5,-0.866,0.014,6.4,SAFE
2020-07-21,Bombay / Juhu,7,Monsoon,29.4,26.4,33.0,6.6,10.1,1004.1,9.15,4,11.0,19.1167,72.8333,4.1,18.1,515.1,6.1,-2.0,-0.3434,-0.9392,-0.5,-0.866,0.0,0.7,SAFE
2020-07-22,Bombay / Juhu,7,Monsoon,29.4,26.2,32.2,6.0,9.3,1005.6,7.65,4,11.0,19.1167,72.8333,0.0,10.2,418.1,4.1,-4.1,-0.3595,-0.9332,-0.5,-0.866,0.098,7.5,SAFE
2020-07-23,Bombay / Juhu,7,Monsoon,28.7,25.4,31.0,5.6,8.5,1004.7,8.55,4,11.0,19.1167,72.8333,49.0,53.1,276.1,0.0,49.0,-0.3755,-0.9268,-0.5,-0.866,0.3515,39.4,LOW
2020-07-24,Bombay / Juhu,7,Monsoon,27.8,24.8,29.0,4.2,5.6,1005.6,7.65,4,11.0,19.1167,72.8333,18.0,67.0,139.2,49.0,-31.0,-0.3914,-0.9202,-0.5,-0.866,0.2646,32.4,LOW
2020-07-25,Bombay / Juhu,7,Monsoon,28.7,25.4,32.0,6.6,9.7,1005.8,7.45,4,11.0,19.1167,72.8333,9.9,76.9,95.0,18.0,-8.1,-0.4071,-0.9134,-0.5,-0.866,0.3374,27.2,LOW
2020-07-26,Bombay / Juhu,7,Monsoon,28.2,25.2,32.0,6.8,9.9,1006.7,6.55,4,11.0,19.1167,72.8333,8.9,36.8,96.0,9.9,-1.0,-0.4228,-0.9062,-0.5,-0.866,0.115,13.4,SAFE
2020-07-27,Bombay / Juhu,7,Monsoon,26.9,25.0,29.0,4.0,9.0,1007.6,5.65,4,11.0,19.1167,72.8333,101.1,119.9,191.0,8.9,92.2,-0.4383,-0.8988,-0.5,-0.866,0.562,28.1,MODERATE
2020-07-28,Bombay / Juhu,7,Monsoon,26.5,25.0,28.0,3.0,9.5,1006.4,6.85,4,11.0,19.1167,72.8333,29.0,139.0,215.9,101.1,-72.1,-0.4537,-0.8912,-0.5,-0.866,0.6415,52.4,LOW
2020-07-29,Bombay / Juhu,7,Monsoon,27.8,24.6,30.6,6.0,6.8,1004.0,9.25,4,11.0,19.1167,72.8333,8.9,139.0,224.8,29.0,-20.1,-0.469,-0.8832,-0.5,-0.866,0.2216,23.7,LOW
2020-07-30,Bombay / Juhu,7,Monsoon,27.3,25.0,30.0,5.0,7.3,1003.8,9.45,4,11.0,19.1167,72.8333,18.0,55.9,193.8,8.9,9.1,-0.4841,-0.875,-0.5,-0.866,0.136,12.2,LOW
2020-07-31,Bombay / Juhu,7,Monsoon,28.5,25.4,32.0,6.6,7.7,1003.5,9.75,4,11.0,19.1167,72.8333,8.9,35.8,184.7,18.0,-9.1,-0.4991,-0.8666,-0.5,-0.866,0.2874,13.7,LOW
2020-08-01,Bombay / Juhu,8,Monsoon,28.8,25.6,32.0,6.4,11.0,1003.1,10.15,4,11.0,19.1167,72.8333,0.5,27.4,175.3,8.9,-8.4,-0.5139,-0.8578,-0.866,-0.5,0.0766,10.4,SAFE
2020-08-02,Bombay / Juhu,8,Monsoon,29.0,26.2,33.2,7.0,13.5,1001.9,11.35,4,11.0,19.1167,72.8333,0.3,9.7,166.7,0.5,-0.2,-0.5286,-0.8489,-0.866,-0.5,0.0827,4.5,SAFE
2020-08-03,Bombay / Juhu,8,Monsoon,27.9,26.0,31.6,5.6,13.9,999.8,13.45,4,11.0,19.1167,72.8333,3.0,3.8,68.6,0.3,2.7,-0.5431,-0.8397,-0.866,-0.5,0.1447,0.0,SAFE
2020-08-04,Bombay / Juhu,8,Monsoon,27.4,24.8,29.0,4.2,18.6,996.3,16.95,4,11.0,19.1167,72.8333,0.0,3.3,39.6,3.0,-3.0,-0.5575,-0.8302,-0.866,-0.5,0.0,0.0,SAFE
2020-08-05,Bombay / Juhu,8,Monsoon,26.2,24.0,29.0,5.0,18.1,993.6,19.65,4,11.0,19.1167,72.8333,84.1,87.1,114.8,0.0,84.1,-0.5717,-0.8205,-0.866,-0.5,0.5895,55.6,MODERATE
2020-08-06,Bombay / Juhu,8,Monsoon,26.4,23.0,28.0,5.0,19.7,995.2,18.05,4,11.0,19.1167,72.8333,16.0,100.1,112.8,84.1,-68.1,-0.5857,-0.8105,-0.866,-0.5,0.4631,24.2,LOW
2020-08-07,Bombay / Juhu,8,Monsoon,27.9,24.2,30.0,5.8,15.4,1000.9,12.35,4,11.0,19.1167,72.8333,79.0,179.1,182.9,16.0,63.0,-0.5996,-0.8003,-0.866,-0.5,0.5127,62.9,MODERATE
2020-08-08,Bombay / Juhu,8,Monsoon,28.2,25.4,30.2,4.8,12.8,1003.9,9.35,4,11.0,19.1167,72.8333,11.9,106.9,194.3,79.0,-67.1,-0.6132,-0.7899,-0.866,-0.5,0.373,30.6,LOW
2020-08-09,Bombay / Juhu,8,Monsoon,29.0,25.0,31.0,6.0,14.3,1003.5,9.75,4,11.0,19.1167,72.8333,19.1,110.0,213.1,11.9,7.2,-0.6267,-0.7792,-0.866,-0.5,0.2457,33.1,LOW
2020-08-10,Bombay / Juhu,8,Monsoon,28.6,27.0,30.2,3.2,14.1,1003.0,10.25,4,11.0,19.1167,72.8333,0.5,31.5,210.6,19.1,-18.6,-0.64,-0.7683,-0.866,-0.5,0.2672,0.8,LOW
2020-08-11,Bombay / Juhu,8,Monsoon,28.1,26.0,29.4,3.4,13.7,1004.9,8.35,4,11.0,19.1167,72.8333,5.1,24.7,215.7,0.5,4.6,-0.6532,-0.7572,-0.866,-0.5,0.1508,18.0,SAFE
2020-08-12,Bombay / Juhu,8,Monsoon,27.3,25.4,28.8,3.4,16.1,1006.0,7.25,4,11.0,19.1167,72.8333,31.0,36.6,162.6,5.1,25.9,-0.6661,-0.7459,-0.866,-0.5,0.2126,6.7,LOW
2020-08-13,Bombay / Juhu,8,Monsoon,27.8,26.0,30.0,4.0,16.8,1004.0,9.25,4,11.0,19.1167,72.8333,41.9,78.0,188.5,31.0,10.9,-0.6788,-0.7343,-0.866,-0.5,0.4694,19.1,LOW
2020-08-14,Bombay / Juhu,8,Monsoon,26.8,24.8,28.0,3.2,16.3,1002.2,11.05,4,11.0,19.1167,72.8333,40.9,113.8,150.4,41.9,-1.0,-0.6914,-0.7225,-0.866,-0.5,0.5423,26.3,MODERATE
2020-08-15,Bombay / Juhu,8,Monsoon,27.8,24.6,29.4,4.8,15.1,1001.7,11.55,4,11.0,19.1167,72.8333,59.9,142.7,198.4,40.9,19.0,-0.7037,-0.7105,-0.866,-0.5,0.6543,24.0,MODERATE
2020-08-16,Bombay / Juhu,8,Monsoon,28.1,25.8,29.4,3.6,26.4,1002.8,10.45,4,11.0,19.1167,72.8333,19.1,119.9,198.4,59.9,-40.8,-0.7158,-0.6983,-0.866,-0.5,0.2406,42.2,LOW
2020-08-17,Bombay / Juhu,8,Monsoon,27.3,25.4,29.0,3.6,14.7,1002.5,10.75,4,11.0,19.1167,72.8333,7.9,86.9,205.8,19.1,-11.2,-0.7277,-0.6859,-0.866,-0.5,0.1924,11.7,LOW
2020-08-18,Bombay / Juhu,8,Monsoon,27.7,24.6,30.0,5.4,13.2,1004.0,9.25,4,11.0,19.1167,72.8333,45.0,72.0,245.7,7.9,37.1,-0.7394,-0.6733,-0.866,-0.5,0.4059,29.5,LOW
2020-08-19,Bombay / Juhu,8,Monsoon,27.9,25.0,30.0,5.0,13.7,1003.6,9.65,4,11.0,19.1167,72.8333,10.9,63.8,225.6,45.0,-34.1,-0.7509,-0.6605,-0.866,-0.5,0.2192,12.4,LOW
2020-08-20,Bombay / Juhu,8,Monsoon,27.4,23.2,28.0,4.8,12.1,1002.5,10.75,4,11.0,19.1167,72.8333,23.1,79.0,206.8,10.9,12.2,-0.7621,-0.6474,-0.866,-0.5,0.3861,31.1,LOW
2020-08-21,Bombay / Juhu,8,Monsoon,26.6,24.8,28.0,3.2,13.4,1003.8,9.45,4,11.0,19.1167,72.8333,32.0,66.0,197.9,23.1,8.9,-0.7731,-0.6342,-0.866,-0.5,0.1208,32.9,LOW
2020-08-22,Bombay / Juhu,8,Monsoon,27.7,24.8,29.0,4.2,16.3,1004.6,8.65,4,11.0,19.1167,72.8333,65.0,120.1,203.0,32.0,33.0,-0.7839,-0.6208,-0.866,-0.5,0.6136,60.2,MODERATE
2020-08-23,Bombay / Juhu,8,Monsoon,28.2,26.0,30.0,4.0,14.8,1005.1,8.15,4,11.0,19.1167,72.8333,14.0,111.0,197.9,65.0,-51.0,-0.7945,-0.6073,-0.866,-0.5,0.2794,14.8,LOW
2020-08-24,Bombay / Juhu,8,Monsoon,28.1,25.0,30.8,5.8,15.9,1005.9,7.35,4,11.0,19.1167,72.8333,7.9,86.9,197.9,14.0,-6.1,-0.8048,-0.5935,-0.866,-0.5,0.1551,16.2,LOW
2020-08-25,Bombay / Juhu,8,Monsoon,28.0,24.4,31.0,6.6,13.5,1008.2,5.05,4,11.0,19.1167,72.8333,13.0,34.9,165.9,7.9,5.1,-0.8149,-0.5796,-0.866,-0.5,0.1127,10.1,LOW
2020-08-26,Bombay / Juhu,8,Monsoon,28.4,25.7,31.0,5.3,12.1,1008.6,4.65,4,11.0,19.1167,72.8333,4.1,25.0,159.1,13.0,-8.9,-0.8248,-0.5655,-0.866,-0.5,0.1088,0.1,SAFE
2020-08-27,Bombay / Juhu,8,Monsoon,28.2,26.8,30.0,3.2,13.3,1007.3,5.95,4,11.0,19.1167,72.8333,2.0,19.1,138.0,4.1,-2.1,-0.8344,-0.5512,-0.866,-0.5,0.0,7.6,SAFE
2020-08-28,Bombay / Juhu,8,Monsoon,26.3,25.0,27.4,2.4,10.6,1005.7,7.55,4,11.0,19.1167,72.8333,5.1,11.2,111.1,2.0,3.1,-0.8437,-0.5368,-0.866,-0.5,0.042,1.5,SAFE
2020-08-29,Bombay / Juhu,8,Monsoon,26.0,24.2,27.0,2.8,9.7,1005.1,8.15,4,11.0,19.1167,72.8333,85.1,92.2,131.2,5.1,80.0,-0.8528,-0.5222,-0.866,-0.5,0.5452,61.3,MODERATE
2020-08-30,Bombay / Juhu,8,Monsoon,26.5,23.8,28.0,4.2,11.8,1005.4,7.85,4,11.0,19.1167,72.8333,53.1,143.3,170.3,85.1,-32.0,-0.8617,-0.5074,-0.866,-0.5,0.6097,46.7,MODERATE
2020-08-31,Bombay / Juhu,8,Monsoon,27.1,24.0,30.0,6.0,12.6,1007.2,6.05,4,11.0,19.1167,72.8333,46.0,184.2,208.4,53.1,-7.1,-0.8703,-0.4925,-0.866,-0.5,0.4951,72.8,MODERATE
2020-09-01,Bombay / Juhu,9,Monsoon,27.6,24.2,30.2,6.0,7.8,1008.9,4.35,4,11.0,19.1167,72.8333,8.9,108.0,204.3,46.0,-37.1,-0.8786,-0.4775,-1.0,-0.0,0.2572,17.7,LOW
2020-09-02,Bombay / Juhu,9,Monsoon,28.6,24.8,31.0,6.2,6.4,1008.1,5.15,4,11.0,19.1167,72.8333,10.9,65.8,211.1,8.9,2.0,-0.8867,-0.4623,-1.0,-0.0,0.3885,10.7,LOW
2020-09-03,Bombay / Juhu,9,Monsoon,29.0,25.4,32.0,6.6,9.0,1007.1,6.15,4,11.0,19.1167,72.8333,0.0,19.8,209.1,10.9,-10.9,-0.8945,-0.447,-1.0,-0.0,0.2074,7.8,SAFE
2020-09-04,Bombay / Juhu,9,Monsoon,29.8,25.0,33.6,8.6,7.1,1006.1,7.15,4,11.0,19.1167,72.8333,0.0,10.9,204.0,0.0,0.0,-0.9021,-0.4315,-1.0,-0.0,0.1844,0.0,SAFE
2020-09-05,Bombay / Juhu,9,Monsoon,30.6,25.4,33.2,7.8,7.7,1005.4,7.85,4,11.0,19.1167,72.8333,7.1,7.1,126.0,0.0,7.1,-0.9094,-0.4159,-1.0,-0.0,0.067,7.8,SAFE
2020-09-06,Bombay / Juhu,9,Monsoon,29.8,27.8,32.8,5.0,7.8,1004.5,8.75,4,11.0,19.1167,72.8333,0.0,7.1,72.9,7.1,-7.1,-0.9164,-0.4002,-1.0,-0.0,0.141,0.0,SAFE
2020-09-07,Bombay / Juhu,9,Monsoon,28.6,25.4,32.0,6.6,9.4,1006.2,7.05,4,11.0,19.1167,72.8333,10.9,18.0,37.8,0.0,10.9,-0.9232,-0.3844,-1.0,-0.0,0.1303,17.2,LOW
2020-09-08,Bombay / Juhu,9,Monsoon,30.1,26.0,33.0,7.0,8.6,1006.6,6.65,4,11.0,19.1167,72.8333,0.5,11.4,29.4,10.9,-10.4,-0.9296,-0.3685,-1.0,-0.0,0.0723,2.2,SAFE
2020-09-09,Bombay / Juhu,9,Monsoon,29.9,26.6,33.0,6.4,8.4,1005.0,8.25,4,11.0,19.1167,72.8333,0.0,11.4,18.5,0.5,-0.5,-0.9358,-0.3524,-1.0,-0.0,0.1335,0.0,SAFE
2020-09-10,Bombay / Juhu,9,Monsoon,29.7,26.6,32.8,6.2,9.1,1003.5,9.75,4,11.0,19.1167,72.8333,6.1,6.6,24.6,0.0,6.1,-0.9418,-0.3363,-1.0,-0.0,0.051,3.5,SAFE
2020-09-11,Bombay / Juhu,9,Monsoon,28.8,26.0,33.0,7.0,9.3,1002.3,10.95,4,11.0,19.1167,72.8333,0.0,6.1,24.6,6.1,-6.1,-0.9474,-0.32,-1.0,-0.0,0.2392,5.3,LOW
2020-09-12,Bombay / Juhu,9,Monsoon,28.0,25.2,32.0,6.8,13.8,1003.9,9.35,4,11.0,19.1167,72.8333,10.9,17.0,28.4,0.0,10.9,-0.9528,-0.3037,-1.0,-0.0,0.1365,9.1,LOW
2020-09-13,Bombay / Juhu,9,Monsoon,28.4,25.0,31.0,6.0,12.0,1006.4,6.85,4,11.0,19.1167,72.8333,25.9,36.8,54.3,10.9,15.0,-0.9579,-0.2873,-1.0,-0.0,0.323,14.7,LOW
2020-09-14,Bombay / Juhu,9,Monsoon,27.2,25.4,31.0,5.6,8.0,1006.3,6.95,4,11.0,19.1167,72.8333,3.0,39.8,46.4,25.9,-22.9,-0.9627,-0.2707,-1.0,-0.0,0.3009,2.8,LOW
2020-09-15,Bombay / Juhu,9,Monsoon,27.8,24.6,31.0,6.4,7.2,1006.0,7.25,4,11.0,19.1167,72.8333,7.1,36.0,53.0,3.0,4.1,-0.9672,-0.2541,-1.0,-0.0,0.2712,4.4,LOW
2020-09-16,Bombay / Juhu,9,Monsoon,28.0,25.0,30.8,5.8,5.9,1006.3,6.95,4,11.0,19.1167,72.8333,3.0,13.1,56.0,7.1,-4.1,-0.9714,-0.2375,-1.0,-0.0,0.0,13.1,SAFE
2020-09-17,Bombay / Juhu,9,Monsoon,27.3,24.8,28.6,3.8,7.1,1006.8,6.45,4,11.0,19.1167,72.8333,15.0,25.1,64.9,3.0,12.0,-0.9753,-0.2207,-1.0,-0.0,0.2327,10.6,LOW
2020-09-18,Bombay / Juhu,9,Monsoon,26.9,26.0,29.6,3.6,5.6,1005.9,7.35,4,11.0,19.1167,72.8333,0.0,18.0,64.9,15.0,-15.0,-0.979,-0.2039,-1.0,-0.0,0.1897,7.9,SAFE
2020-09-19,Bombay / Juhu,9,Monsoon,27.8,25.0,30.0,5.0,4.6,1003.4,9.85,4,11.0,19.1167,72.8333,2.0,17.0,56.0,0.0,2.0,-0.9824,-0.187,-1.0,-0.0,0.2025,4.5,SAFE
2020-09-20,Bombay / Juhu,9,Monsoon,29.2,25.0,33.0,8.0,7.3,1001.5,11.75,4,11.0,19.1167,72.8333,11.9,13.9,42.0,2.0,9.9,-0.9854,-0.1701,-1.0,-0.0,0.0368,0.0,SAFE
2020-09-21,Bombay / Juhu,9,Monsoon,27.8,25.0,31.8,6.8,6.1,1000.6,12.65,4,11.0,19.1167,72.8333,0.0,13.9,39.0,11.9,-11.9,-0.9882,-0.1531,-1.0,-0.0,0.0252,2.1,SAFE
2020-09-22,Bombay / Juhu,9,Monsoon,26.8,25.0,28.0,3.0,7.1,1000.8,12.45,4,11.0,19.1167,72.8333,23.1,35.0,55.0,0.0,23.1,-0.9907,-0.1361,-1.0,-0.0,0.3458,15.3,LOW
2020-09-23,Bombay / Juhu,9,Monsoon,25.8,24.6,28.0,3.4,10.0,1002.6,10.65,4,11.0,19.1167,72.8333,286.0,309.1,338.0,23.1,262.9,-0.9929,-0.1191,-1.0,-0.0,1.0,133.9,CRITICAL
2020-09-24,Bombay / Juhu,9,Monsoon,27.7,23.8,30.0,6.2,6.5,1006.7,6.55,4,11.0,19.1167,72.8333,109.0,418.1,432.0,286.0,-177.0,-0.9948,-0.102,-1.0,-0.0,1.0,135.4,HIGH
2020-09-25,Bombay / Juhu,9,Monsoon,28.3,25.2,30.0,4.8,8.9,1007.7,5.55,4,11.0,19.1167,72.8333,2.0,397.0,434.0,109.0,-107.0,-0.9964,-0.0848,-1.0,-0.0,0.8443,102.6,LOW
2020-09-26,Bombay / Juhu,9,Monsoon,28.9,25.4,31.6,6.2,10.8,1007.3,5.95,4,11.0,19.1167,72.8333,0.0,111.0,432.0,2.0,-2.0,-0.9977,-0.0677,-1.0,-0.0,0.2348,25.1,LOW
2020-09-27,Bombay / Juhu,9,Monsoon,28.8,25.0,32.0,7.0,9.1,1008.5,4.75,4,11.0,19.1167,72.8333,0.0,2.0,420.1,0.0,0.0,-0.9987,-0.0505,-1.0,-0.0,0.0,0.0,SAFE
2020-09-28,Bombay / Juhu,9,Monsoon,28.6,25.0,31.8,6.8,8.4,1008.9,4.35,4,11.0,19.1167,72.8333,0.0,0.0,420.1,0.0,0.0,-0.9994,-0.0333,-1.0,-0.0,0.0,0.0,SAFE
2020-09-29,Bombay / Juhu,9,Monsoon,28.9,24.9,32.4,7.5,6.9,1008.3,4.95,4,11.0,19.1167,72.8333,0.0,0.0,397.0,0.0,0.0,-0.9999,-0.0161,-1.0,-0.0,0.0,0.0,SAFE
2020-09-30,Bombay / Juhu,9,Monsoon,29.1,24.4,32.0,7.6,8.8,1007.4,5.85,4,11.0,19.1167,72.8333,0.0,0.0,111.0,0.0,0.0,-1.0,0.0011,-1.0,-0.0,0.0,0.0,SAFE
2021-07-01,Bombay / Juhu,7,Monsoon,29.4,27.4,31.0,3.6,17.5,1004.9,8.35,4,11.0,19.1167,72.8333,2.1,2.1,4.1,0.0,2.1,0.0108,-0.9999,-0.5,-0.866,0.061,3.9,SAFE
2021-07-02,Bombay / Juhu,7,Monsoon,29.3,27.3,32.0,4.7,18.0,1005.2,8.05,4,11.0,19.1167,72.8333,1.7,3.8,3.8,2.1,-0.4,-0.0065,-1.0,-0.5,-0.866,0.1225,0.0,SAFE
2021-07-03,Bombay / Juhu,7,Monsoon,29.4,27.2,32.0,4.8,15.8,1006.3,6.95,4,11.0,19.1167,72.8333,2.6,6.4,6.4,1.7,0.9,-0.0237,-0.9997,-0.5,-0.866,0.2323,1.6,LOW
2021-07-04,Bombay / Juhu,7,Monsoon,29.3,26.7,32.0,5.3,12.0,1006.9,6.35,4,11.0,19.1167,72.8333,2.2,6.5,8.6,2.6,-0.4,-0.0408,-0.9992,-0.5,-0.866,0.1642,3.1,SAFE
2021-07-05,Bombay / Juhu,7,Monsoon,29.3,27.0,32.0,5.0,10.6,1006.6,6.65,4,11.0,19.1167,72.8333,1.8,6.6,10.4,2.2,-0.4,-0.058,-0.9983,-0.5,-0.866,0.0173,0.3,SAFE
2021-07-06,Bombay / Juhu,7,Monsoon,29.2,26.6,32.0,5.4,9.3,1005.4,7.85,4,11.0,19.1167,72.8333,1.0,5.0,11.4,1.8,-0.8,-0.0752,-0.9972,-0.5,-0.866,0.0,0.0,SAFE
2021-07-07,Bombay / Juhu,7,Monsoon,29.7,27.6,33.0,5.4,10.1,1005.5,7.75,4,11.0,19.1167,72.8333,0.9,3.7,12.3,1.0,-0.1,-0.0923,-0.9957,-0.5,-0.866,0.0,0.0,SAFE
2021-07-08,Bombay / Juhu,7,Monsoon,28.1,27.0,30.0,3.0,10.8,1005.3,7.95,4,11.0,19.1167,72.8333,8.8,10.7,19.0,0.9,7.9,-0.1094,-0.994,-0.5,-0.866,0.0036,11.3,SAFE
2021-07-09,Bombay / Juhu,7,Monsoon,28.2,26.5,31.0,4.5,8.9,1003.4,9.85,4,11.0,19.1167,72.8333,4.6,14.3,21.9,8.8,-4.2,-0.1265,-0.992,-0.5,-0.866,0.0997,3.8,SAFE
2021-07-10,Bombay / Juhu,7,Monsoon,27.0,26.0,29.0,3.0,9.6,1002.6,10.65,4,11.0,19.1167,72.8333,24.3,37.7,43.6,4.6,19.7,-0.1436,-0.9896,-0.5,-0.866,0.4024,18.8,LOW
2021-07-11,Bombay / Juhu,7,Monsoon,27.6,26.0,30.0,4.0,9.7,1001.4,11.85,4,11.0,19.1167,72.8333,31.3,60.2,72.7,24.3,7.0,-0.1606,-0.987,-0.5,-0.866,0.3375,41.1,LOW
2021-07-12,Bombay / Juhu,7,Monsoon,27.6,26.7,30.0,3.3,17.7,998.8,14.45,4,11.0,19.1167,72.8333,175.5,231.1,246.4,31.3,144.2,-0.1775,-0.9841,-0.5,-0.866,1.0,100.7,HIGH
2021-07-13,Bombay / Juhu,7,Monsoon,26.8,25.0,28.0,3.0,19.2,1001.2,12.05,4,11.0,19.1167,72.8333,73.5,280.3,318.9,175.5,-102.0,-0.1944,-0.9809,-0.5,-0.866,1.0,73.6,HIGH
2021-07-14,Bombay / Juhu,7,Monsoon,26.7,26.0,29.0,3.0,15.6,1002.3,10.95,4,11.0,19.1167,72.8333,51.5,300.5,369.5,73.5,-22.0,-0.2113,-0.9774,-0.5,-0.866,0.6313,86.2,MODERATE
2021-07-15,Bombay / Juhu,7,Monsoon,27.0,26.0,29.0,3.0,18.6,1001.1,12.15,4,11.0,19.1167,72.8333,47.8,172.8,408.5,51.5,-3.7,-0.2281,-0.9736,-0.5,-0.866,0.4365,26.5,LOW
2021-07-16,Bombay / Juhu,7,Monsoon,27.1,25.8,29.0,3.2,14.8,1003.8,9.45,4,11.0,19.1167,72.8333,35.5,134.8,439.4,47.8,-12.3,-0.2448,-0.9696,-0.5,-0.866,0.2834,20.7,LOW
2021-07-17,Bombay / Juhu,7,Monsoon,27.3,26.1,29.0,2.9,18.4,1005.4,7.85,4,11.0,19.1167,72.8333,24.7,108.0,439.8,35.5,-10.8,-0.2614,-0.9652,-0.5,-0.866,0.398,19.2,LOW
2021-07-18,Bombay / Juhu,7,Monsoon,27.8,26.5,30.0,3.5,20.0,1004.3,8.95,4,11.0,19.1167,72.8333,50.5,110.7,459.0,24.7,25.8,-0.278,-0.9606,-0.5,-0.866,0.5094,46.7,MODERATE
2021-07-19,Bombay / Juhu,7,Monsoon,26.9,26.1,28.0,1.9,22.9,1003.9,9.35,4,11.0,19.1167,72.8333,39.2,114.4,322.7,50.5,-11.3,-0.2945,-0.9557,-0.5,-0.866,0.6029,29.1,MODERATE
2021-07-20,Bombay / Juhu,7,Monsoon,27.7,25.8,31.0,5.2,19.5,1005.8,7.45,4,11.0,19.1167,72.8333,29.2,118.9,278.4,39.2,-10.0,-0.3109,-0.9505,-0.5,-0.866,0.4232,42.5,LOW
2021-07-21,Bombay / Juhu,7,Monsoon,26.9,25.0,28.0,3.0,25.2,1004.8,8.45,4,11.0,19.1167,72.8333,43.6,112.0,270.5,29.2,14.4,-0.3272,-0.945,-0.5,-0.866,0.4169,37.2,LOW
2021-07-22,Bombay / Juhu,7,Monsoon,27.4,26.7,28.0,1.3,29.4,1001.8,11.45,4,11.0,19.1167,72.8333,17.0,89.8,239.7,43.6,-26.6,-0.3434,-0.9392,-0.5,-0.866,0.2932,19.8,LOW
2021-07-23,Bombay / Juhu,7,Monsoon,27.4,26.3,29.0,2.7,22.3,1001.5,11.75,4,11.0,19.1167,72.8333,22.8,83.4,227.0,17.0,5.8,-0.3595,-0.9332,-0.5,-0.866,0.3248,32.6,LOW
2021-07-24,Bombay / Juhu,7,Monsoon,27.7,25.7,30.0,4.3,19.2,1003.4,9.85,4,11.0,19.1167,72.8333,13.9,53.7,216.2,22.8,-8.9,-0.3755,-0.9268,-0.5,-0.866,0.0478,20.6,SAFE
2021-07-25,Bombay / Juhu,7,Monsoon,27.4,25.8,30.0,4.2,21.1,1004.0,9.25,4,11.0,19.1167,72.8333,18.2,54.9,183.9,13.9,4.3,-0.3914,-0.9202,-0.5,-0.866,0.5313,31.3,LOW
2021-07-26,Bombay / Juhu,7,Monsoon,27.9,25.7,30.0,4.3,22.6,1004.5,8.75,4,11.0,19.1167,72.8333,12.4,44.5,157.1,18.2,-5.8,-0.4071,-0.9134,-0.5,-0.866,0.2567,1.5,LOW
2021-07-27,Bombay / Juhu,7,Monsoon,27.8,25.7,30.0,4.3,22.5,1004.1,9.15,4,11.0,19.1167,72.8333,10.2,40.8,138.1,12.4,-2.2,-0.4228,-0.9062,-0.5,-0.866,0.2076,13.6,LOW
2021-07-28,Bombay / Juhu,7,Monsoon,28.0,26.1,30.0,3.9,23.0,1004.5,8.75,4,11.0,19.1167,72.8333,6.0,28.6,100.5,10.2,-4.2,-0.4383,-0.8988,-0.5,-0.866,0.2108,7.6,LOW
2021-07-29,Bombay / Juhu,7,Monsoon,27.8,26.5,29.0,2.5,24.2,1005.8,7.45,4,11.0,19.1167,72.8333,7.6,23.8,91.1,6.0,1.6,-0.4537,-0.8912,-0.5,-0.866,0.2215,6.0,LOW
2021-07-30,Bombay / Juhu,7,Monsoon,27.9,26.9,29.0,2.1,25.3,1006.6,6.65,4,11.0,19.1167,72.8333,8.2,21.8,76.5,7.6,0.6,-0.469,-0.8832,-0.5,-0.866,0.1323,14.7,SAFE
2021-07-31,Bombay / Juhu,7,Monsoon,28.1,26.5,30.0,3.5,25.3,1007.5,5.75,4,11.0,19.1167,72.8333,5.3,21.1,67.9,8.2,-2.9,-0.4841,-0.875,-0.5,-0.866,0.0652,0.0,SAFE
2021-08-01,Bombay / Juhu,8,Monsoon,27.5,26.6,29.0,2.4,24.5,1006.3,6.95,4,11.0,19.1167,72.8333,4.5,18.0,54.2,5.3,-0.8,-0.4991,-0.8666,-0.866,-0.5,0.1858,8.7,LOW
2021-08-02,Bombay / Juhu,8,Monsoon,27.0,25.8,29.0,3.2,23.7,1006.5,6.75,4,11.0,19.1167,72.8333,5.5,15.3,47.3,4.5,1.0,-0.5139,-0.8578,-0.866,-0.5,0.1643,6.3,SAFE
2021-08-03,Bombay / Juhu,8,Monsoon,27.0,25.6,29.0,3.4,20.6,1007.5,5.75,4,11.0,19.1167,72.8333,13.3,23.3,50.4,5.5,7.8,-0.5286,-0.8489,-0.866,-0.5,0.0897,14.4,SAFE
2021-08-04,Bombay / Juhu,8,Monsoon,27.5,25.6,29.0,3.4,19.8,1007.6,5.65,4,11.0,19.1167,72.8333,6.0,24.8,50.4,13.3,-7.3,-0.5431,-0.8397,-0.866,-0.5,0.2895,4.2,LOW
2021-08-05,Bombay / Juhu,8,Monsoon,27.8,25.8,31.0,5.2,19.9,1005.9,7.35,4,11.0,19.1167,72.8333,3.4,22.7,46.2,6.0,-2.6,-0.5575,-0.8302,-0.866,-0.5,0.1552,2.6,SAFE
2021-08-06,Bombay / Juhu,8,Monsoon,28.0,26.3,31.0,4.7,18.3,1005.1,8.15,4,11.0,19.1167,72.8333,3.2,12.6,41.2,3.4,-0.2,-0.5717,-0.8205,-0.866,-0.5,0.1849,9.1,SAFE
2021-08-07,Bombay / Juhu,8,Monsoon,28.0,26.0,31.0,5.0,16.3,1005.8,7.45,4,11.0,19.1167,72.8333,4.0,10.6,39.9,3.2,0.8,-0.5857,-0.8105,-0.866,-0.5,0.2554,6.9,LOW
2021-08-08,Bombay / Juhu,8,Monsoon,27.5,25.4,30.0,4.6,10.9,1007.1,6.15,4,11.0,19.1167,72.8333,4.2,11.4,39.6,4.0,0.2,-0.5996,-0.8003,-0.866,-0.5,0.1137,0.0,SAFE
2021-08-09,Bombay / Juhu,8,Monsoon,27.7,25.6,31.0,5.4,11.9,1008.3,4.95,4,11.0,19.1167,72.8333,3.8,12.0,37.9,4.2,-0.4,-0.6132,-0.7899,-0.866,-0.5,0.1436,0.5,SAFE
2021-08-10,Bombay / Juhu,8,Monsoon,27.9,26.0,31.0,5.0,12.6,1008.3,4.95,4,11.0,19.1167,72.8333,3.8,11.8,28.4,3.8,0.0,-0.6267,-0.7792,-0.866,-0.5,0.1951,4.7,LOW
2021-08-11,Bombay / Juhu,8,Monsoon,27.6,25.6,30.0,4.4,12.7,1008.1,5.15,4,11.0,19.1167,72.8333,5.2,12.8,27.6,3.8,1.4,-0.64,-0.7683,-0.866,-0.5,0.0424,6.3,SAFE
2021-08-12,Bombay / Juhu,8,Monsoon,27.2,25.6,30.0,4.4,14.7,1008.8,4.45,4,11.0,19.1167,72.8333,3.7,12.7,27.9,5.2,-1.5,-0.6532,-0.7572,-0.866,-0.5,0.1166,0.0,SAFE
2021-08-13,Bombay / Juhu,8,Monsoon,27.6,25.9,30.0,4.1,15.9,1007.7,5.55,4,11.0,19.1167,72.8333,3.8,12.7,28.5,3.7,0.1,-0.6661,-0.7459,-0.866,-0.5,0.1246,0.0,SAFE
2021-08-14,Bombay / Juhu,8,Monsoon,26.7,25.3,30.0,4.7,14.4,1006.0,7.25,4,11.0,19.1167,72.8333,7.2,14.7,31.7,3.8,3.4,-0.6788,-0.7343,-0.866,-0.5,0.031,10.1,SAFE
2021-08-15,Bombay / Juhu,8,Monsoon,26.4,25.0,28.0,3.0,13.1,1006.3,6.95,4,11.0,19.1167,72.8333,8.9,19.9,36.4,7.2,1.7,-0.6914,-0.7225,-0.866,-0.5,0.391,1.5,LOW
2021-08-16,Bombay / Juhu,8,Monsoon,26.4,25.3,28.0,2.7,8.1,1007.6,5.65,4,11.0,19.1167,72.8333,3.1,19.2,35.7,8.9,-5.8,-0.7037,-0.7105,-0.866,-0.5,0.0,0.0,SAFE
2021-08-17,Bombay / Juhu,8,Monsoon,26.8,25.9,29.0,3.1,7.8,1007.6,5.65,4,11.0,19.1167,72.8333,4.0,16.0,35.9,3.1,0.9,-0.7158,-0.6983,-0.866,-0.5,0.0,0.0,SAFE
2021-08-18,Bombay / Juhu,8,Monsoon,25.8,25.0,26.3,1.3,9.6,1006.1,7.15,4,11.0,19.1167,72.8333,18.8,25.9,49.5,4.0,14.8,-0.7277,-0.6859,-0.866,-0.5,0.3442,19.7,LOW
2021-08-19,Bombay / Juhu,8,Monsoon,25.6,25.0,26.3,1.3,10.7,1005.7,7.55,4,11.0,19.1167,72.8333,30.2,53.0,76.0,18.8,11.4,-0.7394,-0.6733,-0.866,-0.5,0.3787,24.4,LOW
2021-08-20,Bombay / Juhu,8,Monsoon,26.2,25.0,28.0,3.0,10.6,1006.1,7.15,4,11.0,19.1167,72.8333,4.8,53.8,77.0,30.2,-25.4,-0.7509,-0.6605,-0.866,-0.5,0.0703,8.9,SAFE
2021-08-21,Bombay / Juhu,8,Monsoon,25.7,25.0,27.0,2.0,13.7,1007.3,5.95,4,11.0,19.1167,72.8333,55.3,90.3,125.1,4.8,50.5,-0.7621,-0.6474,-0.866,-0.5,0.549,33.7,MODERATE
2021-08-22,Bombay / Juhu,8,Monsoon,26.8,25.6,29.0,3.4,9.2,1007.8,5.45,4,11.0,19.1167,72.8333,2.2,62.3,118.4,55.3,-53.1,-0.7731,-0.6342,-0.866,-0.5,0.3319,13.3,LOW
2021-08-23,Bombay / Juhu,8,Monsoon,27.7,25.4,30.0,4.6,10.0,1007.8,5.45,4,11.0,19.1167,72.8333,2.0,59.5,117.3,2.2,-0.2,-0.7839,-0.6208,-0.866,-0.5,0.1694,22.2,SAFE
2021-08-24,Bombay / Juhu,8,Monsoon,27.8,26.0,30.0,4.0,9.9,1007.6,5.65,4,11.0,19.1167,72.8333,2.2,6.4,115.5,2.0,0.2,-0.7945,-0.6073,-0.866,-0.5,0.3668,0.0,LOW
2021-08-25,Bombay / Juhu,8,Monsoon,27.7,26.3,30.0,3.7,9.8,1006.7,6.55,4,11.0,19.1167,72.8333,1.2,5.4,97.9,2.2,-1.0,-0.8048,-0.5935,-0.866,-0.5,0.0,1.8,SAFE
2021-08-26,Bombay / Juhu,8,Monsoon,27.6,26.0,30.0,4.0,12.4,1005.1,8.15,4,11.0,19.1167,72.8333,2.3,5.7,70.0,1.2,1.1,-0.8149,-0.5796,-0.866,-0.5,0.1662,0.0,SAFE
2021-08-27,Bombay / Juhu,8,Monsoon,27.3,25.7,30.0,4.3,10.8,1004.9,8.35,4,11.0,19.1167,72.8333,3.1,6.6,68.3,2.3,0.8,-0.8248,-0.5655,-0.866,-0.5,0.2212,0.4,LOW
2021-08-28,Bombay / Juhu,8,Monsoon,28.0,25.7,31.0,5.3,9.6,1003.6,9.65,4,11.0,19.1167,72.8333,1.6,7.0,14.6,3.1,-1.5,-0.8344,-0.5512,-0.866,-0.5,0.1854,0.5,SAFE
2021-08-29,Bombay / Juhu,8,Monsoon,27.3,25.4,31.0,5.6,8.5,1003.6,9.65,4,11.0,19.1167,72.8333,1.7,6.4,14.1,1.6,0.1,-0.8437,-0.5368,-0.866,-0.5,0.07,4.1,SAFE
2021-08-30,Bombay / Juhu,8,Monsoon,27.6,26.0,30.0,4.0,10.5,1004.9,8.35,4,11.0,19.1167,72.8333,3.5,6.8,15.6,1.7,1.8,-0.8528,-0.5222,-0.866,-0.5,0.0705,2.9,SAFE
2021-08-31,Bombay / Juhu,8,Monsoon,25.9,25.0,26.7,1.7,13.5,1005.0,8.25,4,11.0,19.1167,72.8333,78.6,83.8,92.0,3.5,75.1,-0.8617,-0.5074,-0.866,-0.5,0.6387,45.5,MODERATE
2021-09-01,Bombay / Juhu,9,Monsoon,27.0,25.6,30.0,4.4,13.7,1005.7,7.55,4,11.0,19.1167,72.8333,15.0,97.1,105.8,78.6,-63.6,-0.8703,-0.4925,-1.0,-0.0,0.3796,22.6,LOW
2021-09-02,Bombay / Juhu,9,Monsoon,27.2,25.8,30.0,4.2,16.8,1005.5,7.75,4,11.0,19.1167,72.8333,6.2,99.8,109.7,15.0,-8.8,-0.8786,-0.4775,-1.0,-0.0,0.3173,21.6,LOW
2021-09-03,Bombay / Juhu,9,Monsoon,26.7,25.7,30.0,4.3,14.6,1005.1,8.15,4,11.0,19.1167,72.8333,16.9,38.1,123.5,6.2,10.7,-0.8867,-0.4623,-1.0,-0.0,0.3242,13.0,LOW
2021-09-04,Bombay / Juhu,9,Monsoon,26.7,25.0,30.0,5.0,11.3,1005.6,7.65,4,11.0,19.1167,72.8333,19.1,42.2,141.0,16.9,2.2,-0.8945,-0.447,-1.0,-0.0,0.1252,7.3,LOW
2021-09-05,Bombay / Juhu,9,Monsoon,26.9,25.4,30.0,4.6,10.3,1005.8,7.45,4,11.0,19.1167,72.8333,8.2,44.2,147.5,19.1,-10.9,-0.9021,-0.4315,-1.0,-0.0,0.1567,8.3,LOW
2021-09-06,Bombay / Juhu,9,Monsoon,27.0,25.3,30.0,4.7,11.1,1005.2,8.05,4,11.0,19.1167,72.8333,15.7,43.0,159.7,8.2,7.5,-0.9094,-0.4159,-1.0,-0.0,0.1176,0.0,LOW
2021-09-07,Bombay / Juhu,9,Monsoon,26.9,25.6,29.0,3.4,8.1,1003.2,10.05,4,11.0,19.1167,72.8333,30.2,54.1,111.3,15.7,14.5,-0.9164,-0.4002,-1.0,-0.0,0.2649,28.1,LOW
2021-09-08,Bombay / Juhu,9,Monsoon,27.1,25.6,29.0,3.4,21.7,1002.4,10.85,4,11.0,19.1167,72.8333,28.1,74.0,124.4,30.2,-2.1,-0.9232,-0.3844,-1.0,-0.0,0.4314,33.0,LOW
2021-09-09,Bombay / Juhu,9,Monsoon,27.6,26.4,30.0,3.6,22.2,1006.0,7.25,4,11.0,19.1167,72.8333,7.6,65.9,125.8,28.1,-20.5,-0.9296,-0.3685,-1.0,-0.0,0.2215,17.3,LOW
2021-09-10,Bombay / Juhu,9,Monsoon,27.4,25.8,30.0,4.2,20.1,1006.1,7.15,4,11.0,19.1167,72.8333,11.8,47.5,120.7,7.6,4.2,-0.9358,-0.3524,-1.0,-0.0,0.4773,8.3,LOW
2021-09-11,Bombay / Juhu,9,Monsoon,26.7,25.8,29.0,3.2,20.8,1003.8,9.45,4,11.0,19.1167,72.8333,46.1,65.5,147.7,11.8,34.3,-0.9418,-0.3363,-1.0,-0.0,0.4224,27.5,LOW
2021-09-12,Bombay / Juhu,9,Monsoon,26.6,25.0,29.0,4.0,17.0,1002.0,11.25,4,11.0,19.1167,72.8333,39.7,97.6,179.2,46.1,-6.4,-0.9474,-0.32,-1.0,-0.0,0.4245,34.7,LOW
2021-09-13,Bombay / Juhu,9,Monsoon,27.0,26.0,28.0,2.0,23.4,1001.3,11.95,4,11.0,19.1167,72.8333,34.8,120.6,198.3,39.7,-4.9,-0.9528,-0.3037,-1.0,-0.0,0.4394,20.7,LOW
2021-09-14,Bombay / Juhu,9,Monsoon,27.9,26.8,30.0,3.2,20.9,1002.7,10.55,4,11.0,19.1167,72.8333,13.6,88.1,181.7,34.8,-21.2,-0.9579,-0.2873,-1.0,-0.0,0.2065,30.1,LOW
2021-09-15,Bombay / Juhu,9,Monsoon,27.7,26.2,30.0,3.8,20.3,1004.1,9.15,4,11.0,19.1167,72.8333,2.6,51.0,156.2,13.6,-11.0,-0.9627,-0.2707,-1.0,-0.0,0.1568,7.0,SAFE
2021-09-16,Bombay / Juhu,9,Monsoon,27.7,26.1,30.0,3.9,17.8,1005.3,7.95,4,11.0,19.1167,72.8333,2.2,18.4,150.8,2.6,-0.4,-0.9672,-0.2541,-1.0,-0.0,0.2304,5.4,LOW
2021-09-17,Bombay / Juhu,9,Monsoon,27.9,25.9,30.0,4.1,14.5,1005.9,7.35,4,11.0,19.1167,72.8333,1.6,6.4,140.6,2.2,-0.6,-0.9714,-0.2375,-1.0,-0.0,0.1029,5.0,SAFE
2021-09-18,Bombay / Juhu,9,Monsoon,27.6,25.6,31.0,5.4,14.5,1007.5,5.75,4,11.0,19.1167,72.8333,5.1,8.9,99.6,1.6,3.5,-0.9753,-0.2207,-1.0,-0.0,0.0289,0.0,SAFE
2021-09-19,Bombay / Juhu,9,Monsoon,27.3,25.4,30.0,4.6,11.2,1009.4,3.85,4,11.0,19.1167,72.8333,10.7,17.4,70.6,5.1,5.6,-0.979,-0.2039,-1.0,-0.0,0.0558,7.8,SAFE
2021-09-20,Bombay / Juhu,9,Monsoon,27.3,25.0,31.0,6.0,9.3,1008.8,4.45,4,11.0,19.1167,72.8333,6.7,22.5,42.5,10.7,-4.0,-0.9824,-0.187,-1.0,-0.0,0.0933,0.0,SAFE
2021-09-21,Bombay / Juhu,9,Monsoon,26.4,25.0,28.0,3.0,14.6,1007.5,5.75,4,11.0,19.1167,72.8333,20.6,38.0,49.5,6.7,13.9,-0.9854,-0.1701,-1.0,-0.0,0.2411,17.6,LOW
2021-09-22,Bombay / Juhu,9,Monsoon,26.7,25.4,29.0,3.6,13.9,1006.0,7.25,4,11.0,19.1167,72.8333,16.7,44.0,63.6,20.6,-3.9,-0.9882,-0.1531,-1.0,-0.0,0.3482,10.1,LOW
2021-09-23,Bombay / Juhu,9,Monsoon,27.6,25.0,31.0,6.0,8.1,1006.0,7.25,4,11.0,19.1167,72.8333,4.6,41.9,66.0,16.7,-12.1,-0.9907,-0.1361,-1.0,-0.0,0.0184,14.5,SAFE
2021-09-24,Bombay / Juhu,9,Monsoon,27.8,26.2,31.0,4.8,8.4,1007.1,6.15,4,11.0,19.1167,72.8333,1.2,22.5,65.6,4.6,-3.4,-0.9929,-0.1191,-1.0,-0.0,0.0795,9.0,SAFE
2021-09-25,Bombay / Juhu,9,Monsoon,27.9,25.5,31.0,5.5,8.8,1007.1,6.15,4,11.0,19.1167,72.8333,2.7,8.5,63.2,1.2,1.5,-0.9948,-0.102,-1.0,-0.0,0.1147,7.9,SAFE
2021-09-26,Bombay / Juhu,9,Monsoon,27.3,25.6,30.0,4.4,8.2,1005.6,7.65,4,11.0,19.1167,72.8333,2.0,5.9,54.5,2.7,-0.7,-0.9964,-0.0848,-1.0,-0.0,0.0,2.9,SAFE
2021-09-27,Bombay / Juhu,9,Monsoon,26.4,25.0,29.0,4.0,8.0,1004.1,9.15,4,11.0,19.1167,72.8333,15.6,20.3,63.4,2.0,13.6,-0.9977,-0.0677,-1.0,-0.0,0.0943,8.1,LOW
2021-09-28,Bombay / Juhu,9,Monsoon,26.3,24.0,28.0,4.0,11.3,1003.5,9.75,4,11.0,19.1167,72.8333,16.7,34.3,59.5,15.6,1.1,-0.9987,-0.0505,-1.0,-0.0,0.1369,6.6,LOW
2021-09-29,Bombay / Juhu,9,Monsoon,27.3,25.8,30.0,4.2,20.5,1004.3,8.95,4,11.0,19.1167,72.8333,27.9,60.2,70.7,16.7,11.2,-0.9994,-0.0333,-1.0,-0.0,0.2196,14.3,LOW
2021-09-30,Bombay / Juhu,9,Monsoon,27.5,25.5,31.0,5.5,16.8,1007.6,5.65,4,11.0,19.1167,72.8333,7.0,51.6,73.1,27.9,-20.9,-0.9999,-0.0161,-1.0,-0.0,0.2059,10.3,LOW
2022-07-01,Bombay / Juhu,7,Monsoon,25.8,25.0,27.0,2.0,14.5,1003.5,9.75,4,11.0,19.1167,72.8333,40.6,75.5,112.5,7.0,33.6,0.0108,-0.9999,-0.5,-0.866,0.3727,28.5,LOW
2022-07-02,Bombay / Juhu,7,Monsoon,27.5,25.4,30.0,4.6,17.0,1002.3,10.95,4,11.0,19.1167,72.8333,30.4,78.0,140.2,40.6,-10.2,-0.0065,-1.0,-0.5,-0.866,0.284,26.1,LOW
2022-07-03,Bombay / Juhu,7,Monsoon,26.5,25.7,29.0,3.3,19.0,1002.6,10.65,4,11.0,19.1167,72.8333,21.6,92.6,159.8,30.4,-8.8,-0.0237,-0.9997,-0.5,-0.866,0.3652,19.9,LOW
2022-07-04,Bombay / Juhu,7,Monsoon,26.8,25.8,29.0,3.2,16.4,1001.6,11.65,4,11.0,19.1167,72.8333,37.3,89.3,181.5,21.6,15.7,-0.0408,-0.9992,-0.5,-0.866,0.5747,28.4,MODERATE
2022-07-05,Bombay / Juhu,7,Monsoon,26.0,25.0,27.0,2.0,15.4,1000.3,12.95,4,11.0,19.1167,72.8333,61.6,120.5,226.4,37.3,24.3,-0.058,-0.9983,-0.5,-0.866,0.7342,17.0,MODERATE
2022-07-06,Bombay / Juhu,7,Monsoon,26.1,25.0,27.0,2.0,18.5,1001.9,11.35,4,11.0,19.1167,72.8333,50.3,149.2,248.8,61.6,-11.3,-0.0752,-0.9972,-0.5,-0.866,0.3467,35.0,LOW
2022-07-07,Bombay / Juhu,7,Monsoon,26.9,25.7,28.0,2.3,21.1,1004.8,8.45,4,11.0,19.1167,72.8333,38.6,150.5,280.4,50.3,-11.7,-0.0923,-0.9957,-0.5,-0.866,0.5527,48.1,LOW
2022-07-08,Bombay / Juhu,7,Monsoon,27.5,26.1,29.0,2.9,21.7,1004.0,9.25,4,11.0,19.1167,72.8333,29.9,118.8,269.7,38.6,-8.7,-0.1094,-0.994,-0.5,-0.866,0.3823,21.5,LOW
2022-07-09,Bombay / Juhu,7,Monsoon,27.0,24.4,28.0,3.6,23.5,1002.6,10.65,4,11.0,19.1167,72.8333,43.1,111.6,282.4,29.9,13.2,-0.1265,-0.992,-0.5,-0.866,0.4725,42.8,LOW
2022-07-10,Bombay / Juhu,7,Monsoon,26.5,24.9,28.0,3.1,20.6,1004.0,9.25,4,11.0,19.1167,72.8333,45.3,118.3,306.1,43.1,2.2,-0.1436,-0.9896,-0.5,-0.866,0.4355,25.7,LOW
2022-07-11,Bombay / Juhu,7,Monsoon,26.1,24.2,28.0,3.8,22.5,1005.0,8.25,4,11.0,19.1167,72.8333,79.4,167.8,348.2,45.3,34.1,-0.1606,-0.987,-0.5,-0.866,0.7344,64.9,MODERATE
2022-07-12,Bombay / Juhu,7,Monsoon,26.0,24.0,28.0,4.0,24.1,1004.8,8.45,4,11.0,19.1167,72.8333,60.4,185.1,347.0,79.4,-19.0,-0.1775,-0.9841,-0.5,-0.866,0.6689,52.2,MODERATE
2022-07-13,Bombay / Juhu,7,Monsoon,25.7,25.0,27.0,2.0,24.7,1001.9,11.35,4,11.0,19.1167,72.8333,78.2,218.0,374.9,60.4,17.8,-0.1944,-0.9809,-0.5,-0.866,0.7305,38.8,MODERATE
2022-07-14,Bombay / Juhu,7,Monsoon,25.9,25.0,27.0,2.0,26.8,998.9,14.35,4,11.0,19.1167,72.8333,67.0,205.6,403.3,78.2,-11.2,-0.2113,-0.9774,-0.5,-0.866,0.6226,85.8,MODERATE
2022-07-15,Bombay / Juhu,7,Monsoon,26.8,26.0,28.0,2.0,26.9,999.4,13.85,4,11.0,19.1167,72.8333,26.4,171.6,399.8,67.0,-40.6,-0.2281,-0.9736,-0.5,-0.866,0.4156,31.2,LOW
2022-07-16,Bombay / Juhu,7,Monsoon,27.1,26.0,29.0,3.0,22.8,1000.4,12.85,4,11.0,19.1167,72.8333,31.1,124.5,387.8,26.4,4.7,-0.2448,-0.9696,-0.5,-0.866,0.4402,22.7,LOW
2022-07-17,Bombay / Juhu,7,Monsoon,27.5,25.8,29.0,3.2,18.0,1003.7,9.55,4,11.0,19.1167,72.8333,16.3,73.8,358.8,31.1,-14.8,-0.2614,-0.9652,-0.5,-0.866,0.3284,14.3,LOW
2022-07-18,Bombay / Juhu,7,Monsoon,26.7,24.8,28.0,3.2,17.3,1004.6,8.65,4,11.0,19.1167,72.8333,30.8,78.2,310.2,16.3,14.5,-0.278,-0.9606,-0.5,-0.866,0.4342,25.2,LOW
2022-07-19,Bombay / Juhu,7,Monsoon,26.9,24.8,29.0,4.2,17.4,1005.3,7.95,4,11.0,19.1167,72.8333,33.0,80.1,282.8,30.8,2.2,-0.2945,-0.9557,-0.5,-0.866,0.3066,22.0,LOW
2022-07-20,Bombay / Juhu,7,Monsoon,26.9,25.5,29.0,3.5,14.9,1006.4,6.85,4,11.0,19.1167,72.8333,9.1,72.9,213.7,33.0,-23.9,-0.3109,-0.9505,-0.5,-0.866,0.258,18.8,LOW
2022-07-21,Bombay / Juhu,7,Monsoon,26.9,25.0,29.0,4.0,14.7,1006.6,6.65,4,11.0,19.1167,72.8333,7.0,49.1,153.7,9.1,-2.1,-0.3272,-0.945,-0.5,-0.866,0.283,15.1,LOW
2022-07-22,Bombay / Juhu,7,Monsoon,27.6,25.8,29.0,3.2,15.9,1007.2,6.05,4,11.0,19.1167,72.8333,3.1,19.2,130.4,7.0,-3.9,-0.3434,-0.9392,-0.5,-0.866,0.24,4.5,LOW
2022-07-23,Bombay / Juhu,7,Monsoon,26.9,25.4,29.0,3.6,18.4,1005.3,7.95,4,11.0,19.1167,72.8333,22.7,32.8,122.0,3.1,19.6,-0.3595,-0.9332,-0.5,-0.866,0.2299,22.2,LOW
2022-07-24,Bombay / Juhu,7,Monsoon,26.8,24.9,29.0,4.1,16.8,1004.6,8.65,4,11.0,19.1167,72.8333,31.4,57.2,137.1,22.7,8.7,-0.3755,-0.9268,-0.5,-0.866,0.2929,16.8,LOW
2022-07-25,Bombay / Juhu,7,Monsoon,26.9,25.1,29.0,3.9,16.2,1006.1,7.15,4,11.0,19.1167,72.8333,14.2,68.3,120.5,31.4,-17.2,-0.3914,-0.9202,-0.5,-0.866,0.2669,17.8,LOW
2022-07-26,Bombay / Juhu,7,Monsoon,27.1,26.0,29.0,3.0,10.7,1007.9,5.35,4,11.0,19.1167,72.8333,5.4,51.0,92.9,14.2,-8.8,-0.4071,-0.9134,-0.5,-0.866,0.0561,10.5,SAFE
2022-07-27,Bombay / Juhu,7,Monsoon,26.5,25.0,29.0,4.0,7.1,1007.9,5.35,4,11.0,19.1167,72.8333,2.6,22.2,86.4,5.4,-2.8,-0.4228,-0.9062,-0.5,-0.866,0.0993,0.1,SAFE
2022-07-28,Bombay / Juhu,7,Monsoon,27.7,25.4,30.0,4.6,7.8,1008.6,4.65,4,11.0,19.1167,72.8333,0.8,8.8,80.2,2.6,-1.8,-0.4383,-0.8988,-0.5,-0.866,0.1687,3.6,SAFE
2022-07-29,Bombay / Juhu,7,Monsoon,28.2,26.4,31.0,4.6,11.3,1008.1,5.15,4,11.0,19.1167,72.8333,0.6,4.0,77.7,0.8,-0.2,-0.4537,-0.8912,-0.5,-0.866,0.0,0.0,SAFE
2022-07-30,Bombay / Juhu,7,Monsoon,28.1,26.5,30.0,3.5,11.2,1007.3,5.95,4,11.0,19.1167,72.8333,0.2,1.6,55.2,0.6,-0.4,-0.469,-0.8832,-0.5,-0.866,0.0,0.0,SAFE
2022-07-31,Bombay / Juhu,7,Monsoon,28.5,26.2,31.0,4.8,11.4,1005.8,7.45,4,11.0,19.1167,72.8333,0.3,1.1,24.1,0.2,0.1,-0.4841,-0.875,-0.5,-0.866,0.0,0.0,SAFE
2022-08-01,Bombay / Juhu,8,Monsoon,28.1,26.4,31.0,4.6,14.0,1005.8,7.45,4,11.0,19.1167,72.8333,2.1,2.6,12.0,0.3,1.8,-0.4991,-0.8666,-0.866,-0.5,0.0011,0.7,SAFE
2022-08-02,Bombay / Juhu,8,Monsoon,28.2,26.4,31.0,4.6,13.4,1004.8,8.45,4,11.0,19.1167,72.8333,1.0,3.4,7.6,2.1,-1.1,-0.5139,-0.8578,-0.866,-0.5,0.0,0.0,SAFE
2022-08-03,Bombay / Juhu,8,Monsoon,27.9,26.0,31.0,5.0,8.5,1003.9,9.35,4,11.0,19.1167,72.8333,3.2,6.3,8.2,1.0,2.2,-0.5286,-0.8489,-0.866,-0.5,0.0906,9.7,SAFE
2022-08-04,Bombay / Juhu,8,Monsoon,27.1,26.0,29.0,3.0,8.7,1003.0,10.25,4,11.0,19.1167,72.8333,10.1,14.3,17.5,3.2,6.9,-0.5431,-0.8397,-0.866,-0.5,0.1163,10.0,SAFE
2022-08-05,Bombay / Juhu,8,Monsoon,26.7,26.0,29.0,3.0,8.3,1001.2,12.05,4,11.0,19.1167,72.8333,28.5,41.8,45.4,10.1,18.4,-0.5575,-0.8302,-0.866,-0.5,0.2406,14.8,LOW
2022-08-06,Bombay / Juhu,8,Monsoon,27.1,25.0,30.0,5.0,10.1,1000.1,13.15,4,11.0,19.1167,72.8333,22.0,60.6,67.2,28.5,-6.5,-0.5717,-0.8205,-0.866,-0.5,0.2676,22.8,LOW
2022-08-07,Bombay / Juhu,8,Monsoon,26.8,25.0,30.0,5.0,9.9,999.6,13.65,4,11.0,19.1167,72.8333,45.6,96.1,112.5,22.0,23.6,-0.5857,-0.8105,-0.866,-0.5,0.3985,49.0,LOW
2022-08-08,Bombay / Juhu,8,Monsoon,26.5,25.0,27.0,2.0,11.5,998.2,15.05,4,11.0,19.1167,72.8333,15.6,83.2,126.0,45.6,-30.0,-0.5996,-0.8003,-0.866,-0.5,0.3452,16.3,LOW
2022-08-09,Bombay / Juhu,8,Monsoon,26.6,26.0,27.0,1.0,28.5,997.2,16.05,4,11.0,19.1167,72.8333,125.2,186.4,250.2,15.6,109.6,-0.6132,-0.7899,-0.866,-0.5,0.9374,59.7,HIGH
2022-08-10,Bombay / Juhu,8,Monsoon,26.5,25.9,28.0,2.1,29.4,997.0,16.25,4,11.0,19.1167,72.8333,39.2,180.0,286.2,125.2,-86.0,-0.6267,-0.7792,-0.866,-0.5,0.7066,38.3,MODERATE
2022-08-11,Bombay / Juhu,8,Monsoon,26.8,25.0,28.0,3.0,31.4,998.6,14.65,4,11.0,19.1167,72.8333,22.7,187.1,298.8,39.2,-16.5,-0.64,-0.7683,-0.866,-0.5,0.6213,12.6,LOW
2022-08-12,Bombay / Juhu,8,Monsoon,26.5,25.0,28.0,3.0,30.9,1002.0,11.25,4,11.0,19.1167,72.8333,18.8,80.7,289.1,22.7,-3.9,-0.6532,-0.7572,-0.866,-0.5,0.1948,22.4,LOW
2022-08-13,Bombay / Juhu,8,Monsoon,27.0,25.9,29.0,3.1,22.3,1004.1,9.15,4,11.0,19.1167,72.8333,20.3,61.8,287.4,18.8,1.5,-0.6661,-0.7459,-0.866,-0.5,0.2749,23.7,LOW
2022-08-14,Bombay / Juhu,8,Monsoon,26.9,25.0,28.0,3.0,22.3,1005.7,7.55,4,11.0,19.1167,72.8333,10.2,49.3,252.0,20.3,-10.1,-0.6788,-0.7343,-0.866,-0.5,0.13,21.4,LOW
2022-08-15,Bombay / Juhu,8,Monsoon,26.6,25.5,28.0,2.5,21.2,1005.9,7.35,4,11.0,19.1167,72.8333,37.5,68.0,273.9,10.2,27.3,-0.6914,-0.7225,-0.866,-0.5,0.3285,23.9,LOW
2022-08-16,Bombay / Juhu,8,Monsoon,25.9,24.0,27.0,3.0,24.5,1004.8,8.45,4,11.0,19.1167,72.8333,60.2,107.9,208.9,37.5,22.7,-0.7037,-0.7105,-0.866,-0.5,0.7464,31.4,MODERATE
2022-08-17,Bombay / Juhu,8,Monsoon,26.5,25.6,29.0,3.4,21.7,1006.2,7.05,4,11.0,19.1167,72.8333,23.5,121.2,193.2,60.2,-36.7,-0.7158,-0.6983,-0.866,-0.5,0.3403,16.1,LOW
2022-08-18,Bombay / Juhu,8,Monsoon,26.8,25.4,28.0,2.6,24.0,1007.0,6.25,4,11.0,19.1167,72.8333,11.3,95.0,181.8,23.5,-12.2,-0.7277,-0.6859,-0.866,-0.5,0.3102,19.5,LOW
2022-08-19,Bombay / Juhu,8,Monsoon,26.4,25.5,27.7,2.2,21.2,1007.5,5.75,4,11.0,19.1167,72.8333,16.2,51.0,179.2,11.3,4.9,-0.7394,-0.6733,-0.866,-0.5,0.2877,16.8,LOW
2022-08-20,Bombay / Juhu,8,Monsoon,26.6,25.8,27.6,1.8,20.7,1007.3,5.95,4,11.0,19.1167,72.8333,3.0,30.5,161.9,16.2,-13.2,-0.7509,-0.6605,-0.866,-0.5,0.029,7.4,SAFE
2022-08-21,Bombay / Juhu,8,Monsoon,26.5,25.6,27.4,1.8,21.5,1006.3,6.95,4,11.0,19.1167,72.8333,2.9,22.1,154.6,3.0,-0.1,-0.7621,-0.6474,-0.866,-0.5,0.0312,14.0,SAFE
2022-08-22,Bombay / Juhu,8,Monsoon,26.7,25.9,28.0,2.1,21.6,1004.6,8.65,4,11.0,19.1167,72.8333,6.6,12.5,123.7,2.9,3.7,-0.7731,-0.6342,-0.866,-0.5,0.0,0.9,SAFE
2022-08-23,Bombay / Juhu,8,Monsoon,26.9,25.6,29.0,3.4,19.5,1004.8,8.45,4,11.0,19.1167,72.8333,8.8,18.3,72.3,6.6,2.2,-0.7839,-0.6208,-0.866,-0.5,0.0518,5.2,SAFE
2022-08-24,Bombay / Juhu,8,Monsoon,26.7,25.2,29.0,3.8,18.2,1007.3,5.95,4,11.0,19.1167,72.8333,11.6,27.0,60.4,8.8,2.8,-0.7945,-0.6073,-0.866,-0.5,0.0,0.8,SAFE
2022-08-25,Bombay / Juhu,8,Monsoon,27.0,25.3,29.0,3.7,13.0,1007.1,6.15,4,11.0,19.1167,72.8333,5.3,25.7,54.4,11.6,-6.3,-0.8048,-0.5935,-0.866,-0.5,0.1956,11.9,LOW
2022-08-26,Bombay / Juhu,8,Monsoon,26.9,24.9,29.0,4.1,9.6,1007.2,6.05,4,11.0,19.1167,72.8333,2.1,19.0,40.3,5.3,-3.2,-0.8149,-0.5796,-0.866,-0.5,0.328,6.8,LOW
2022-08-27,Bombay / Juhu,8,Monsoon,27.2,25.0,29.0,4.0,11.2,1007.8,5.45,4,11.0,19.1167,72.8333,1.9,9.3,39.2,2.1,-0.2,-0.8248,-0.5655,-0.866,-0.5,0.1123,3.9,SAFE
2022-08-28,Bombay / Juhu,8,Monsoon,27.2,25.0,29.0,4.0,10.4,1007.4,5.85,4,11.0,19.1167,72.8333,1.6,5.6,37.9,1.9,-0.3,-0.8344,-0.5512,-0.866,-0.5,0.0,1.9,SAFE
2022-08-29,Bombay / Juhu,8,Monsoon,27.0,24.8,30.0,5.2,9.3,1008.5,4.75,4,11.0,19.1167,72.8333,0.4,3.9,31.7,1.6,-1.2,-0.8437,-0.5368,-0.866,-0.5,0.0,0.0,SAFE
2022-08-30,Bombay / Juhu,8,Monsoon,27.7,26.0,30.0,4.0,11.1,1008.5,4.75,4,11.0,19.1167,72.8333,0.3,2.3,23.2,0.4,-0.1,-0.8528,-0.5222,-0.866,-0.5,0.0,0.0,SAFE
2022-08-31,Bombay / Juhu,8,Monsoon,28.2,26.4,31.0,4.6,11.4,1006.7,6.55,4,11.0,19.1167,72.8333,1.5,2.2,13.1,0.3,1.2,-0.8617,-0.5074,-0.866,-0.5,0.0,0.0,SAFE
2022-09-01,Bombay / Juhu,9,Monsoon,27.6,25.2,30.0,4.8,9.0,1006.6,6.65,4,11.0,19.1167,72.8333,15.8,17.6,23.6,1.5,14.3,-0.8703,-0.4925,-1.0,-0.0,0.2691,8.6,LOW
2022-09-02,Bombay / Juhu,9,Monsoon,28.2,25.9,31.0,5.1,8.8,1006.7,6.55,4,11.0,19.1167,72.8333,0.9,18.2,22.4,15.8,-14.9,-0.8786,-0.4775,-1.0,-0.0,0.1902,0.0,SAFE
2022-09-03,Bombay / Juhu,9,Monsoon,28.2,26.3,30.0,3.7,9.7,1007.3,5.95,4,11.0,19.1167,72.8333,0.6,17.3,21.1,0.9,-0.3,-0.8867,-0.4623,-1.0,-0.0,0.0,0.0,SAFE
2022-09-04,Bombay / Juhu,9,Monsoon,27.5,26.0,29.0,3.0,8.4,1007.4,5.85,4,11.0,19.1167,72.8333,2.7,4.2,22.2,0.6,2.1,-0.8945,-0.447,-1.0,-0.0,0.1693,2.7,SAFE
2022-09-05,Bombay / Juhu,9,Monsoon,28.1,26.9,30.0,3.1,11.5,1007.5,5.75,4,11.0,19.1167,72.8333,8.3,11.6,30.1,2.7,5.6,-0.9021,-0.4315,-1.0,-0.0,0.2925,11.5,LOW
2022-09-06,Bombay / Juhu,9,Monsoon,27.7,26.0,30.0,4.0,8.5,1007.1,6.15,4,11.0,19.1167,72.8333,2.4,13.4,32.2,8.3,-5.9,-0.9094,-0.4159,-1.0,-0.0,0.3052,1.1,LOW
2022-09-07,Bombay / Juhu,9,Monsoon,27.6,26.0,30.3,4.3,8.9,1006.6,6.65,4,11.0,19.1167,72.8333,7.4,18.1,38.1,2.4,5.0,-0.9164,-0.4002,-1.0,-0.0,0.4383,3.6,LOW
2022-09-08,Bombay / Juhu,9,Monsoon,26.4,24.7,28.6,3.9,8.3,1005.6,7.65,4,11.0,19.1167,72.8333,28.1,37.9,50.4,7.4,20.7,-0.9232,-0.3844,-1.0,-0.0,0.176,19.9,LOW
2022-09-09,Bombay / Juhu,9,Monsoon,27.3,26.1,30.0,3.9,7.7,1004.1,9.15,4,11.0,19.1167,72.8333,11.6,47.1,61.1,28.1,-16.5,-0.9296,-0.3685,-1.0,-0.0,0.4985,8.3,LOW
2022-09-10,Bombay / Juhu,9,Monsoon,27.4,26.0,30.0,4.0,7.2,1004.3,8.95,4,11.0,19.1167,72.8333,8.2,47.9,68.7,11.6,-3.4,-0.9358,-0.3524,-1.0,-0.0,0.149,11.3,LOW
2022-09-11,Bombay / Juhu,9,Monsoon,27.3,25.9,29.0,3.1,6.8,1002.2,11.05,4,11.0,19.1167,72.8333,15.9,35.7,81.9,8.2,7.7,-0.9418,-0.3363,-1.0,-0.0,0.1442,1.0,LOW
2022-09-12,Bombay / Juhu,9,Monsoon,26.8,25.0,29.0,4.0,7.5,1001.2,12.05,4,11.0,19.1167,72.8333,43.0,67.1,116.6,15.9,27.1,-0.9474,-0.32,-1.0,-0.0,0.4233,37.6,LOW
2022-09-13,Bombay / Juhu,9,Monsoon,25.9,24.0,27.0,3.0,13.3,1002.8,10.45,4,11.0,19.1167,72.8333,75.1,134.0,189.3,43.0,32.1,-0.9528,-0.3037,-1.0,-0.0,0.5887,77.0,MODERATE
2022-09-14,Bombay / Juhu,9,Monsoon,26.3,25.0,28.0,3.0,18.4,1005.8,7.45,4,11.0,19.1167,72.8333,72.5,190.6,254.4,75.1,-2.6,-0.9579,-0.2873,-1.0,-0.0,0.7636,45.4,MODERATE
2022-09-15,Bombay / Juhu,9,Monsoon,26.6,25.4,29.0,3.6,21.3,1007.0,6.25,4,11.0,19.1167,72.8333,65.4,213.0,291.7,72.5,-7.1,-0.9627,-0.2707,-1.0,-0.0,0.5812,54.1,MODERATE
2022-09-16,Bombay / Juhu,9,Monsoon,25.6,24.0,27.0,3.0,17.5,1005.9,7.35,4,11.0,19.1167,72.8333,61.6,199.5,341.7,65.4,-3.8,-0.9672,-0.2541,-1.0,-0.0,0.6555,82.5,MODERATE
2022-09-17,Bombay / Juhu,9,Monsoon,26.3,24.6,29.0,4.4,11.4,1006.4,6.85,4,11.0,19.1167,72.8333,47.1,174.1,380.6,61.6,-14.5,-0.9714,-0.2375,-1.0,-0.0,0.705,49.3,MODERATE
2022-09-18,Bombay / Juhu,9,Monsoon,24.9,24.0,25.6,1.6,9.6,1008.3,4.95,4,11.0,19.1167,72.8333,56.5,165.2,421.2,47.1,9.4,-0.9753,-0.2207,-1.0,-0.0,0.5976,57.2,MODERATE
2022-09-19,Bombay / Juhu,9,Monsoon,24.9,23.0,26.9,3.9,8.7,1009.2,4.05,4,11.0,19.1167,72.8333,2.4,106.0,380.6,56.5,-54.1,-0.979,-0.2039,-1.0,-0.0,0.2592,7.8,LOW
2022-09-20,Bombay / Juhu,9,Monsoon,25.8,24.0,27.0,3.0,8.2,1008.7,4.55,4,11.0,19.1167,72.8333,4.3,63.2,309.8,2.4,1.9,-0.9824,-0.187,-1.0,-0.0,0.2395,14.8,LOW
2022-09-21,Bombay / Juhu,9,Monsoon,24.8,23.0,27.5,4.5,7.2,1008.9,4.35,4,11.0,19.1167,72.8333,8.0,14.7,245.3,4.3,3.7,-0.9854,-0.1701,-1.0,-0.0,0.2583,0.0,LOW
2022-09-22,Bombay / Juhu,9,Monsoon,24.5,23.0,26.1,3.1,7.8,1009.2,4.05,4,11.0,19.1167,72.8333,14.3,26.6,194.2,8.0,6.3,-0.9882,-0.1531,-1.0,-0.0,0.0109,11.3,SAFE
2022-09-23,Bombay / Juhu,9,Monsoon,26.9,23.0,30.0,7.0,10.4,1008.9,4.35,4,11.0,19.1167,72.8333,1.0,23.3,133.6,14.3,-13.3,-0.9907,-0.1361,-1.0,-0.0,0.1747,11.0,SAFE
2022-09-24,Bombay / Juhu,9,Monsoon,26.2,24.0,30.0,6.0,9.8,1008.1,5.15,4,11.0,19.1167,72.8333,7.6,22.9,94.1,1.0,6.6,-0.9929,-0.1191,-1.0,-0.0,0.1175,15.7,SAFE
2022-09-25,Bombay / Juhu,9,Monsoon,26.5,24.1,29.0,4.9,7.5,1008.1,5.15,4,11.0,19.1167,72.8333,5.8,14.4,43.4,7.6,-1.8,-0.9948,-0.102,-1.0,-0.0,0.1414,5.4,SAFE
2022-09-26,Bombay / Juhu,9,Monsoon,26.0,24.0,28.0,4.0,7.8,1010.0,3.25,4,11.0,19.1167,72.8333,5.5,18.9,46.5,5.8,-0.3,-0.9964,-0.0848,-1.0,-0.0,0.2405,0.6,LOW
2022-09-27,Bombay / Juhu,9,Monsoon,26.6,25.0,29.0,4.0,5.4,1008.8,4.45,4,11.0,19.1167,72.8333,0.9,12.2,43.1,5.5,-4.6,-0.9977,-0.0677,-1.0,-0.0,0.0,5.8,SAFE
2022-09-28,Bombay / Juhu,9,Monsoon,26.7,24.8,29.0,4.2,6.8,1007.6,5.65,4,11.0,19.1167,72.8333,1.2,7.6,36.3,0.9,0.3,-0.9987,-0.0505,-1.0,-0.0,0.0,1.6,SAFE
2022-09-29,Bombay / Juhu,9,Monsoon,26.7,24.8,29.0,4.2,6.5,1007.4,5.85,4,11.0,19.1167,72.8333,2.5,4.6,24.5,1.2,1.3,-0.9994,-0.0333,-1.0,-0.0,0.0,0.0,SAFE
2022-09-30,Bombay / Juhu,9,Monsoon,27.3,25.2,30.0,4.8,8.4,1007.9,5.35,4,11.0,19.1167,72.8333,1.0,4.7,24.5,2.5,-1.5,-0.9999,-0.0161,-1.0,-0.0,0.0,0.0,SAFE
2023-07-01,Bombay / Juhu,7,Monsoon,27.0,25.4,29.0,3.6,22.8,1006.6,6.65,4,11.0,19.1167,72.8333,55.4,58.9,72.3,1.0,54.4,0.0108,-0.9999,-0.5,-0.866,0.5784,32.4,MODERATE
2023-07-02,Bombay / Juhu,7,Monsoon,27.0,26.0,30.0,4.0,19.6,1005.7,7.55,4,11.0,19.1167,72.8333,43.1,99.5,109.6,55.4,-12.3,-0.0065,-1.0,-0.5,-0.866,0.4254,51.4,LOW
2023-07-03,Bombay / Juhu,7,Monsoon,28.0,26.5,31.0,4.5,20.9,1003.8,9.45,4,11.0,19.1167,72.8333,18.9,117.4,123.0,43.1,-24.2,-0.0237,-0.9997,-0.5,-0.866,0.2032,13.4,LOW
2023-07-04,Bombay / Juhu,7,Monsoon,26.9,26.0,28.0,2.0,14.7,1002.3,10.95,4,11.0,19.1167,72.8333,17.2,79.2,139.3,18.9,-1.7,-0.0408,-0.9992,-0.5,-0.866,0.2271,9.5,LOW
2023-07-05,Bombay / Juhu,7,Monsoon,27.1,26.2,28.0,1.8,15.8,1000.7,12.55,4,11.0,19.1167,72.8333,15.0,51.1,153.1,17.2,-2.2,-0.058,-0.9983,-0.5,-0.866,0.0688,20.9,SAFE
2023-07-06,Bombay / Juhu,7,Monsoon,26.3,25.6,27.7,2.1,27.6,1002.3,10.95,4,11.0,19.1167,72.8333,86.1,118.3,236.7,15.0,71.1,-0.0752,-0.9972,-0.5,-0.866,0.5631,52.4,MODERATE
2023-07-07,Bombay / Juhu,7,Monsoon,27.5,26.0,30.0,4.0,25.0,1002.8,10.45,4,11.0,19.1167,72.8333,80.2,181.3,315.9,86.1,-5.9,-0.0923,-0.9957,-0.5,-0.866,0.7871,15.9,MODERATE
2023-07-08,Bombay / Juhu,7,Monsoon,28.1,25.9,30.0,4.1,27.6,1004.7,8.55,4,11.0,19.1167,72.8333,21.0,187.3,281.5,80.2,-59.2,-0.1094,-0.994,-0.5,-0.866,0.336,27.3,LOW
2023-07-09,Bombay / Juhu,7,Monsoon,27.7,26.0,30.0,4.0,26.0,1005.6,7.65,4,11.0,19.1167,72.8333,9.2,110.4,247.6,21.0,-11.8,-0.1265,-0.992,-0.5,-0.866,0.4018,44.0,LOW
2023-07-10,Bombay / Juhu,7,Monsoon,28.7,26.6,31.0,4.4,23.0,1006.2,7.05,4,11.0,19.1167,72.8333,4.0,34.2,232.7,9.2,-5.2,-0.1436,-0.9896,-0.5,-0.866,0.1372,5.5,SAFE
2023-07-11,Bombay / Juhu,7,Monsoon,28.4,27.0,30.0,3.0,20.3,1006.5,6.75,4,11.0,19.1167,72.8333,5.5,18.7,221.0,4.0,1.5,-0.1606,-0.987,-0.5,-0.866,0.1379,7.5,SAFE
2023-07-12,Bombay / Juhu,7,Monsoon,28.0,26.0,30.0,4.0,16.3,1005.4,7.85,4,11.0,19.1167,72.8333,12.7,22.2,218.7,5.5,7.2,-0.1775,-0.9841,-0.5,-0.866,0.1409,4.0,LOW
2023-07-13,Bombay / Juhu,7,Monsoon,27.5,25.5,30.0,4.5,17.5,1005.2,8.05,4,11.0,19.1167,72.8333,22.2,40.4,154.8,12.7,9.5,-0.1944,-0.9809,-0.5,-0.866,0.3261,7.9,LOW
2023-07-14,Bombay / Juhu,7,Monsoon,26.2,25.0,28.0,3.0,18.1,1006.8,6.45,4,11.0,19.1167,72.8333,41.8,76.7,116.4,22.2,19.6,-0.2113,-0.9774,-0.5,-0.866,0.4796,32.3,LOW
2023-07-15,Bombay / Juhu,7,Monsoon,27.7,25.5,30.0,4.5,19.4,1007.1,6.15,4,11.0,19.1167,72.8333,18.4,82.4,113.8,41.8,-23.4,-0.2281,-0.9736,-0.5,-0.866,0.3241,17.9,LOW
2023-07-16,Bombay / Juhu,7,Monsoon,27.3,25.1,30.0,4.9,18.5,1006.1,7.15,4,11.0,19.1167,72.8333,28.5,88.7,133.1,18.4,10.1,-0.2448,-0.9696,-0.5,-0.866,0.4082,20.9,LOW
2023-07-17,Bombay / Juhu,7,Monsoon,26.3,25.0,28.0,3.0,21.9,1005.1,8.15,4,11.0,19.1167,72.8333,45.0,91.9,174.1,28.5,16.5,-0.2614,-0.9652,-0.5,-0.866,0.4139,28.3,LOW
2023-07-18,Bombay / Juhu,7,Monsoon,26.6,25.9,28.0,2.1,25.3,1004.0,9.25,4,11.0,19.1167,72.8333,66.0,139.5,234.6,45.0,21.0,-0.278,-0.9606,-0.5,-0.866,0.6695,37.3,MODERATE
2023-07-19,Bombay / Juhu,7,Monsoon,26.7,26.0,28.0,2.0,26.6,1001.7,11.55,4,11.0,19.1167,72.8333,48.8,159.8,270.7,66.0,-17.2,-0.2945,-0.9557,-0.5,-0.866,0.5216,64.8,MODERATE
2023-07-20,Bombay / Juhu,7,Monsoon,27.0,26.3,28.0,1.7,27.7,1002.3,10.95,4,11.0,19.1167,72.8333,34.2,149.0,282.7,48.8,-14.6,-0.3109,-0.9505,-0.5,-0.866,0.4681,27.8,LOW
2023-07-21,Bombay / Juhu,7,Monsoon,26.5,25.0,27.4,2.4,23.4,1004.1,9.15,4,11.0,19.1167,72.8333,27.8,110.8,268.7,34.2,-6.4,-0.3272,-0.945,-0.5,-0.866,0.3497,41.4,LOW
2023-07-22,Bombay / Juhu,7,Monsoon,26.5,25.1,28.0,2.9,31.4,1004.7,8.55,4,11.0,19.1167,72.8333,49.3,111.3,299.6,27.8,21.5,-0.3434,-0.9392,-0.5,-0.866,0.4388,43.1,LOW
2023-07-23,Bombay / Juhu,7,Monsoon,26.7,25.4,29.0,3.6,25.7,1003.6,9.65,4,11.0,19.1167,72.8333,43.7,120.8,314.8,49.3,-5.6,-0.3595,-0.9332,-0.5,-0.866,0.4007,36.4,LOW
2023-07-24,Bombay / Juhu,7,Monsoon,26.7,26.0,28.0,2.0,27.2,1003.8,9.45,4,11.0,19.1167,72.8333,61.7,154.7,331.5,43.7,18.0,-0.3755,-0.9268,-0.5,-0.866,0.663,47.2,MODERATE
2023-07-25,Bombay / Juhu,7,Monsoon,26.8,25.6,28.0,2.4,23.0,1005.8,7.45,4,11.0,19.1167,72.8333,45.8,151.2,311.3,61.7,-15.9,-0.3914,-0.9202,-0.5,-0.866,0.6667,50.0,MODERATE
2023-07-26,Bombay / Juhu,7,Monsoon,26.3,25.0,28.0,3.0,23.5,1006.8,6.45,4,11.0,19.1167,72.8333,75.9,183.4,338.4,45.8,30.1,-0.4071,-0.9134,-0.5,-0.866,0.8509,58.8,MODERATE
2023-07-27,Bombay / Juhu,7,Monsoon,26.1,25.0,27.1,2.1,26.9,1006.9,6.35,4,11.0,19.1167,72.8333,78.5,200.2,382.7,75.9,2.6,-0.4228,-0.9062,-0.5,-0.866,0.6342,40.0,MODERATE
2023-07-28,Bombay / Juhu,7,Monsoon,26.6,25.8,28.0,2.2,24.8,1007.1,6.15,4,11.0,19.1167,72.8333,38.1,192.5,393.0,78.5,-40.4,-0.4383,-0.8988,-0.5,-0.866,0.6879,47.0,MODERATE
2023-07-29,Bombay / Juhu,7,Monsoon,27.1,25.0,29.0,4.0,23.3,1007.5,5.75,4,11.0,19.1167,72.8333,15.1,131.7,358.8,38.1,-23.0,-0.4537,-0.8912,-0.5,-0.866,0.313,17.1,LOW
2023-07-30,Bombay / Juhu,7,Monsoon,27.5,26.4,30.0,3.6,22.4,1006.7,6.55,4,11.0,19.1167,72.8333,13.7,66.9,328.8,15.1,-1.4,-0.469,-0.8832,-0.5,-0.866,0.3053,13.4,LOW
2023-07-31,Bombay / Juhu,7,Monsoon,27.4,26.0,29.0,3.0,24.1,1006.3,6.95,4,11.0,19.1167,72.8333,12.0,40.8,279.1,13.7,-1.7,-0.4841,-0.875,-0.5,-0.866,0.0994,6.0,SAFE
2023-08-01,Bombay / Juhu,8,Monsoon,27.4,26.0,29.0,3.0,23.9,1006.3,6.95,4,11.0,19.1167,72.8333,6.5,32.2,239.8,12.0,-5.5,-0.4991,-0.8666,-0.866,-0.5,0.169,11.6,LOW
2023-08-02,Bombay / Juhu,8,Monsoon,27.4,25.5,29.0,3.5,25.4,1007.0,6.25,4,11.0,19.1167,72.8333,6.9,25.4,170.8,6.5,0.4,-0.5139,-0.8578,-0.866,-0.5,0.1789,14.8,LOW
2023-08-03,Bombay / Juhu,8,Monsoon,27.6,26.5,29.0,2.5,26.4,1006.3,6.95,4,11.0,19.1167,72.8333,3.8,17.2,96.1,6.9,-3.1,-0.5286,-0.8489,-0.866,-0.5,0.0,1.8,SAFE
2023-08-04,Bombay / Juhu,8,Monsoon,27.8,27.0,29.0,2.0,24.3,1007.4,5.85,4,11.0,19.1167,72.8333,2.1,12.8,60.1,3.8,-1.7,-0.5431,-0.8397,-0.866,-0.5,0.1669,7.3,SAFE
2023-08-05,Bombay / Juhu,8,Monsoon,27.9,26.5,29.0,2.5,23.8,1009.2,4.05,4,11.0,19.1167,72.8333,1.4,7.3,46.4,2.1,-0.7,-0.5575,-0.8302,-0.866,-0.5,0.2326,0.0,LOW
2023-08-06,Bombay / Juhu,8,Monsoon,27.8,26.5,30.0,3.5,23.0,1008.7,4.55,4,11.0,19.1167,72.8333,3.5,7.0,36.2,1.4,2.1,-0.5717,-0.8205,-0.866,-0.5,0.083,6.5,SAFE
2023-08-07,Bombay / Juhu,8,Monsoon,27.7,26.3,30.0,3.7,23.3,1007.0,6.25,4,11.0,19.1167,72.8333,3.1,8.0,27.3,3.5,-0.4,-0.5857,-0.8105,-0.866,-0.5,0.2437,0.0,LOW
2023-08-08,Bombay / Juhu,8,Monsoon,27.8,25.8,30.0,4.2,22.2,1007.3,5.95,4,11.0,19.1167,72.8333,1.6,8.2,22.4,3.1,-1.5,-0.5996,-0.8003,-0.866,-0.5,0.0737,3.6,SAFE
2023-08-09,Bombay / Juhu,8,Monsoon,27.9,26.1,30.0,3.9,20.1,1009.5,3.75,4,11.0,19.1167,72.8333,3.4,8.1,18.9,1.6,1.8,-0.6132,-0.7899,-0.866,-0.5,0.1917,2.8,LOW
2023-08-10,Bombay / Juhu,8,Monsoon,27.8,26.1,30.0,3.9,19.7,1010.0,3.25,4,11.0,19.1167,72.8333,9.1,14.1,24.2,3.4,5.7,-0.6267,-0.7792,-0.866,-0.5,0.0,11.1,SAFE
2023-08-11,Bombay / Juhu,8,Monsoon,28.0,25.8,30.0,4.2,17.8,1009.6,3.65,4,11.0,19.1167,72.8333,3.7,16.2,25.8,9.1,-5.4,-0.64,-0.7683,-0.866,-0.5,0.3701,0.0,LOW
2023-08-12,Bombay / Juhu,8,Monsoon,27.6,24.6,30.0,5.4,19.8,1009.4,3.85,4,11.0,19.1167,72.8333,7.8,20.6,32.2,3.7,4.1,-0.6532,-0.7572,-0.866,-0.5,0.3003,10.6,LOW
2023-08-13,Bombay / Juhu,8,Monsoon,28.0,26.0,30.0,4.0,23.6,1007.8,5.45,4,11.0,19.1167,72.8333,2.4,13.9,31.1,7.8,-5.4,-0.6661,-0.7459,-0.866,-0.5,0.0763,1.9,SAFE
2023-08-14,Bombay / Juhu,8,Monsoon,28.2,26.4,30.0,3.6,22.5,1008.1,5.15,4,11.0,19.1167,72.8333,2.3,12.5,30.3,2.4,-0.1,-0.6788,-0.7343,-0.866,-0.5,0.0,2.4,SAFE
2023-08-15,Bombay / Juhu,8,Monsoon,28.0,26.7,30.0,3.3,20.2,1008.5,4.75,4,11.0,19.1167,72.8333,2.2,6.9,30.9,2.3,-0.1,-0.6914,-0.7225,-0.866,-0.5,0.1249,1.3,SAFE
2023-08-16,Bombay / Juhu,8,Monsoon,27.9,25.7,30.0,4.3,18.9,1009.2,4.05,4,11.0,19.1167,72.8333,4.2,8.7,31.7,2.2,2.0,-0.7037,-0.7105,-0.866,-0.5,0.0,0.0,SAFE
2023-08-17,Bombay / Juhu,8,Monsoon,27.8,25.7,30.0,4.3,20.3,1009.5,3.75,4,11.0,19.1167,72.8333,4.4,10.8,27.0,4.2,0.2,-0.7158,-0.6983,-0.866,-0.5,0.1582,4.5,SAFE
2023-08-18,Bombay / Juhu,8,Monsoon,27.9,26.1,30.0,3.9,19.9,1008.3,4.95,4,11.0,19.1167,72.8333,1.6,10.2,24.9,4.4,-2.8,-0.7277,-0.6859,-0.866,-0.5,0.1398,2.2,SAFE
2023-08-19,Bombay / Juhu,8,Monsoon,27.1,25.0,30.0,5.0,20.3,1006.8,6.45,4,11.0,19.1167,72.8333,6.8,12.8,23.9,1.6,5.2,-0.7394,-0.6733,-0.866,-0.5,0.0277,5.7,SAFE
2023-08-20,Bombay / Juhu,8,Monsoon,27.5,25.4,29.0,3.6,20.6,1006.9,6.35,4,11.0,19.1167,72.8333,7.0,15.4,28.5,6.8,0.2,-0.7509,-0.6605,-0.866,-0.5,0.2491,6.7,LOW
2023-08-21,Bombay / Juhu,8,Monsoon,27.4,25.2,30.0,4.8,17.0,1007.3,5.95,4,11.0,19.1167,72.8333,4.2,18.0,30.4,7.0,-2.8,-0.7621,-0.6474,-0.866,-0.5,0.2059,11.2,LOW
2023-08-22,Bombay / Juhu,8,Monsoon,26.8,25.6,29.0,3.4,14.1,1007.4,5.85,4,11.0,19.1167,72.8333,4.8,16.0,33.0,4.2,0.6,-0.7731,-0.6342,-0.866,-0.5,0.2238,9.1,LOW
2023-08-23,Bombay / Juhu,8,Monsoon,27.5,25.6,29.0,3.4,17.6,1007.3,5.95,4,11.0,19.1167,72.8333,2.2,11.2,31.0,4.8,-2.6,-0.7839,-0.6208,-0.866,-0.5,0.1021,0.0,SAFE
2023-08-24,Bombay / Juhu,8,Monsoon,27.5,25.9,30.0,4.1,17.8,1006.4,6.85,4,11.0,19.1167,72.8333,9.7,16.7,36.3,2.2,7.5,-0.7945,-0.6073,-0.866,-0.5,0.0,13.0,SAFE
2023-08-25,Bombay / Juhu,8,Monsoon,27.3,25.7,30.0,4.3,19.3,1006.2,7.05,4,11.0,19.1167,72.8333,8.3,20.2,43.0,9.7,-1.4,-0.8048,-0.5935,-0.866,-0.5,0.2478,0.1,LOW
2023-08-26,Bombay / Juhu,8,Monsoon,26.7,25.0,30.0,5.0,18.9,1007.8,5.45,4,11.0,19.1167,72.8333,13.7,31.7,49.9,8.3,5.4,-0.8149,-0.5796,-0.866,-0.5,0.161,7.2,LOW
2023-08-27,Bombay / Juhu,8,Monsoon,26.6,24.7,30.0,5.3,15.6,1009.0,4.25,4,11.0,19.1167,72.8333,19.7,41.7,62.6,13.7,6.0,-0.8248,-0.5655,-0.866,-0.5,0.0885,21.1,LOW
2023-08-28,Bombay / Juhu,8,Monsoon,27.1,25.3,30.0,4.7,15.4,1008.6,4.65,4,11.0,19.1167,72.8333,4.5,37.9,62.9,19.7,-15.2,-0.8344,-0.5512,-0.866,-0.5,0.2946,0.0,LOW
2023-08-29,Bombay / Juhu,8,Monsoon,27.6,25.3,30.0,4.7,13.0,1008.3,4.95,4,11.0,19.1167,72.8333,2.3,26.5,60.4,4.5,-2.2,-0.8437,-0.5368,-0.866,-0.5,0.345,5.6,LOW
2023-08-30,Bombay / Juhu,8,Monsoon,28.1,25.0,31.0,6.0,10.5,1008.8,4.45,4,11.0,19.1167,72.8333,0.9,7.7,59.1,2.3,-1.4,-0.8528,-0.5222,-0.866,-0.5,0.0851,0.0,SAFE
2023-08-31,Bombay / Juhu,8,Monsoon,28.0,25.5,31.0,5.5,11.0,1008.7,4.55,4,11.0,19.1167,72.8333,0.4,3.6,49.8,0.9,-0.5,-0.8617,-0.5074,-0.866,-0.5,0.0,0.0,SAFE
2023-09-01,Bombay / Juhu,9,Monsoon,28.2,25.1,31.0,5.9,10.3,1008.5,4.75,4,11.0,19.1167,72.8333,0.9,2.2,42.4,0.4,0.5,-0.8703,-0.4925,-1.0,-0.0,0.0,0.0,SAFE
2023-09-02,Bombay / Juhu,9,Monsoon,27.0,25.5,29.0,3.5,7.2,1008.6,4.65,4,11.0,19.1167,72.8333,5.0,6.3,33.7,0.9,4.1,-0.8786,-0.4775,-1.0,-0.0,0.0678,0.0,SAFE
2023-09-03,Bombay / Juhu,9,Monsoon,26.9,25.0,28.0,3.0,11.3,1007.5,5.75,4,11.0,19.1167,72.8333,2.2,8.1,16.2,5.0,-2.8,-0.8867,-0.4623,-1.0,-0.0,0.0303,0.0,SAFE
2023-09-04,Bombay / Juhu,9,Monsoon,27.8,25.2,30.0,4.8,14.3,1006.5,6.75,4,11.0,19.1167,72.8333,0.9,8.1,12.6,2.2,-1.3,-0.8945,-0.447,-1.0,-0.0,0.2619,2.0,LOW
2023-09-05,Bombay / Juhu,9,Monsoon,27.9,25.5,30.0,4.5,14.6,1006.1,7.15,4,11.0,19.1167,72.8333,1.2,4.3,11.5,0.9,0.3,-0.9021,-0.4315,-1.0,-0.0,0.0039,5.0,SAFE
2023-09-06,Bombay / Juhu,9,Monsoon,28.4,26.5,31.0,4.5,14.9,1006.0,7.25,4,11.0,19.1167,72.8333,0.5,2.6,11.1,1.2,-0.7,-0.9094,-0.4159,-1.0,-0.0,0.0,0.0,SAFE
2023-09-07,Bombay / Juhu,9,Monsoon,26.5,25.0,28.2,3.2,21.6,1005.8,7.45,4,11.0,19.1167,72.8333,15.7,17.4,26.4,0.5,15.2,-0.9164,-0.4002,-1.0,-0.0,0.1192,12.6,LOW
2023-09-08,Bombay / Juhu,9,Monsoon,27.2,25.0,28.0,3.0,23.9,1005.9,7.35,4,11.0,19.1167,72.8333,51.5,67.7,77.0,15.7,35.8,-0.9232,-0.3844,-1.0,-0.0,0.3841,43.2,LOW
2023-09-09,Bombay / Juhu,9,Monsoon,28.2,26.7,30.0,3.3,21.0,1006.1,7.15,4,11.0,19.1167,72.8333,11.6,78.8,83.6,51.5,-39.9,-0.9296,-0.3685,-1.0,-0.0,0.3577,3.5,LOW
2023-09-10,Bombay / Juhu,9,Monsoon,28.4,26.7,31.0,4.3,15.5,1006.2,7.05,4,11.0,19.1167,72.8333,5.1,68.2,86.5,11.6,-6.5,-0.9358,-0.3524,-1.0,-0.0,0.1612,13.5,SAFE
2023-09-11,Bombay / Juhu,9,Monsoon,28.2,26.3,31.0,4.7,18.2,1006.6,6.65,4,11.0,19.1167,72.8333,5.5,22.2,91.1,5.1,0.4,-0.9418,-0.3363,-1.0,-0.0,0.0916,3.5,SAFE
2023-09-12,Bombay / Juhu,9,Monsoon,28.2,26.0,31.0,5.0,16.1,1007.4,5.85,4,11.0,19.1167,72.8333,1.6,12.2,91.5,5.5,-3.9,-0.9474,-0.32,-1.0,-0.0,0.2186,6.5,LOW
2023-09-13,Bombay / Juhu,9,Monsoon,27.9,25.8,31.0,5.2,16.1,1006.9,6.35,4,11.0,19.1167,72.8333,3.7,10.8,94.7,1.6,2.1,-0.9528,-0.3037,-1.0,-0.0,0.2758,0.0,LOW
2023-09-14,Bombay / Juhu,9,Monsoon,26.7,24.0,29.0,5.0,13.3,1007.2,6.05,4,11.0,19.1167,72.8333,1.7,7.0,80.7,3.7,-2.0,-0.9579,-0.2873,-1.0,-0.0,0.16,14.9,SAFE
2023-09-15,Bombay / Juhu,9,Monsoon,27.8,25.6,31.0,5.4,14.2,1006.8,6.45,4,11.0,19.1167,72.8333,1.9,7.3,31.1,1.7,0.2,-0.9627,-0.2707,-1.0,-0.0,0.025,4.7,SAFE
2023-09-16,Bombay / Juhu,9,Monsoon,28.1,26.2,30.0,3.8,21.2,1006.3,6.95,4,11.0,19.1167,72.8333,6.4,10.0,25.9,1.9,4.5,-0.9672,-0.2541,-1.0,-0.0,0.0667,4.5,SAFE
2023-09-17,Bombay / Juhu,9,Monsoon,27.7,25.0,29.0,4.0,23.0,1005.4,7.85,4,11.0,19.1167,72.8333,7.0,15.3,27.8,6.4,0.6,-0.9714,-0.2375,-1.0,-0.0,0.1397,12.5,SAFE
2023-09-18,Bombay / Juhu,9,Monsoon,27.2,25.1,30.0,4.9,22.1,1005.2,8.05,4,11.0,19.1167,72.8333,32.5,45.9,54.8,7.0,25.5,-0.9753,-0.2207,-1.0,-0.0,0.3384,23.2,LOW
2023-09-19,Bombay / Juhu,9,Monsoon,27.6,25.4,30.0,4.6,21.2,1006.8,6.45,4,11.0,19.1167,72.8333,26.7,66.2,79.9,32.5,-5.8,-0.979,-0.2039,-1.0,-0.0,0.2024,19.5,LOW
2023-09-20,Bombay / Juhu,9,Monsoon,27.1,25.4,30.0,4.6,19.2,1007.3,5.95,4,11.0,19.1167,72.8333,11.9,71.1,88.1,26.7,-14.8,-0.9824,-0.187,-1.0,-0.0,0.3154,16.4,LOW
2023-09-21,Bombay / Juhu,9,Monsoon,27.4,25.0,31.0,6.0,13.2,1007.8,5.45,4,11.0,19.1167,72.8333,22.6,61.2,109.0,11.9,10.7,-0.9854,-0.1701,-1.0,-0.0,0.2871,24.5,LOW
2023-09-22,Bombay / Juhu,9,Monsoon,26.8,25.0,28.0,3.0,11.0,1008.0,5.25,4,11.0,19.1167,72.8333,15.5,50.0,122.6,22.6,-7.1,-0.9882,-0.1531,-1.0,-0.0,0.0457,20.3,SAFE
2023-09-23,Bombay / Juhu,9,Monsoon,26.6,24.8,29.0,4.2,10.5,1008.8,4.45,4,11.0,19.1167,72.8333,38.5,76.6,154.7,15.5,23.0,-0.9907,-0.1361,-1.0,-0.0,0.2832,24.2,LOW
2023-09-24,Bombay / Juhu,9,Monsoon,26.3,24.5,29.0,4.5,10.2,1009.2,4.05,4,11.0,19.1167,72.8333,26.4,80.4,174.1,38.5,-12.1,-0.9929,-0.1191,-1.0,-0.0,0.273,18.0,LOW
2023-09-25,Bombay / Juhu,9,Monsoon,27.1,24.7,29.0,4.3,11.3,1008.1,5.15,4,11.0,19.1167,72.8333,19.8,84.7,161.4,26.4,-6.6,-0.9948,-0.102,-1.0,-0.0,0.2917,18.4,LOW
2023-09-26,Bombay / Juhu,9,Monsoon,27.0,25.1,30.0,4.9,8.1,1007.8,5.45,4,11.0,19.1167,72.8333,2.0,48.2,136.7,19.8,-17.8,-0.9964,-0.0848,-1.0,-0.0,0.354,4.5,LOW
2023-09-27,Bombay / Juhu,9,Monsoon,26.9,24.0,29.0,5.0,8.0,1007.1,6.15,4,11.0,19.1167,72.8333,10.3,32.1,135.1,2.0,8.3,-0.9977,-0.0677,-1.0,-0.0,0.198,6.5,LOW
2023-09-28,Bombay / Juhu,9,Monsoon,27.4,25.0,32.0,7.0,13.1,1005.6,7.65,4,11.0,19.1167,72.8333,15.8,28.1,128.3,10.3,5.5,-0.9987,-0.0505,-1.0,-0.0,0.1062,2.7,LOW
2023-09-29,Bombay / Juhu,9,Monsoon,28.3,26.1,31.0,4.9,10.2,1005.0,8.25,4,11.0,19.1167,72.8333,7.0,33.1,119.8,15.8,-8.8,-0.9994,-0.0333,-1.0,-0.0,0.1811,11.4,LOW
2023-09-30,Bombay / Juhu,9,Monsoon,28.7,25.7,32.0,6.3,8.3,1004.8,8.45,4,11.0,19.1167,72.8333,5.6,28.4,86.9,7.0,-1.4,-0.9999,-0.0161,-1.0,-0.0,0.107,7.6,SAFE
2024-07-01,Bombay / Juhu,7,Monsoon,28.9,26.4,31.0,4.6,33.6,1001.8,11.45,4,11.0,19.1167,72.8333,29.6,42.2,90.1,5.6,24.0,-0.0065,-1.0,-0.5,-0.866,0.3187,20.1,LOW
2024-07-02,Bombay / Juhu,7,Monsoon,29.4,27.2,31.0,3.8,26.9,1001.5,11.75,4,11.0,19.1167,72.8333,10.4,45.6,80.7,29.6,-19.2,-0.0237,-0.9997,-0.5,-0.866,0.2547,12.0,LOW
2024-07-03,Bombay / Juhu,7,Monsoon,29.6,28.5,32.0,3.5,26.9,1002.4,10.85,4,11.0,19.1167,72.8333,5.1,45.1,83.8,10.4,-5.3,-0.0408,-0.9992,-0.5,-0.866,0.2935,18.8,LOW
2024-07-04,Bombay / Juhu,7,Monsoon,29.0,26.7,32.0,5.3,25.2,1003.6,9.65,4,11.0,19.1167,72.8333,12.2,27.7,85.7,5.1,7.1,-0.058,-0.9983,-0.5,-0.866,0.1733,18.1,LOW
2024-07-05,Bombay / Juhu,7,Monsoon,28.3,26.3,30.0,3.7,24.8,1001.7,11.55,4,11.0,19.1167,72.8333,14.6,31.9,84.5,12.2,2.4,-0.0752,-0.9972,-0.5,-0.866,0.3663,2.4,LOW
2024-07-06,Bombay / Juhu,7,Monsoon,28.9,26.4,31.0,4.6,26.0,1000.8,12.45,4,11.0,19.1167,72.8333,12.8,39.6,90.3,14.6,-1.8,-0.0923,-0.9957,-0.5,-0.866,0.2921,6.8,LOW
2024-07-07,Bombay / Juhu,7,Monsoon,28.2,26.3,31.0,4.7,21.7,1002.0,11.25,4,11.0,19.1167,72.8333,16.4,43.8,101.1,12.8,3.6,-0.1094,-0.994,-0.5,-0.866,0.1468,12.3,LOW
2024-07-08,Bombay / Juhu,7,Monsoon,26.9,26.0,28.0,2.0,15.5,1002.2,11.05,4,11.0,19.1167,72.8333,15.9,45.1,87.4,16.4,-0.5,-0.1265,-0.992,-0.5,-0.866,0.4525,13.5,LOW
2024-07-09,Bombay / Juhu,7,Monsoon,26.7,26.0,27.9,1.9,18.9,1003.6,9.65,4,11.0,19.1167,72.8333,21.2,53.5,98.2,15.9,5.3,-0.1436,-0.9896,-0.5,-0.866,0.2939,9.4,LOW
2024-07-10,Bombay / Juhu,7,Monsoon,27.2,26.1,28.5,2.4,24.7,1006.1,7.15,4,11.0,19.1167,72.8333,11.2,48.3,104.3,21.2,-10.0,-0.1606,-0.987,-0.5,-0.866,0.1141,17.8,SAFE
2024-07-11,Bombay / Juhu,7,Monsoon,27.0,26.0,28.0,2.0,26.0,1005.9,7.35,4,11.0,19.1167,72.8333,41.6,74.0,133.7,11.2,30.4,-0.1775,-0.9841,-0.5,-0.866,0.5659,37.4,MODERATE
2024-07-12,Bombay / Juhu,7,Monsoon,26.7,25.8,28.1,2.3,28.0,1003.9,9.35,4,11.0,19.1167,72.8333,53.8,106.6,172.9,41.6,12.2,-0.1944,-0.9809,-0.5,-0.866,0.7204,57.4,MODERATE
2024-07-13,Bombay / Juhu,7,Monsoon,26.4,25.8,27.0,1.2,26.5,1003.0,10.25,4,11.0,19.1167,72.8333,50.9,146.3,211.0,53.8,-2.9,-0.2113,-0.9774,-0.5,-0.866,0.5438,69.0,MODERATE
2024-07-14,Bombay / Juhu,7,Monsoon,27.4,25.3,31.0,5.7,19.5,1001.1,12.15,4,11.0,19.1167,72.8333,39.8,144.5,234.4,50.9,-11.1,-0.2281,-0.9736,-0.5,-0.866,0.4362,54.4,LOW
2024-07-15,Bombay / Juhu,7,Monsoon,26.8,25.4,29.0,3.6,15.5,1000.6,12.65,4,11.0,19.1167,72.8333,9.8,100.5,228.3,39.8,-30.0,-0.2448,-0.9696,-0.5,-0.866,0.255,16.4,LOW
2024-07-16,Bombay / Juhu,7,Monsoon,27.2,26.0,29.0,3.0,19.8,1000.4,12.85,4,11.0,19.1167,72.8333,19.3,68.9,226.4,9.8,9.5,-0.2614,-0.9652,-0.5,-0.866,0.3482,12.8,LOW
2024-07-17,Bombay / Juhu,7,Monsoon,27.8,26.5,30.0,3.5,22.8,1001.7,11.55,4,11.0,19.1167,72.8333,25.9,55.0,241.1,19.3,6.6,-0.278,-0.9606,-0.5,-0.866,0.4195,21.0,LOW
2024-07-18,Bombay / Juhu,7,Monsoon,26.4,25.7,27.0,1.3,22.6,1002.3,10.95,4,11.0,19.1167,72.8333,69.4,114.6,268.9,25.9,43.5,-0.2945,-0.9557,-0.5,-0.866,0.6521,32.4,MODERATE
2024-07-19,Bombay / Juhu,7,Monsoon,26.9,26.0,29.0,3.0,26.0,1000.5,12.75,4,11.0,19.1167,72.8333,38.9,134.2,254.0,69.4,-30.5,-0.3109,-0.9505,-0.5,-0.866,0.4798,55.7,LOW
2024-07-20,Bombay / Juhu,7,Monsoon,26.7,26.0,28.0,2.0,25.7,1001.2,12.05,4,11.0,19.1167,72.8333,62.6,170.9,265.7,38.9,23.7,-0.3272,-0.945,-0.5,-0.866,0.8,58.1,MODERATE
2024-07-21,Bombay / Juhu,7,Monsoon,26.7,26.0,29.0,3.0,26.7,1001.7,11.55,4,11.0,19.1167,72.8333,67.4,168.9,293.3,62.6,4.8,-0.3434,-0.9392,-0.5,-0.866,0.6308,56.9,MODERATE
2024-07-22,Bombay / Juhu,7,Monsoon,26.8,26.0,28.0,2.0,27.7,1003.3,9.95,4,11.0,19.1167,72.8333,36.8,166.8,320.3,67.4,-30.6,-0.3595,-0.9332,-0.5,-0.866,0.6158,51.4,MODERATE
2024-07-23,Bombay / Juhu,7,Monsoon,27.1,26.2,29.0,2.8,28.8,1004.2,9.05,4,11.0,19.1167,72.8333,37.7,141.9,338.7,36.8,0.9,-0.3755,-0.9268,-0.5,-0.866,0.4444,34.1,LOW
2024-07-24,Bombay / Juhu,7,Monsoon,27.0,26.0,29.0,3.0,30.7,1001.5,11.75,4,11.0,19.1167,72.8333,49.4,123.9,362.2,37.7,11.7,-0.3914,-0.9202,-0.5,-0.866,0.5514,51.9,MODERATE
2024-07-25,Bombay / Juhu,7,Monsoon,26.7,25.0,28.0,3.0,28.9,1000.8,12.45,4,11.0,19.1167,72.8333,65.2,152.3,358.0,49.4,15.8,-0.4071,-0.9134,-0.5,-0.866,0.6159,38.5,MODERATE
2024-07-26,Bombay / Juhu,7,Monsoon,27.9,26.4,29.0,2.6,24.7,1002.1,11.15,4,11.0,19.1167,72.8333,6.3,120.9,325.4,65.2,-58.9,-0.4228,-0.9062,-0.5,-0.866,0.2803,22.9,LOW
2024-07-27,Bombay / Juhu,7,Monsoon,27.6,27.0,29.0,2.0,25.5,1002.8,10.45,4,11.0,19.1167,72.8333,5.4,76.9,268.2,6.3,-0.9,-0.4383,-0.8988,-0.5,-0.866,0.1761,6.2,LOW
2024-07-28,Bombay / Juhu,7,Monsoon,27.6,26.9,29.0,2.1,24.4,1000.6,12.65,4,11.0,19.1167,72.8333,16.6,28.3,217.4,5.4,11.2,-0.4537,-0.8912,-0.5,-0.866,0.34,6.9,LOW
2024-07-29,Bombay / Juhu,7,Monsoon,27.5,26.2,29.0,2.8,24.2,999.4,13.85,4,11.0,19.1167,72.8333,27.3,49.3,207.9,16.6,10.7,-0.469,-0.8832,-0.5,-0.866,0.2068,6.7,LOW
2024-07-30,Bombay / Juhu,7,Monsoon,27.7,26.0,30.0,4.0,21.7,1002.7,10.55,4,11.0,19.1167,72.8333,13.4,57.3,183.6,27.3,-13.9,-0.4841,-0.875,-0.5,-0.866,0.1486,8.6,LOW
2024-07-31,Bombay / Juhu,7,Monsoon,27.8,25.2,31.0,5.8,21.3,1005.1,8.15,4,11.0,19.1167,72.8333,20.1,60.8,154.3,13.4,6.7,-0.4991,-0.8666,-0.5,-0.866,0.4877,19.1,LOW
2024-08-01,Bombay / Juhu,8,Monsoon,27.7,25.6,30.0,4.4,23.8,1004.9,8.35,4,11.0,19.1167,72.8333,25.2,58.7,114.3,20.1,5.1,-0.5139,-0.8578,-0.866,-0.5,0.3901,18.8,LOW
2024-08-02,Bombay / Juhu,8,Monsoon,27.3,26.0,29.0,3.0,27.9,1004.5,8.75,4,11.0,19.1167,72.8333,27.7,73.0,135.7,25.2,2.5,-0.5286,-0.8489,-0.866,-0.5,0.0709,11.7,LOW
2024-08-03,Bombay / Juhu,8,Monsoon,26.7,26.0,28.0,2.0,29.2,1004.6,8.65,4,11.0,19.1167,72.8333,42.9,95.8,173.2,27.7,15.2,-0.5431,-0.8397,-0.866,-0.5,0.3722,26.3,LOW
2024-08-04,Bombay / Juhu,8,Monsoon,27.1,26.2,28.0,1.8,27.7,1005.1,8.15,4,11.0,19.1167,72.8333,31.9,102.5,188.5,42.9,-11.0,-0.5575,-0.8302,-0.866,-0.5,0.1963,11.6,LOW
2024-08-05,Bombay / Juhu,8,Monsoon,27.2,26.0,30.0,4.0,24.0,1006.1,7.15,4,11.0,19.1167,72.8333,7.2,82.0,168.4,31.9,-24.7,-0.5717,-0.8205,-0.866,-0.5,0.1325,17.8,SAFE
2024-08-06,Bombay / Juhu,8,Monsoon,27.4,25.9,30.0,4.1,20.0,1006.2,7.05,4,11.0,19.1167,72.8333,8.5,47.6,163.5,7.2,1.3,-0.5857,-0.8105,-0.866,-0.5,0.0,14.7,SAFE
2024-08-07,Bombay / Juhu,8,Monsoon,27.7,25.8,30.0,4.2,20.5,1006.5,6.75,4,11.0,19.1167,72.8333,5.1,20.8,148.5,8.5,-3.4,-0.5996,-0.8003,-0.866,-0.5,0.1156,8.0,SAFE
2024-08-08,Bombay / Juhu,8,Monsoon,27.8,26.0,30.0,4.0,18.9,1007.2,6.05,4,11.0,19.1167,72.8333,6.1,19.7,129.4,5.1,1.0,-0.6132,-0.7899,-0.866,-0.5,0.0135,2.5,SAFE
2024-08-09,Bombay / Juhu,8,Monsoon,27.6,25.6,30.0,4.4,19.2,1008.2,5.05,4,11.0,19.1167,72.8333,10.0,21.2,111.7,6.1,3.9,-0.6267,-0.7792,-0.866,-0.5,0.1614,0.0,LOW
2024-08-10,Bombay / Juhu,8,Monsoon,27.2,25.7,29.0,3.3,17.1,1008.2,5.05,4,11.0,19.1167,72.8333,8.0,24.1,76.8,10.0,-2.0,-0.64,-0.7683,-0.866,-0.5,0.0,9.1,SAFE
2024-08-11,Bombay / Juhu,8,Monsoon,27.4,26.0,29.0,3.0,18.3,1006.4,6.85,4,11.0,19.1167,72.8333,2.4,20.4,47.3,8.0,-5.6,-0.6532,-0.7572,-0.866,-0.5,0.1246,1.6,SAFE
2024-08-12,Bombay / Juhu,8,Monsoon,28.2,26.1,31.0,4.9,16.3,1006.1,7.15,4,11.0,19.1167,72.8333,4.1,14.5,44.2,2.4,1.7,-0.6661,-0.7459,-0.866,-0.5,0.072,0.0,SAFE
2024-08-13,Bombay / Juhu,8,Monsoon,27.8,25.7,31.0,5.3,14.0,1006.9,6.35,4,11.0,19.1167,72.8333,2.3,8.8,38.0,4.1,-1.8,-0.6788,-0.7343,-0.866,-0.5,0.2557,9.3,LOW
2024-08-14,Bombay / Juhu,8,Monsoon,28.3,26.1,31.0,4.9,11.7,1006.8,6.45,4,11.0,19.1167,72.8333,1.0,7.4,33.9,2.3,-1.3,-0.6914,-0.7225,-0.866,-0.5,0.2376,5.8,LOW
2024-08-15,Bombay / Juhu,8,Monsoon,28.3,26.4,31.0,4.6,11.9,1005.7,7.55,4,11.0,19.1167,72.8333,0.4,3.7,28.2,1.0,-0.6,-0.7037,-0.7105,-0.866,-0.5,0.0,0.0,SAFE
2024-08-16,Bombay / Juhu,8,Monsoon,28.3,26.2,31.0,4.8,11.9,1004.7,8.55,4,11.0,19.1167,72.8333,0.2,1.6,18.4,0.4,-0.2,-0.7158,-0.6983,-0.866,-0.5,0.0,0.0,SAFE
2024-08-17,Bombay / Juhu,8,Monsoon,28.7,26.2,32.0,5.8,10.8,1005.8,7.45,4,11.0,19.1167,72.8333,0.6,1.2,11.0,0.2,0.4,-0.7277,-0.6859,-0.866,-0.5,0.0,0.0,SAFE
2024-08-18,Bombay / Juhu,8,Monsoon,28.7,26.2,32.0,5.8,11.4,1006.2,7.05,4,11.0,19.1167,72.8333,0.0,0.8,8.6,0.6,-0.6,-0.7394,-0.6733,-0.866,-0.5,0.0,0.0,SAFE
2024-08-19,Bombay / Juhu,8,Monsoon,28.6,26.0,32.0,6.0,12.3,1005.4,7.85,4,11.0,19.1167,72.8333,7.6,8.2,12.1,0.0,7.6,-0.7509,-0.6605,-0.866,-0.5,0.0,1.4,SAFE
2024-08-20,Bombay / Juhu,8,Monsoon,27.1,25.0,29.0,4.0,10.5,1005.1,8.15,4,11.0,19.1167,72.8333,7.9,15.5,17.7,7.6,0.3,-0.7621,-0.6474,-0.866,-0.5,0.1273,14.3,SAFE
2024-08-21,Bombay / Juhu,8,Monsoon,28.3,26.0,31.0,5.0,10.9,1005.4,7.85,4,11.0,19.1167,72.8333,1.2,16.7,17.9,7.9,-6.7,-0.7731,-0.6342,-0.866,-0.5,0.3411,10.0,LOW
2024-08-22,Bombay / Juhu,8,Monsoon,28.9,26.6,31.0,4.4,11.6,1004.6,8.65,4,11.0,19.1167,72.8333,3.0,12.1,20.5,1.2,1.8,-0.7839,-0.6208,-0.866,-0.5,0.0852,13.5,SAFE
2024-08-23,Bombay / Juhu,8,Monsoon,28.2,26.3,31.0,4.7,14.4,1005.1,8.15,4,11.0,19.1167,72.8333,25.7,29.9,46.0,3.0,22.7,-0.7945,-0.6073,-0.866,-0.5,0.2274,16.2,LOW
2024-08-24,Bombay / Juhu,8,Monsoon,26.2,25.0,27.0,2.0,20.3,1006.3,6.95,4,11.0,19.1167,72.8333,62.1,90.8,107.5,25.7,36.4,-0.8048,-0.5935,-0.866,-0.5,0.3686,34.2,MODERATE
2024-08-25,Bombay / Juhu,8,Monsoon,26.6,24.9,29.0,4.1,32.9,1005.3,7.95,4,11.0,19.1167,72.8333,39.1,126.9,146.6,62.1,-23.0,-0.8149,-0.5796,-0.866,-0.5,0.5585,28.1,MODERATE
2024-08-26,Bombay / Juhu,8,Monsoon,27.4,26.2,28.0,1.8,42.6,1003.6,9.65,4,11.0,19.1167,72.8333,9.8,111.0,148.8,39.1,-29.3,-0.8248,-0.5655,-0.866,-0.5,0.3889,13.3,LOW
2024-08-27,Bombay / Juhu,8,Monsoon,26.8,26.0,27.3,1.3,41.9,1004.9,8.35,4,11.0,19.1167,72.8333,19.0,67.9,159.9,9.8,9.2,-0.8344,-0.5512,-0.866,-0.5,0.353,7.7,LOW
2024-08-28,Bombay / Juhu,8,Monsoon,27.9,25.6,30.2,4.6,18.1,1006.0,7.25,4,11.0,19.1167,72.8333,10.9,39.7,169.6,19.0,-8.1,-0.8437,-0.5368,-0.866,-0.5,0.1213,9.2,LOW
2024-08-29,Bombay / Juhu,8,Monsoon,28.2,26.3,31.0,4.7,14.9,1005.3,7.95,4,11.0,19.1167,72.8333,6.1,36.0,172.7,10.9,-4.8,-0.8528,-0.5222,-0.866,-0.5,0.0836,10.7,SAFE
2024-08-30,Bombay / Juhu,8,Monsoon,28.4,26.8,31.8,5.0,12.9,1005.6,7.65,4,11.0,19.1167,72.8333,0.0,17.0,147.0,6.1,-6.1,-0.8617,-0.5074,-0.866,-0.5,0.0,0.0,SAFE
2024-08-31,Bombay / Juhu,8,Monsoon,28.6,26.0,32.0,6.0,11.3,1006.4,6.85,4,11.0,19.1167,72.8333,3.0,9.1,87.9,0.0,3.0,-0.8703,-0.4925,-0.866,-0.5,0.1108,2.6,SAFE
2024-09-01,Bombay / Juhu,9,Monsoon,28.3,26.5,30.4,3.9,11.9,1006.6,6.65,4,11.0,19.1167,72.8333,0.5,3.5,49.3,3.0,-2.5,-0.8786,-0.4775,-1.0,-0.0,0.0,0.0,SAFE
2024-09-02,Bombay / Juhu,9,Monsoon,27.9,26.0,29.6,3.6,12.8,1006.1,7.15,4,11.0,19.1167,72.8333,0.0,3.5,39.5,0.5,-0.5,-0.8867,-0.4623,-1.0,-0.0,0.0,0.0,SAFE
2024-09-03,Bombay / Juhu,9,Monsoon,28.1,26.0,31.4,5.4,13.9,1006.3,6.95,4,11.0,19.1167,72.8333,22.1,22.6,42.6,0.0,22.1,-0.8945,-0.447,-1.0,-0.0,0.1732,25.7,LOW
2024-09-04,Bombay / Juhu,9,Monsoon,27.8,25.2,31.0,5.8,14.4,1006.7,6.55,4,11.0,19.1167,72.8333,11.9,34.0,43.6,22.1,-10.2,-0.9021,-0.4315,-1.0,-0.0,0.1325,18.6,LOW
2024-09-05,Bombay / Juhu,9,Monsoon,27.4,25.9,30.0,4.1,21.7,1005.7,7.55,4,11.0,19.1167,72.8333,33.0,67.0,70.5,11.9,21.1,-0.9094,-0.4159,-1.0,-0.0,0.2823,19.6,LOW
2024-09-06,Bombay / Juhu,9,Monsoon,27.5,25.9,31.0,5.1,19.4,1006.6,6.65,4,11.0,19.1167,72.8333,16.3,61.2,86.8,33.0,-16.7,-0.9164,-0.4002,-1.0,-0.0,0.2956,15.1,LOW
2024-09-07,Bombay / Juhu,9,Monsoon,27.7,25.7,30.0,4.3,16.3,1007.3,5.95,4,11.0,19.1167,72.8333,11.0,60.3,94.8,16.3,-5.3,-0.9232,-0.3844,-1.0,-0.0,0.2271,5.7,LOW
2024-09-08,Bombay / Juhu,9,Monsoon,27.9,25.5,31.0,5.5,14.3,1007.2,6.05,4,11.0,19.1167,72.8333,4.4,31.7,98.7,11.0,-6.6,-0.9296,-0.3685,-1.0,-0.0,0.1126,11.9,SAFE
2024-09-09,Bombay / Juhu,9,Monsoon,27.7,25.6,31.0,5.4,13.2,1005.0,8.25,4,11.0,19.1167,72.8333,4.1,19.5,102.8,4.4,-0.3,-0.9358,-0.3524,-1.0,-0.0,0.1423,9.6,SAFE
2024-09-10,Bombay / Juhu,9,Monsoon,27.5,25.4,31.0,5.6,14.4,1004.1,9.15,4,11.0,19.1167,72.8333,5.3,13.8,86.0,4.1,1.2,-0.9418,-0.3363,-1.0,-0.0,0.0164,0.0,SAFE
2024-09-11,Bombay / Juhu,9,Monsoon,27.5,25.4,30.0,4.6,15.2,1005.1,8.15,4,11.0,19.1167,72.8333,3.8,13.2,77.9,5.3,-1.5,-0.9474,-0.32,-1.0,-0.0,0.1232,6.6,SAFE
2024-09-12,Bombay / Juhu,9,Monsoon,27.1,25.0,30.0,5.0,17.2,1007.1,6.15,4,11.0,19.1167,72.8333,9.6,18.7,54.5,3.8,5.8,-0.9528,-0.3037,-1.0,-0.0,0.1652,5.9,LOW
2024-09-13,Bombay / Juhu,9,Monsoon,27.8,25.0,31.0,6.0,17.7,1007.5,5.75,4,11.0,19.1167,72.8333,6.3,19.7,44.5,9.6,-3.3,-0.9579,-0.2873,-1.0,-0.0,0.0,5.7,SAFE
2024-09-14,Bombay / Juhu,9,Monsoon,26.6,24.4,30.0,5.6,15.9,1007.2,6.05,4,11.0,19.1167,72.8333,7.5,23.4,41.0,6.3,1.2,-0.9627,-0.2707,-1.0,-0.0,0.2505,1.7,LOW
2024-09-15,Bombay / Juhu,9,Monsoon,25.8,23.7,29.0,5.3,11.8,1007.9,5.35,4,11.0,19.1167,72.8333,6.1,19.9,42.7,7.5,-1.4,-0.9672,-0.2541,-1.0,-0.0,0.0411,15.0,SAFE
2024-09-16,Bombay / Juhu,9,Monsoon,27.6,24.9,31.0,6.1,9.8,1008.5,4.75,4,11.0,19.1167,72.8333,1.4,15.0,40.0,6.1,-4.7,-0.9714,-0.2375,-1.0,-0.0,0.1123,8.8,SAFE
2024-09-17,Bombay / Juhu,9,Monsoon,27.2,23.9,30.0,6.1,11.4,1008.7,4.55,4,11.0,19.1167,72.8333,0.1,7.6,34.8,1.4,-1.3,-0.9753,-0.2207,-1.0,-0.0,0.2075,0.0,SAFE
2024-09-18,Bombay / Juhu,9,Monsoon,27.8,24.0,31.0,7.0,9.4,1006.7,6.55,4,11.0,19.1167,72.8333,0.1,1.6,31.1,0.1,0.0,-0.979,-0.2039,-1.0,-0.0,0.0,0.0,SAFE
2024-09-19,Bombay / Juhu,9,Monsoon,28.3,26.1,31.0,4.9,8.9,1007.1,6.15,4,11.0,19.1167,72.8333,0.1,0.3,21.6,0.1,0.0,-0.9824,-0.187,-1.0,-0.0,0.0,0.0,SAFE
2024-09-20,Bombay / Juhu,9,Monsoon,27.6,25.1,31.0,5.9,9.1,1007.5,5.75,4,11.0,19.1167,72.8333,1.8,2.0,17.1,0.1,1.7,-0.9854,-0.1701,-1.0,-0.0,0.0473,3.3,SAFE
2024-09-21,Bombay / Juhu,9,Monsoon,28.1,24.9,31.0,6.1,10.9,1008.2,5.05,4,11.0,19.1167,72.8333,3.8,5.7,13.4,1.8,2.0,-0.9882,-0.1531,-1.0,-0.0,0.2004,4.1,LOW
2024-09-22,Bombay / Juhu,9,Monsoon,28.3,25.4,31.0,5.6,15.4,1007.5,5.75,4,11.0,19.1167,72.8333,0.1,5.7,7.4,3.8,-3.7,-0.9907,-0.1361,-1.0,-0.0,0.1532,7.6,SAFE
2024-09-23,Bombay / Juhu,9,Monsoon,28.0,26.5,30.0,3.5,18.3,1006.4,6.85,4,11.0,19.1167,72.8333,5.3,9.2,11.3,0.1,5.2,-0.9929,-0.1191,-1.0,-0.0,0.0487,8.6,SAFE
2024-09-24,Bombay / Juhu,9,Monsoon,26.9,25.2,29.0,3.8,16.8,1004.7,8.55,4,11.0,19.1167,72.8333,46.9,52.3,58.1,5.3,41.6,-0.9948,-0.102,-1.0,-0.0,0.3028,33.9,LOW
2024-09-25,Bombay / Juhu,9,Monsoon,27.3,24.8,30.0,5.2,15.8,1003.8,9.45,4,11.0,19.1167,72.8333,40.0,92.2,98.0,46.9,-6.9,-0.9964,-0.0848,-1.0,-0.0,0.194,27.1,LOW
2024-09-26,Bombay / Juhu,9,Monsoon,26.6,25.0,28.0,3.0,18.8,1003.1,10.15,4,11.0,19.1167,72.8333,47.5,134.4,145.4,40.0,7.5,-0.9977,-0.0677,-1.0,-0.0,0.5286,37.3,MODERATE
2024-09-27,Bombay / Juhu,9,Monsoon,26.5,26.0,27.0,1.0,24.9,1004.3,8.95,4,11.0,19.1167,72.8333,82.5,170.0,226.1,47.5,35.0,-0.9987,-0.0505,-1.0,-0.0,0.7322,39.6,MODERATE
2024-09-28,Bombay / Juhu,9,Monsoon,26.8,25.0,28.0,3.0,14.8,1007.7,5.55,4,11.0,19.1167,72.8333,6.1,136.1,228.4,82.5,-76.4,-0.9994,-0.0333,-1.0,-0.0,0.4273,31.1,LOW
2024-09-29,Bombay / Juhu,9,Monsoon,27.6,25.8,30.0,4.2,11.4,1009.9,3.35,4,11.0,19.1167,72.8333,2.2,90.8,230.5,6.1,-3.9,-0.9999,-0.0161,-1.0,-0.0,0.2582,15.4,LOW
2024-09-30,Bombay / Juhu,9,Monsoon,28.4,25.5,40.0,14.5,9.5,1009.9,3.35,4,11.0,19.1167,72.8333,0.6,8.9,225.8,2.2,-1.6,-1.0,0.0011,-1.0,-0.0,0.2298,4.2,LOW
2015-07-01,Bombay / Santacruz,7,Monsoon,29.8,27.5,32.8,5.3,14.4,1003.95,9.3,8,7.0,19.1167,72.85,6.1,6.1,6.1,0.0,6.1,0.0108,-0.9999,-0.5,-0.866,0.0131,0.4,SAFE
2015-07-02,Bombay / Santacruz,7,Monsoon,29.9,27.6,32.7,5.1,14.4,1003.95,9.3,8,7.0,19.1167,72.85,0.0,6.1,6.1,6.1,-6.1,-0.0065,-1.0,-0.5,-0.866,0.1753,0.0,SAFE
2015-07-03,Bombay / Santacruz,7,Monsoon,30.1,27.8,33.0,5.2,14.4,1003.95,9.3,8,7.0,19.1167,72.85,0.0,6.1,6.1,0.0,0.0,-0.0237,-0.9997,-0.5,-0.866,0.0003,0.0,SAFE
2015-07-04,Bombay / Santacruz,7,Monsoon,30.0,28.0,32.7,4.7,14.4,1003.95,9.3,8,7.0,19.1167,72.85,0.0,0.0,6.1,0.0,0.0,-0.0408,-0.9992,-0.5,-0.866,0.0,0.0,SAFE
2015-07-05,Bombay / Santacruz,7,Monsoon,29.9,27.6,32.6,5.0,14.4,1003.95,9.3,8,7.0,19.1167,72.85,0.0,0.0,6.1,0.0,0.0,-0.058,-0.9983,-0.5,-0.866,0.0,0.0,SAFE
2015-07-06,Bombay / Santacruz,7,Monsoon,29.8,28.0,32.3,4.3,14.4,1003.95,9.3,8,7.0,19.1167,72.85,0.0,0.0,6.1,0.0,0.0,-0.0752,-0.9972,-0.5,-0.866,0.0,0.0,SAFE
2015-07-07,Bombay / Santacruz,7,Monsoon,29.8,28.2,32.7,4.5,14.4,1003.95,9.3,8,7.0,19.1167,72.85,0.0,0.0,6.1,0.0,0.0,-0.0923,-0.9957,-0.5,-0.866,0.0,0.0,SAFE
2015-07-08,Bombay / Santacruz,7,Monsoon,29.9,26.2,30.2,4.0,14.4,1003.95,9.3,8,7.0,19.1167,72.85,4.1,4.1,4.1,0.0,4.1,-0.1094,-0.994,-0.5,-0.866,0.0453,6.9,SAFE
2015-07-09,Bombay / Santacruz,7,Monsoon,30.1,27.8,32.9,5.1,14.4,1003.95,9.3,8,7.0,19.1167,72.85,0.3,4.4,4.4,4.1,-3.8,-0.1265,-0.992,-0.5,-0.866,0.0,0.0,SAFE
2015-07-10,Bombay / Santacruz,7,Monsoon,29.9,28.2,32.3,4.1,14.4,1003.95,9.3,8,7.0,19.1167,72.85,0.5,4.9,4.9,0.3,0.2,-0.1436,-0.9896,-0.5,-0.866,0.0,0.0,SAFE
2015-07-11,Bombay / Santacruz,7,Monsoon,29.5,26.6,32.2,5.6,14.4,1003.95,9.3,8,7.0,19.1167,72.85,2.0,2.8,6.9,0.5,1.5,-0.1606,-0.987,-0.5,-0.866,0.0,8.6,SAFE
2015-07-12,Bombay / Santacruz,7,Monsoon,29.8,26.2,32.6,6.4,14.4,1003.95,9.3,8,7.0,19.1167,72.85,6.1,8.6,13.0,2.0,4.1,-0.1775,-0.9841,-0.5,-0.866,0.1789,3.2,LOW
2015-07-13,Bombay / Santacruz,7,Monsoon,29.9,28.0,32.6,4.6,14.4,1003.95,9.3,8,7.0,19.1167,72.85,0.0,8.1,13.0,6.1,-6.1,-0.1944,-0.9809,-0.5,-0.866,0.048,0.0,SAFE
2015-07-14,Bombay / Santacruz,7,Monsoon,30.0,26.4,32.8,6.4,14.4,1003.95,9.3,8,7.0,19.1167,72.85,2.0,8.1,15.0,0.0,2.0,-0.2113,-0.9774,-0.5,-0.866,0.0174,0.0,SAFE
2015-07-15,Bombay / Santacruz,7,Monsoon,30.1,27.6,33.0,5.4,14.4,1003.95,9.3,8,7.0,19.1167,72.85,1.0,3.0,11.9,2.0,-1.0,-0.2281,-0.9736,-0.5,-0.866,0.0,0.0,SAFE
2015-07-16,Bombay / Santacruz,7,Monsoon,29.8,27.8,32.3,4.5,14.4,1003.95,9.3,8,7.0,19.1167,72.85,0.0,3.0,11.6,1.0,-1.0,-0.2448,-0.9696,-0.5,-0.866,0.0,0.0,SAFE
2015-07-17,Bombay / Santacruz,7,Monsoon,29.6,26.2,31.5,5.3,14.4,1003.95,9.3,8,7.0,19.1167,72.85,5.1,6.1,16.2,0.0,5.1,-0.2614,-0.9652,-0.5,-0.866,0.2024,9.8,LOW
2015-07-18,Bombay / Santacruz,7,Monsoon,29.6,26.2,32.0,5.8,14.4,1003.95,9.3,8,7.0,19.1167,72.85,3.0,8.1,17.2,5.1,-2.1,-0.278,-0.9606,-0.5,-0.866,0.1959,2.1,LOW
2015-07-19,Bombay / Santacruz,7,Monsoon,29.6,26.2,30.2,4.0,14.4,1003.95,9.3,8,7.0,19.1167,72.85,5.1,13.2,16.2,3.0,2.1,-0.2945,-0.9557,-0.5,-0.866,0.1377,4.9,SAFE
2015-07-20,Bombay / Santacruz,7,Monsoon,29.0,25.1,31.6,6.5,14.4,1003.95,9.3,8,7.0,19.1167,72.85,0.5,8.6,16.7,5.1,-4.6,-0.3109,-0.9505,-0.5,-0.866,0.0795,0.0,SAFE
2015-07-21,Bombay / Santacruz,7,Monsoon,27.9,24.2,30.2,6.0,14.4,1003.95,9.3,8,7.0,19.1167,72.85,61.0,66.6,75.7,0.5,60.5,-0.3272,-0.945,-0.5,-0.866,0.2,14.9,LOW
2015-07-22,Bombay / Santacruz,7,Monsoon,27.1,24.5,29.0,4.5,14.4,1003.95,9.3,8,7.0,19.1167,72.85,49.0,110.5,123.7,61.0,-12.0,-0.3434,-0.9392,-0.5,-0.866,0.3861,33.6,LOW
2015-07-23,Bombay / Santacruz,7,Monsoon,27.4,24.4,30.0,5.6,14.4,1003.95,9.3,8,7.0,19.1167,72.85,46.0,156.0,169.7,49.0,-3.0,-0.3595,-0.9332,-0.5,-0.866,0.4602,35.3,LOW
2015-07-24,Bombay / Santacruz,7,Monsoon,28.1,24.7,30.3,5.6,14.4,1003.95,9.3,8,7.0,19.1167,72.85,37.1,132.1,201.7,46.0,-8.9,-0.3755,-0.9268,-0.5,-0.866,0.2335,11.0,LOW
2015-07-25,Bombay / Santacruz,7,Monsoon,28.7,25.0,30.7,5.7,14.4,1003.95,9.3,8,7.0,19.1167,72.85,29.0,112.1,227.7,37.1,-8.1,-0.3914,-0.9202,-0.5,-0.866,0.2383,28.7,LOW
2015-07-26,Bombay / Santacruz,7,Monsoon,28.6,25.2,31.2,6.0,14.4,1003.95,9.3,8,7.0,19.1167,72.85,8.9,75.0,231.5,29.0,-20.1,-0.4071,-0.9134,-0.5,-0.866,0.0,13.9,SAFE
2015-07-27,Bombay / Santacruz,7,Monsoon,27.8,25.1,30.2,5.1,14.4,1003.95,9.3,8,7.0,19.1167,72.85,7.9,45.8,238.9,8.9,-1.0,-0.4228,-0.9062,-0.5,-0.866,0.1508,7.5,LOW
2015-07-28,Bombay / Santacruz,7,Monsoon,28.0,25.4,29.6,4.2,14.4,1003.95,9.3,8,7.0,19.1167,72.85,27.9,44.7,205.8,7.9,20.0,-0.4383,-0.8988,-0.5,-0.866,0.3392,15.5,LOW
2015-07-29,Bombay / Santacruz,7,Monsoon,27.7,24.4,29.5,5.1,14.4,1003.95,9.3,8,7.0,19.1167,72.85,32.0,67.8,188.8,27.9,4.1,-0.4537,-0.8912,-0.5,-0.866,0.4246,11.4,LOW
2015-07-30,Bombay / Santacruz,7,Monsoon,27.8,23.6,31.2,7.6,14.4,1003.95,9.3,8,7.0,19.1167,72.85,17.0,76.9,159.8,32.0,-15.0,-0.469,-0.8832,-0.5,-0.866,0.2906,23.3,LOW
2015-07-31,Bombay / Santacruz,7,Monsoon,28.9,25.0,31.5,6.5,14.4,1003.95,9.3,8,7.0,19.1167,72.85,8.9,57.9,131.6,17.0,-8.1,-0.4841,-0.875,-0.5,-0.866,0.0769,0.0,SAFE
2015-08-01,Bombay / Santacruz,8,Monsoon,29.1,26.2,31.5,5.3,14.2,1005.8,7.45,8,7.0,19.1167,72.85,2.0,27.9,104.6,8.9,-6.9,-0.4991,-0.8666,-0.866,-0.5,0.0,6.8,SAFE
2015-08-02,Bombay / Santacruz,8,Monsoon,29.1,26.6,31.9,5.3,14.2,1005.8,7.45,8,7.0,19.1167,72.85,2.0,12.9,97.7,2.0,0.0,-0.5139,-0.8578,-0.866,-0.5,0.0,1.1,SAFE
2015-08-03,Bombay / Santacruz,8,Monsoon,28.9,26.6,30.4,3.8,14.2,1005.8,7.45,8,7.0,19.1167,72.85,0.5,4.5,90.3,2.0,-1.5,-0.5286,-0.8489,-0.866,-0.5,0.0,0.0,SAFE
2015-08-04,Bombay / Santacruz,8,Monsoon,28.8,26.8,30.6,3.8,14.2,1005.8,7.45,8,7.0,19.1167,72.85,0.0,2.5,62.4,0.5,-0.5,-0.5431,-0.8397,-0.866,-0.5,0.0,0.0,SAFE
2015-08-05,Bombay / Santacruz,8,Monsoon,28.1,26.0,29.3,3.3,14.2,1005.8,7.45,8,7.0,19.1167,72.85,2.0,2.5,32.4,0.0,2.0,-0.5575,-0.8302,-0.866,-0.5,0.0436,0.8,SAFE
2015-08-06,Bombay / Santacruz,8,Monsoon,28.4,23.2,30.8,7.6,14.2,1005.8,7.45,8,7.0,19.1167,72.85,22.1,24.1,37.5,2.0,20.1,-0.5717,-0.8205,-0.866,-0.5,0.0868,10.4,LOW
2015-08-07,Bombay / Santacruz,8,Monsoon,28.9,26.4,31.8,5.4,14.2,1005.8,7.45,8,7.0,19.1167,72.85,1.0,25.1,29.6,22.1,-21.1,-0.5857,-0.8105,-0.866,-0.5,0.1249,18.9,SAFE
2015-08-08,Bombay / Santacruz,8,Monsoon,27.6,24.6,30.4,5.8,10.4,1005.4,7.85,8,7.0,19.1167,72.85,5.1,28.2,32.7,1.0,4.1,-0.5996,-0.8003,-0.866,-0.5,0.0901,6.4,SAFE
2015-08-09,Bombay / Santacruz,8,Monsoon,27.1,24.0,29.0,5.0,14.2,1003.9,9.35,8,7.0,19.1167,72.85,8.9,15.0,39.6,5.1,3.8,-0.6132,-0.7899,-0.866,-0.5,0.1148,0.0,SAFE
2015-08-10,Bombay / Santacruz,8,Monsoon,26.6,24.2,29.5,5.3,6.4,1003.9,9.35,8,7.0,19.1167,72.85,8.9,22.9,48.0,8.9,0.0,-0.6267,-0.7792,-0.866,-0.5,0.2452,3.6,LOW
2015-08-11,Bombay / Santacruz,8,Monsoon,27.7,24.2,31.2,7.0,6.2,1005.8,7.45,8,7.0,19.1167,72.85,2.0,19.8,50.0,8.9,-6.9,-0.64,-0.7683,-0.866,-0.5,0.0,1.4,SAFE
2015-08-12,Bombay / Santacruz,8,Monsoon,27.9,23.8,30.8,7.0,14.2,1005.8,7.45,8,7.0,19.1167,72.85,6.1,17.0,54.1,2.0,4.1,-0.6532,-0.7572,-0.866,-0.5,0.1466,0.0,SAFE
2015-08-13,Bombay / Santacruz,8,Monsoon,28.2,24.8,31.0,6.2,14.2,1005.8,7.45,8,7.0,19.1167,72.85,2.0,10.1,34.0,6.1,-4.1,-0.6661,-0.7459,-0.866,-0.5,0.0703,0.0,SAFE
2015-08-14,Bombay / Santacruz,8,Monsoon,28.2,25.0,31.5,6.5,14.2,1005.8,7.45,8,7.0,19.1167,72.85,3.0,11.1,36.0,2.0,1.0,-0.6788,-0.7343,-0.866,-0.5,0.0433,5.7,SAFE
2015-08-15,Bombay / Santacruz,8,Monsoon,28.3,24.8,30.8,6.0,14.2,1005.8,7.45,8,7.0,19.1167,72.85,6.1,11.1,37.0,3.0,3.1,-0.6914,-0.7225,-0.866,-0.5,0.1868,0.0,LOW
2015-08-16,Bombay / Santacruz,8,Monsoon,28.2,25.4,31.7,6.3,14.2,1005.8,7.45,8,7.0,19.1167,72.85,7.1,16.2,35.2,6.1,1.0,-0.7037,-0.7105,-0.866,-0.5,0.1988,8.1,LOW
2015-08-17,Bombay / Santacruz,8,Monsoon,28.1,25.0,31.3,6.3,14.2,1007.5,5.75,8,7.0,19.1167,72.85,11.9,25.1,38.2,7.1,4.8,-0.7158,-0.6983,-0.866,-0.5,0.0444,8.7,SAFE
2015-08-18,Bombay / Santacruz,8,Monsoon,28.7,24.8,31.9,7.1,7.7,1008.2,5.05,8,7.0,19.1167,72.85,10.9,29.9,47.1,11.9,-1.0,-0.7277,-0.6859,-0.866,-0.5,0.1269,1.2,LOW
2015-08-19,Bombay / Santacruz,8,Monsoon,29.3,25.3,32.0,6.7,14.2,1005.8,7.45,8,7.0,19.1167,72.85,0.0,22.8,41.0,10.9,-10.9,-0.7394,-0.6733,-0.866,-0.5,0.1104,1.6,SAFE
2015-08-20,Bombay / Santacruz,8,Monsoon,29.3,25.7,32.0,6.3,14.2,1005.8,7.45,8,7.0,19.1167,72.85,0.0,10.9,39.0,0.0,0.0,-0.7509,-0.6605,-0.866,-0.5,0.0344,9.6,SAFE
2015-08-21,Bombay / Santacruz,8,Monsoon,29.1,25.2,32.2,7.0,14.2,1005.8,7.45,8,7.0,19.1167,72.85,0.3,0.3,36.3,0.0,0.3,-0.7621,-0.6474,-0.866,-0.5,0.0,0.0,SAFE
2015-08-22,Bombay / Santacruz,8,Monsoon,29.1,24.0,31.6,7.6,14.2,1005.8,7.45,8,7.0,19.1167,72.85,5.1,5.4,35.3,0.3,4.8,-0.7731,-0.6342,-0.866,-0.5,0.1098,1.6,SAFE
2015-08-23,Bombay / Santacruz,8,Monsoon,29.3,26.6,31.8,5.2,14.2,1005.8,7.45,8,7.0,19.1167,72.85,0.0,5.4,28.2,5.1,-5.1,-0.7839,-0.6208,-0.866,-0.5,0.2472,0.0,LOW
2015-08-24,Bombay / Santacruz,8,Monsoon,28.7,25.8,32.5,6.7,14.2,1005.8,7.45,8,7.0,19.1167,72.85,0.0,5.1,16.3,0.0,0.0,-0.7945,-0.6073,-0.866,-0.5,0.0,0.9,SAFE
2015-08-25,Bombay / Santacruz,8,Monsoon,27.4,25.3,30.2,4.9,14.2,1005.8,7.45,8,7.0,19.1167,72.85,3.0,3.0,8.4,0.0,3.0,-0.8048,-0.5935,-0.866,-0.5,0.0533,0.0,SAFE
2015-08-26,Bombay / Santacruz,8,Monsoon,29.2,24.7,31.8,7.1,14.2,1005.8,7.45,8,7.0,19.1167,72.85,8.9,11.9,17.3,3.0,5.9,-0.8149,-0.5796,-0.866,-0.5,0.0136,0.0,SAFE
2015-08-27,Bombay / Santacruz,8,Monsoon,29.1,25.4,31.7,6.3,14.2,1005.8,7.45,8,7.0,19.1167,72.85,0.0,11.9,17.3,8.9,-8.9,-0.8248,-0.5655,-0.866,-0.5,0.1279,12.4,SAFE
2015-08-28,Bombay / Santacruz,8,Monsoon,26.6,24.5,28.8,4.3,14.2,1005.8,7.45,8,7.0,19.1167,72.85,7.9,16.8,24.9,0.0,7.9,-0.8344,-0.5512,-0.866,-0.5,0.0,5.1,SAFE
2015-08-29,Bombay / Santacruz,8,Monsoon,27.7,24.4,31.5,7.1,14.2,1005.8,7.45,8,7.0,19.1167,72.85,6.1,14.0,25.9,7.9,-1.8,-0.8437,-0.5368,-0.866,-0.5,0.1345,4.8,SAFE
2015-08-30,Bombay / Santacruz,8,Monsoon,26.7,24.2,29.6,5.4,14.2,1005.8,7.45,8,7.0,19.1167,72.85,10.9,24.9,36.8,6.1,4.8,-0.8528,-0.5222,-0.866,-0.5,0.0724,6.0,SAFE
2015-08-31,Bombay / Santacruz,8,Monsoon,28.0,23.8,31.0,7.2,14.2,1005.8,7.45,8,7.0,19.1167,72.85,9.9,26.9,46.7,10.9,-1.0,-0.8617,-0.5074,-0.866,-0.5,0.0594,0.9,SAFE
2015-09-01,Bombay / Santacruz,9,Monsoon,28.6,24.6,31.8,7.2,10.0,1006.9,6.35,8,7.0,19.1167,72.85,4.1,24.9,47.8,9.9,-5.8,-0.8703,-0.4925,-1.0,-0.0,0.0,3.8,SAFE
2015-09-02,Bombay / Santacruz,9,Monsoon,27.9,23.3,31.3,8.0,10.0,1006.9,6.35,8,7.0,19.1167,72.85,4.1,18.1,43.0,4.1,0.0,-0.8786,-0.4775,-1.0,-0.0,0.0455,0.0,SAFE
2015-09-03,Bombay / Santacruz,9,Monsoon,28.4,23.8,32.0,8.2,10.0,1006.9,6.35,8,7.0,19.1167,72.85,0.5,8.7,43.5,4.1,-3.6,-0.8867,-0.4623,-1.0,-0.0,0.1761,12.8,SAFE
2015-09-04,Bombay / Santacruz,9,Monsoon,29.1,23.8,32.0,8.2,10.0,1006.9,6.35,8,7.0,19.1167,72.85,0.0,4.6,35.6,0.5,-0.5,-0.8945,-0.447,-1.0,-0.0,0.0,0.0,SAFE
2015-09-05,Bombay / Santacruz,9,Monsoon,29.1,23.0,32.2,9.2,10.0,1006.9,6.35,8,7.0,19.1167,72.85,0.0,0.5,29.5,0.0,0.0,-0.9021,-0.4315,-1.0,-0.0,0.0,0.0,SAFE
2015-09-06,Bombay / Santacruz,9,Monsoon,29.2,23.8,32.4,8.6,10.0,1006.9,6.35,8,7.0,19.1167,72.85,0.0,0.0,18.6,0.0,0.0,-0.9094,-0.4159,-1.0,-0.0,0.0,0.0,SAFE
2015-09-07,Bombay / Santacruz,9,Monsoon,28.8,24.4,32.2,7.8,10.0,1006.9,6.35,8,7.0,19.1167,72.85,0.0,0.0,8.7,0.0,0.0,-0.9164,-0.4002,-1.0,-0.0,0.0,0.0,SAFE
2015-09-08,Bombay / Santacruz,9,Monsoon,28.9,23.8,32.0,8.2,10.0,1006.9,6.35,8,7.0,19.1167,72.85,0.0,0.0,4.6,0.0,0.0,-0.9232,-0.3844,-1.0,-0.0,0.0,0.0,SAFE
2015-09-09,Bombay / Santacruz,9,Monsoon,28.6,24.4,31.5,7.1,10.0,1006.9,6.35,8,7.0,19.1167,72.85,0.0,0.0,0.5,0.0,0.0,-0.9296,-0.3685,-1.0,-0.0,0.0,0.0,SAFE
2015-09-10,Bombay / Santacruz,9,Monsoon,27.5,24.8,31.1,6.3,10.0,1006.9,6.35,8,7.0,19.1167,72.85,3.0,3.0,3.0,0.0,3.0,-0.9358,-0.3524,-1.0,-0.0,0.009,8.2,SAFE
2015-09-11,Bombay / Santacruz,9,Monsoon,29.1,24.0,32.0,8.0,10.0,1008.6,4.65,8,7.0,19.1167,72.85,32.0,35.0,35.0,3.0,29.0,-0.9418,-0.3363,-1.0,-0.0,0.2062,17.4,LOW
2015-09-12,Bombay / Santacruz,9,Monsoon,28.3,24.8,32.5,7.7,10.0,1006.9,6.35,8,7.0,19.1167,72.85,0.0,35.0,35.0,32.0,-32.0,-0.9474,-0.32,-1.0,-0.0,0.0,7.0,SAFE
2015-09-13,Bombay / Santacruz,9,Monsoon,27.9,23.7,31.5,7.8,10.0,1006.9,6.35,8,7.0,19.1167,72.85,17.0,49.0,52.0,0.0,17.0,-0.9528,-0.3037,-1.0,-0.0,0.3024,8.3,LOW
2015-09-14,Bombay / Santacruz,9,Monsoon,28.3,23.8,31.5,7.7,10.0,1006.9,6.35,8,7.0,19.1167,72.85,21.1,38.1,73.1,17.0,4.1,-0.9579,-0.2873,-1.0,-0.0,0.1688,20.2,LOW
2015-09-15,Bombay / Santacruz,9,Monsoon,28.7,24.2,31.0,6.8,10.0,1006.9,6.35,8,7.0,19.1167,72.85,33.0,71.1,106.1,21.1,11.9,-0.9627,-0.2707,-1.0,-0.0,0.3374,23.5,LOW
2015-09-16,Bombay / Santacruz,9,Monsoon,29.4,24.5,31.0,6.5,10.0,1005.8,7.45,8,7.0,19.1167,72.85,4.1,58.2,110.2,33.0,-28.9,-0.9672,-0.2541,-1.0,-0.0,0.0457,2.3,SAFE
2015-09-17,Bombay / Santacruz,9,Monsoon,29.6,26.0,32.0,6.0,12.4,1004.7,8.55,8,7.0,19.1167,72.85,2.0,39.1,109.2,4.1,-2.1,-0.9714,-0.2375,-1.0,-0.0,0.1611,12.8,SAFE
2015-09-18,Bombay / Santacruz,9,Monsoon,28.9,28.0,30.0,2.0,17.1,1003.2,10.05,8,7.0,19.1167,72.85,0.5,6.6,77.7,2.0,-1.5,-0.9753,-0.2207,-1.0,-0.0,0.0,2.7,SAFE
2015-09-19,Bombay / Santacruz,9,Monsoon,28.4,25.0,31.1,6.1,16.3,1003.7,9.55,8,7.0,19.1167,72.85,5.1,7.6,82.8,0.5,4.6,-0.979,-0.2039,-1.0,-0.0,0.0687,3.5,SAFE
2015-09-20,Bombay / Santacruz,9,Monsoon,27.6,24.0,30.0,6.0,14.4,1004.2,9.05,8,7.0,19.1167,72.85,32.0,37.6,97.8,5.1,26.9,-0.9824,-0.187,-1.0,-0.0,0.3552,5.5,LOW
2015-09-21,Bombay / Santacruz,9,Monsoon,28.6,24.7,32.3,7.6,13.8,1005.1,8.15,8,7.0,19.1167,72.85,27.9,65.0,104.6,32.0,-4.1,-0.9854,-0.1701,-1.0,-0.0,0.3667,8.7,LOW
2015-09-22,Bombay / Santacruz,9,Monsoon,28.6,24.6,32.0,7.4,8.8,1007.6,5.65,8,7.0,19.1167,72.85,15.0,74.9,86.6,27.9,-12.9,-0.9882,-0.1531,-1.0,-0.0,0.2317,8.1,LOW
2015-09-23,Bombay / Santacruz,9,Monsoon,29.1,25.2,32.2,7.0,8.2,1010.1,3.15,8,7.0,19.1167,72.85,3.0,45.9,85.5,15.0,-12.0,-0.9907,-0.1361,-1.0,-0.0,0.0,13.1,SAFE
2015-09-24,Bombay / Santacruz,9,Monsoon,28.7,24.0,32.0,8.0,10.0,1009.4,3.85,8,7.0,19.1167,72.85,0.0,18.0,83.5,3.0,-3.0,-0.9929,-0.1191,-1.0,-0.0,0.3879,7.0,LOW
2015-09-25,Bombay / Santacruz,9,Monsoon,28.2,23.7,31.8,8.1,8.1,1008.9,4.35,8,7.0,19.1167,72.85,0.0,3.0,83.0,0.0,0.0,-0.9948,-0.102,-1.0,-0.0,0.0,0.0,SAFE
2015-09-26,Bombay / Santacruz,9,Monsoon,27.9,23.8,31.7,7.9,7.8,1009.2,4.05,8,7.0,19.1167,72.85,0.0,0.0,77.9,0.0,0.0,-0.9964,-0.0848,-1.0,-0.0,0.0,0.0,SAFE
2015-09-27,Bombay / Santacruz,9,Monsoon,28.4,21.3,32.0,10.7,10.0,1009.3,3.95,8,7.0,19.1167,72.85,0.0,0.0,45.9,0.0,0.0,-0.9977,-0.0677,-1.0,-0.0,0.0,0.0,SAFE
2015-09-28,Bombay / Santacruz,9,Monsoon,29.8,23.2,34.8,11.6,7.3,1007.9,5.35,8,7.0,19.1167,72.85,0.0,0.0,18.0,0.0,0.0,-0.9987,-0.0505,-1.0,-0.0,0.0,0.0,SAFE
2015-09-29,Bombay / Santacruz,9,Monsoon,31.9,24.3,36.2,11.9,7.9,1007.2,6.05,8,7.0,19.1167,72.85,0.0,0.0,3.0,0.0,0.0,-0.9994,-0.0333,-1.0,-0.0,0.0,0.0,SAFE
2015-09-30,Bombay / Santacruz,9,Monsoon,32.8,24.4,37.4,13.0,9.3,1008.3,4.95,8,7.0,19.1167,72.85,0.0,0.0,0.0,0.0,0.0,-0.9999,-0.0161,-1.0,-0.0,0.0,0.0,SAFE
2016-07-01,Bombay / Santacruz,7,Monsoon,27.8,23.6,30.0,6.4,10.5,1003.95,9.3,8,7.0,19.1167,72.85,71.1,71.1,71.1,0.0,71.1,-0.0065,-1.0,-0.5,-0.866,0.5364,23.4,MODERATE
2016-07-02,Bombay / Santacruz,7,Monsoon,27.2,24.6,28.0,3.4,16.7,1001.7,11.55,8,7.0,19.1167,72.85,77.0,148.1,148.1,71.1,5.9,-0.0237,-0.9997,-0.5,-0.866,0.5715,32.0,MODERATE
2016-07-03,Bombay / Santacruz,7,Monsoon,27.9,24.8,30.0,5.2,16.4,1002.2,11.05,8,7.0,19.1167,72.85,93.0,241.1,241.1,77.0,16.0,-0.0408,-0.9992,-0.5,-0.866,0.8239,77.4,HIGH
2016-07-04,Bombay / Santacruz,7,Monsoon,27.6,24.5,30.4,5.9,13.3,1003.6,9.65,8,7.0,19.1167,72.85,25.9,195.9,267.0,93.0,-67.1,-0.058,-0.9983,-0.5,-0.866,0.5877,9.8,LOW
2016-07-05,Bombay / Santacruz,7,Monsoon,27.4,24.1,31.0,6.9,12.4,1003.7,9.55,8,7.0,19.1167,72.85,46.0,164.9,313.0,25.9,20.1,-0.0752,-0.9972,-0.5,-0.866,0.692,34.3,MODERATE
2016-07-06,Bombay / Santacruz,7,Monsoon,28.7,24.2,30.0,5.8,12.8,1004.1,9.15,8,7.0,19.1167,72.85,9.9,81.8,322.9,46.0,-36.1,-0.0923,-0.9957,-0.5,-0.866,0.3793,12.6,LOW
2016-07-07,Bombay / Santacruz,7,Monsoon,28.9,25.9,29.2,3.3,13.9,1005.0,8.25,8,7.0,19.1167,72.85,8.9,64.8,331.8,9.9,-1.0,-0.1094,-0.994,-0.5,-0.866,0.2679,11.0,LOW
2016-07-08,Bombay / Santacruz,7,Monsoon,28.4,28.0,29.4,1.4,14.4,1004.0,9.25,8,7.0,19.1167,72.85,1.0,19.8,261.7,8.9,-7.9,-0.1265,-0.992,-0.5,-0.866,0.0548,0.2,SAFE
2016-07-09,Bombay / Santacruz,7,Monsoon,28.8,25.4,30.0,4.6,16.9,1002.6,10.65,8,7.0,19.1167,72.85,10.9,20.8,195.6,1.0,9.9,-0.1436,-0.9896,-0.5,-0.866,0.0,3.7,SAFE
2016-07-10,Bombay / Santacruz,7,Monsoon,28.7,27.0,29.0,2.0,20.8,1002.2,11.05,8,7.0,19.1167,72.85,99.1,111.0,201.7,10.9,88.2,-0.1606,-0.987,-0.5,-0.866,0.7399,37.4,HIGH
2016-07-11,Bombay / Santacruz,7,Monsoon,28.3,26.1,29.0,2.9,20.8,1003.95,9.3,8,7.0,19.1167,72.85,7.1,117.1,182.9,99.1,-92.0,-0.1775,-0.9841,-0.5,-0.866,0.2576,13.3,LOW
2016-07-12,Bombay / Santacruz,7,Monsoon,28.4,27.0,30.0,3.0,16.6,1002.9,10.35,8,7.0,19.1167,72.85,7.1,113.3,144.0,7.1,0.0,-0.1944,-0.9809,-0.5,-0.866,0.2668,5.4,LOW
2016-07-13,Bombay / Santacruz,7,Monsoon,28.2,24.0,30.4,6.4,16.6,1003.95,9.3,8,7.0,19.1167,72.85,16.0,30.2,150.1,7.1,8.9,-0.2113,-0.9774,-0.5,-0.866,0.1776,12.2,LOW
2016-07-14,Bombay / Santacruz,7,Monsoon,27.0,25.0,30.4,5.4,12.2,1004.0,9.25,8,7.0,19.1167,72.85,13.0,36.1,154.2,16.0,-3.0,-0.2281,-0.9736,-0.5,-0.866,0.0266,5.2,SAFE
2016-07-15,Bombay / Santacruz,7,Monsoon,28.2,24.3,31.4,7.1,12.8,1004.9,8.35,8,7.0,19.1167,72.85,10.9,39.9,164.1,13.0,-2.1,-0.2448,-0.9696,-0.5,-0.866,0.2195,7.7,LOW
2016-07-16,Bombay / Santacruz,7,Monsoon,28.1,26.0,30.8,4.8,14.6,1005.4,7.85,8,7.0,19.1167,72.85,2.0,25.9,155.2,10.9,-8.9,-0.2614,-0.9652,-0.5,-0.866,0.1619,11.5,SAFE
2016-07-17,Bombay / Santacruz,7,Monsoon,27.6,23.9,31.6,7.7,11.8,1007.5,5.75,8,7.0,19.1167,72.85,13.0,25.9,69.1,2.0,11.0,-0.278,-0.9606,-0.5,-0.866,0.2222,7.7,LOW
2016-07-18,Bombay / Santacruz,7,Monsoon,27.3,24.4,29.0,4.6,13.5,1008.2,5.05,8,7.0,19.1167,72.85,15.0,30.0,77.0,13.0,2.0,-0.2945,-0.9557,-0.5,-0.866,0.2661,8.2,LOW
2016-07-19,Bombay / Santacruz,7,Monsoon,26.4,23.4,27.0,3.6,13.2,1008.1,5.15,8,7.0,19.1167,72.85,57.9,85.9,127.8,15.0,42.9,-0.3109,-0.9505,-0.5,-0.866,0.5284,5.6,MODERATE
2016-07-20,Bombay / Santacruz,7,Monsoon,27.5,24.0,30.0,6.0,12.5,1003.95,9.3,8,7.0,19.1167,72.85,64.0,136.9,175.8,57.9,6.1,-0.3272,-0.945,-0.5,-0.866,0.529,39.5,MODERATE
2016-07-21,Bombay / Santacruz,7,Monsoon,26.1,23.7,27.8,4.1,7.2,1006.1,7.15,8,7.0,19.1167,72.85,10.9,132.8,173.7,64.0,-53.1,-0.3434,-0.9392,-0.5,-0.866,0.2929,15.6,LOW
2016-07-22,Bombay / Santacruz,7,Monsoon,27.6,23.6,29.2,5.6,12.8,1004.6,8.65,8,7.0,19.1167,72.85,15.0,89.9,177.8,10.9,4.1,-0.3595,-0.9332,-0.5,-0.866,0.2661,2.6,LOW
2016-07-23,Bombay / Santacruz,7,Monsoon,27.5,23.6,31.7,8.1,11.7,1003.9,9.35,8,7.0,19.1167,72.85,9.9,35.8,185.7,15.0,-5.1,-0.3755,-0.9268,-0.5,-0.866,0.1612,6.2,LOW
2016-07-24,Bombay / Santacruz,7,Monsoon,27.7,24.2,30.0,5.8,9.2,1004.2,9.05,8,7.0,19.1167,72.85,6.1,31.0,178.8,9.9,-3.8,-0.3914,-0.9202,-0.5,-0.866,0.2285,7.1,LOW
2016-07-25,Bombay / Santacruz,7,Monsoon,27.7,24.7,29.4,4.7,8.5,1004.8,8.45,8,7.0,19.1167,72.85,7.9,23.9,171.7,6.1,1.8,-0.4071,-0.9134,-0.5,-0.866,0.1896,2.0,LOW
2016-07-26,Bombay / Santacruz,7,Monsoon,26.4,25.0,28.0,3.0,8.7,1005.6,7.65,8,7.0,19.1167,72.85,0.0,14.0,113.8,7.9,-7.9,-0.4228,-0.9062,-0.5,-0.866,0.2858,8.2,LOW
2016-07-27,Bombay / Santacruz,7,Monsoon,25.9,23.4,29.0,5.6,8.7,1006.4,6.85,8,7.0,19.1167,72.85,68.1,76.0,117.9,0.0,68.1,-0.4383,-0.8988,-0.5,-0.866,0.7328,33.7,MODERATE
2016-07-28,Bombay / Santacruz,7,Monsoon,25.8,22.9,29.4,6.5,8.4,1006.7,6.55,8,7.0,19.1167,72.85,17.0,85.1,124.0,68.1,-51.1,-0.4537,-0.8912,-0.5,-0.866,0.2677,21.6,LOW
2016-07-29,Bombay / Santacruz,7,Monsoon,25.8,22.4,28.0,5.6,7.7,1006.1,7.15,8,7.0,19.1167,72.85,110.0,195.1,219.0,17.0,93.0,-0.469,-0.8832,-0.5,-0.866,0.4865,41.5,MODERATE
2016-07-30,Bombay / Santacruz,7,Monsoon,27.1,23.0,29.0,6.0,11.3,1005.3,7.95,8,7.0,19.1167,72.85,115.1,242.1,324.2,110.0,5.1,-0.4841,-0.875,-0.5,-0.866,1.0,58.6,HIGH
2016-07-31,Bombay / Santacruz,7,Monsoon,26.5,25.0,28.0,3.0,12.9,1006.2,7.05,8,7.0,19.1167,72.85,15.0,240.1,333.1,115.1,-100.1,-0.4991,-0.8666,-0.5,-0.866,0.4251,33.5,LOW
2016-08-01,Bombay / Santacruz,8,Monsoon,27.0,23.2,28.0,4.8,21.5,1004.9,8.35,8,7.0,19.1167,72.85,111.0,241.1,436.2,15.0,96.0,-0.5139,-0.8578,-0.866,-0.5,0.8792,56.4,HIGH
2016-08-02,Bombay / Santacruz,8,Monsoon,27.8,24.6,28.0,3.4,20.7,1002.0,11.25,8,7.0,19.1167,72.85,25.9,151.9,462.1,111.0,-85.1,-0.5286,-0.8489,-0.866,-0.5,0.3622,30.7,LOW
2016-08-03,Bombay / Santacruz,8,Monsoon,27.9,26.0,29.0,3.0,18.9,1001.8,11.45,8,7.0,19.1167,72.85,13.0,149.9,407.0,25.9,-12.9,-0.5431,-0.8397,-0.866,-0.5,0.2896,31.5,LOW
2016-08-04,Bombay / Santacruz,8,Monsoon,28.3,24.5,30.6,6.1,18.0,1002.8,10.45,8,7.0,19.1167,72.85,15.0,53.9,405.0,13.0,2.0,-0.5575,-0.8302,-0.866,-0.5,0.2668,8.7,LOW
2016-08-05,Bombay / Santacruz,8,Monsoon,26.9,24.0,28.0,4.0,17.3,1002.6,10.65,8,7.0,19.1167,72.85,17.0,45.0,312.0,15.0,2.0,-0.5717,-0.8205,-0.866,-0.5,0.0354,11.1,SAFE
2016-08-06,Bombay / Santacruz,8,Monsoon,27.7,24.5,29.0,4.5,18.8,1003.7,9.55,8,7.0,19.1167,72.85,142.0,174.0,338.9,17.0,125.0,-0.5857,-0.8105,-0.866,-0.5,0.9045,50.6,HIGH
2016-08-07,Bombay / Santacruz,8,Monsoon,28.4,25.2,30.0,4.8,17.2,1004.8,8.45,8,7.0,19.1167,72.85,13.0,172.0,336.9,142.0,-129.0,-0.5996,-0.8003,-0.866,-0.5,0.4057,24.3,LOW
2016-08-08,Bombay / Santacruz,8,Monsoon,28.3,25.5,30.6,5.1,18.7,1005.8,7.45,8,7.0,19.1167,72.85,3.0,158.0,228.9,13.0,-10.0,-0.6132,-0.7899,-0.866,-0.5,0.3641,10.7,LOW
2016-08-09,Bombay / Santacruz,8,Monsoon,28.2,26.0,30.6,4.6,18.4,1005.7,7.55,8,7.0,19.1167,72.85,2.0,18.0,205.0,3.0,-1.0,-0.6267,-0.7792,-0.866,-0.5,0.151,0.0,SAFE
2016-08-10,Bombay / Santacruz,8,Monsoon,28.2,24.9,30.0,5.1,19.5,1006.2,7.05,8,7.0,19.1167,72.85,10.9,15.9,202.9,2.0,8.9,-0.64,-0.7683,-0.866,-0.5,0.0424,0.0,SAFE
2016-08-11,Bombay / Santacruz,8,Monsoon,27.8,24.9,30.4,5.5,16.4,1007.7,5.55,8,7.0,19.1167,72.85,4.1,17.0,192.0,10.9,-6.8,-0.6532,-0.7572,-0.866,-0.5,0.0,11.8,SAFE
2016-08-12,Bombay / Santacruz,8,Monsoon,28.1,25.1,30.4,5.3,16.0,1005.8,7.45,8,7.0,19.1167,72.85,3.0,18.0,178.0,4.1,-1.1,-0.6661,-0.7459,-0.866,-0.5,0.0355,2.0,SAFE
2016-08-13,Bombay / Santacruz,8,Monsoon,28.5,25.9,30.6,4.7,16.1,1007.1,6.15,8,7.0,19.1167,72.85,1.0,8.1,37.0,3.0,-2.0,-0.6788,-0.7343,-0.866,-0.5,0.089,0.0,SAFE
2016-08-14,Bombay / Santacruz,8,Monsoon,28.2,25.8,29.8,4.0,19.7,1006.8,6.45,8,7.0,19.1167,72.85,0.0,4.0,24.0,1.0,-1.0,-0.6914,-0.7225,-0.866,-0.5,0.0,0.0,SAFE
2016-08-15,Bombay / Santacruz,8,Monsoon,28.5,26.0,30.6,4.6,18.7,1006.7,6.55,8,7.0,19.1167,72.85,3.0,4.0,24.0,0.0,3.0,-0.7037,-0.7105,-0.866,-0.5,0.0,0.0,SAFE
2016-08-16,Bombay / Santacruz,8,Monsoon,28.6,26.2,30.6,4.4,17.1,1005.8,7.45,8,7.0,19.1167,72.85,2.0,5.0,24.0,3.0,-1.0,-0.7158,-0.6983,-0.866,-0.5,0.041,0.0,SAFE
2016-08-17,Bombay / Santacruz,8,Monsoon,28.3,26.0,31.2,5.2,15.7,1004.9,8.35,8,7.0,19.1167,72.85,0.0,5.0,13.1,2.0,-2.0,-0.7277,-0.6859,-0.866,-0.5,0.0,0.0,SAFE
2016-08-18,Bombay / Santacruz,8,Monsoon,28.5,24.4,31.0,6.6,14.7,1004.8,8.45,8,7.0,19.1167,72.85,8.9,10.9,17.9,0.0,8.9,-0.7394,-0.6733,-0.866,-0.5,0.0,7.8,SAFE
2016-08-19,Bombay / Santacruz,8,Monsoon,28.3,25.7,31.0,5.3,15.0,1005.8,7.45,8,7.0,19.1167,72.85,0.0,8.9,14.9,8.9,-8.9,-0.7509,-0.6605,-0.866,-0.5,0.1615,3.2,SAFE
2016-08-20,Bombay / Santacruz,8,Monsoon,28.6,25.4,30.2,4.8,14.0,1005.1,8.15,8,7.0,19.1167,72.85,1.0,9.9,14.9,0.0,1.0,-0.7621,-0.6474,-0.866,-0.5,0.1237,2.4,SAFE
2016-08-21,Bombay / Santacruz,8,Monsoon,28.6,25.8,30.6,4.8,14.1,1005.3,7.95,8,7.0,19.1167,72.85,5.1,6.1,20.0,1.0,4.1,-0.7731,-0.6342,-0.866,-0.5,0.1285,2.8,SAFE
2016-08-22,Bombay / Santacruz,8,Monsoon,27.8,27.0,30.2,3.2,14.1,1006.1,7.15,8,7.0,19.1167,72.85,2.0,8.1,19.0,5.1,-3.1,-0.7839,-0.6208,-0.866,-0.5,0.1655,3.8,SAFE
2016-08-23,Bombay / Santacruz,8,Monsoon,27.2,23.8,29.0,5.2,12.8,1005.8,7.45,8,7.0,19.1167,72.85,8.9,16.0,25.9,2.0,6.9,-0.7945,-0.6073,-0.866,-0.5,0.0648,5.5,SAFE
2016-08-24,Bombay / Santacruz,8,Monsoon,28.1,24.7,30.6,5.9,14.1,1005.8,7.45,8,7.0,19.1167,72.85,10.9,21.8,36.8,8.9,2.0,-0.8048,-0.5935,-0.866,-0.5,0.0884,0.6,SAFE
2016-08-25,Bombay / Santacruz,8,Monsoon,28.3,24.8,31.8,7.0,14.8,1005.8,7.45,8,7.0,19.1167,72.85,5.1,24.9,33.0,10.9,-5.8,-0.8149,-0.5796,-0.866,-0.5,0.339,4.7,LOW
2016-08-26,Bombay / Santacruz,8,Monsoon,26.3,24.4,28.0,3.6,7.8,1006.6,6.65,8,7.0,19.1167,72.85,1.0,17.0,34.0,5.1,-4.1,-0.8248,-0.5655,-0.866,-0.5,0.0513,0.0,SAFE
2016-08-27,Bombay / Santacruz,8,Monsoon,25.7,24.0,27.0,3.0,7.8,1006.5,6.75,8,7.0,19.1167,72.85,56.9,63.0,89.9,1.0,55.9,-0.8344,-0.5512,-0.866,-0.5,0.5029,23.5,MODERATE
2016-08-28,Bombay / Santacruz,8,Monsoon,26.8,23.7,28.0,4.3,11.4,1006.4,6.85,8,7.0,19.1167,72.85,52.1,110.0,136.9,56.9,-4.8,-0.8437,-0.5368,-0.866,-0.5,0.4728,27.3,MODERATE
2016-08-29,Bombay / Santacruz,8,Monsoon,27.9,25.0,30.8,5.8,11.9,1006.2,7.05,8,7.0,19.1167,72.85,40.9,149.9,175.8,52.1,-11.2,-0.8528,-0.5222,-0.866,-0.5,0.2819,44.4,LOW
2016-08-30,Bombay / Santacruz,8,Monsoon,27.9,25.5,29.8,4.3,11.9,1005.4,7.85,8,7.0,19.1167,72.85,2.0,95.0,168.9,40.9,-38.9,-0.8617,-0.5074,-0.866,-0.5,0.0,13.7,SAFE
2016-08-31,Bombay / Santacruz,8,Monsoon,28.2,25.0,30.8,5.8,11.9,1005.8,7.45,8,7.0,19.1167,72.85,2.0,44.9,160.0,2.0,0.0,-0.8703,-0.4925,-0.866,-0.5,0.0632,0.0,SAFE
2016-09-01,Bombay / Santacruz,9,Monsoon,28.2,25.4,31.0,5.6,10.0,1006.9,6.35,8,7.0,19.1167,72.85,0.5,4.5,155.4,2.0,-1.5,-0.8786,-0.4775,-1.0,-0.0,0.0,0.0,SAFE
2016-09-02,Bombay / Santacruz,9,Monsoon,27.2,25.2,30.0,4.8,12.2,1006.9,6.35,8,7.0,19.1167,72.85,4.1,6.6,158.5,0.5,3.6,-0.8867,-0.4623,-1.0,-0.0,0.1598,4.9,SAFE
2016-09-03,Bombay / Santacruz,9,Monsoon,27.4,23.6,30.2,6.6,10.5,1007.6,5.65,8,7.0,19.1167,72.85,22.1,26.7,123.7,4.1,18.0,-0.8945,-0.447,-1.0,-0.0,0.2932,16.9,LOW
2016-09-04,Bombay / Santacruz,9,Monsoon,28.4,23.9,31.2,7.3,14.1,1009.8,3.45,8,7.0,19.1167,72.85,1.0,27.2,72.6,22.1,-21.1,-0.9021,-0.4315,-1.0,-0.0,0.0,0.0,SAFE
2016-09-05,Bombay / Santacruz,9,Monsoon,28.4,25.2,31.2,6.0,14.4,1010.6,2.65,8,7.0,19.1167,72.85,0.0,23.1,31.7,1.0,-1.0,-0.9094,-0.4159,-1.0,-0.0,0.251,0.0,LOW
2016-09-06,Bombay / Santacruz,9,Monsoon,28.4,25.2,31.2,6.0,12.3,1010.6,2.65,8,7.0,19.1167,72.85,0.0,1.0,29.7,0.0,0.0,-0.9164,-0.4002,-1.0,-0.0,0.0,0.0,SAFE
2016-09-07,Bombay / Santacruz,9,Monsoon,27.6,25.4,30.6,5.2,13.4,1009.6,3.65,8,7.0,19.1167,72.85,0.3,0.3,28.0,0.0,0.3,-0.9232,-0.3844,-1.0,-0.0,0.0,0.0,SAFE
2016-09-08,Bombay / Santacruz,9,Monsoon,27.9,24.0,31.4,7.4,10.2,1006.9,6.35,8,7.0,19.1167,72.85,5.1,5.4,32.6,0.3,4.8,-0.9296,-0.3685,-1.0,-0.0,0.0792,0.0,SAFE
2016-09-09,Bombay / Santacruz,9,Monsoon,27.2,24.0,31.8,7.8,10.7,1010.8,2.45,8,7.0,19.1167,72.85,0.0,5.4,28.5,5.1,-5.1,-0.9358,-0.3524,-1.0,-0.0,0.0365,0.0,SAFE
2016-09-10,Bombay / Santacruz,9,Monsoon,27.8,22.6,30.8,8.2,10.6,1009.9,3.35,8,7.0,19.1167,72.85,26.9,32.0,33.3,0.0,26.9,-0.9418,-0.3363,-1.0,-0.0,0.3697,8.7,LOW
2016-09-11,Bombay / Santacruz,9,Monsoon,27.8,24.2,30.8,6.6,10.9,1008.6,4.65,8,7.0,19.1167,72.85,0.8,27.7,33.1,26.9,-26.1,-0.9474,-0.32,-1.0,-0.0,0.0182,5.0,SAFE
2016-09-12,Bombay / Santacruz,9,Monsoon,28.3,23.4,31.4,8.0,10.1,1008.0,5.25,8,7.0,19.1167,72.85,7.9,35.6,41.0,0.8,7.1,-0.9528,-0.3037,-1.0,-0.0,0.0,2.5,SAFE
2016-09-13,Bombay / Santacruz,9,Monsoon,28.0,23.6,30.0,6.4,9.4,1008.4,4.85,8,7.0,19.1167,72.85,0.0,8.7,41.0,7.9,-7.9,-0.9579,-0.2873,-1.0,-0.0,0.0618,0.0,SAFE
2016-09-14,Bombay / Santacruz,9,Monsoon,28.9,23.9,31.0,7.1,9.2,1008.1,5.15,8,7.0,19.1167,72.85,6.1,14.0,46.8,0.0,6.1,-0.9627,-0.2707,-1.0,-0.0,0.0562,2.2,SAFE
2016-09-15,Bombay / Santacruz,9,Monsoon,26.2,25.0,29.0,4.0,11.3,1006.7,6.55,8,7.0,19.1167,72.85,2.0,8.1,43.7,6.1,-4.1,-0.9672,-0.2541,-1.0,-0.0,0.4234,2.4,LOW
2016-09-16,Bombay / Santacruz,9,Monsoon,26.9,23.4,28.0,4.6,8.9,1005.0,8.25,8,7.0,19.1167,72.85,81.0,89.1,124.7,2.0,79.0,-0.9714,-0.2375,-1.0,-0.0,0.6563,37.4,MODERATE
2016-09-17,Bombay / Santacruz,9,Monsoon,26.7,23.0,29.0,6.0,11.5,1006.9,6.35,8,7.0,19.1167,72.85,50.0,133.0,147.8,81.0,-31.0,-0.9753,-0.2207,-1.0,-0.0,0.4532,16.7,LOW
2016-09-18,Bombay / Santacruz,9,Monsoon,26.3,23.6,27.0,3.4,14.5,1005.4,7.85,8,7.0,19.1167,72.85,56.9,187.9,203.9,50.0,6.9,-0.979,-0.2039,-1.0,-0.0,0.5021,30.9,MODERATE
2016-09-19,Bombay / Santacruz,9,Monsoon,26.6,23.0,29.0,6.0,12.2,1008.1,5.15,8,7.0,19.1167,72.85,35.1,142.0,231.1,56.9,-21.8,-0.9824,-0.187,-1.0,-0.0,0.2377,20.5,LOW
2016-09-20,Bombay / Santacruz,9,Monsoon,25.2,23.0,28.0,5.0,10.4,1008.2,5.05,8,7.0,19.1167,72.85,23.1,115.1,254.2,35.1,-12.0,-0.9854,-0.1701,-1.0,-0.0,0.2272,15.4,LOW
2016-09-21,Bombay / Santacruz,9,Monsoon,25.9,22.0,27.0,5.0,10.7,1008.0,5.25,8,7.0,19.1167,72.85,143.0,201.2,391.1,23.1,119.9,-0.9882,-0.1531,-1.0,-0.0,1.0,61.0,HIGH
2016-09-22,Bombay / Santacruz,9,Monsoon,27.1,22.8,29.0,6.2,12.0,1007.8,5.45,8,7.0,19.1167,72.85,103.9,270.0,493.0,143.0,-39.1,-0.9907,-0.1361,-1.0,-0.0,1.0,51.1,HIGH
2016-09-23,Bombay / Santacruz,9,Monsoon,27.0,24.2,28.0,3.8,12.1,1005.9,7.35,8,7.0,19.1167,72.85,39.9,286.8,451.9,103.9,-64.0,-0.9929,-0.1191,-1.0,-0.0,0.7941,39.4,MODERATE
2016-09-24,Bombay / Santacruz,9,Monsoon,27.3,23.0,29.0,6.0,11.0,1004.9,8.35,8,7.0,19.1167,72.85,93.0,236.8,494.9,39.9,53.1,-0.9948,-0.102,-1.0,-0.0,0.8909,24.7,HIGH
2016-09-25,Bombay / Santacruz,9,Monsoon,27.4,23.4,29.2,5.8,10.4,1006.3,6.95,8,7.0,19.1167,72.85,1.0,133.9,439.0,93.0,-92.0,-0.9964,-0.0848,-1.0,-0.0,0.2186,13.2,LOW
2016-09-26,Bombay / Santacruz,9,Monsoon,28.7,24.8,31.0,6.2,11.4,1008.3,4.95,8,7.0,19.1167,72.85,7.1,101.1,411.0,1.0,6.1,-0.9977,-0.0677,-1.0,-0.0,0.262,4.6,LOW
2016-09-27,Bombay / Santacruz,9,Monsoon,28.1,25.2,29.4,4.2,12.2,1009.2,4.05,8,7.0,19.1167,72.85,0.0,8.1,387.9,7.1,-7.1,-0.9987,-0.0505,-1.0,-0.0,0.0044,0.0,SAFE
2016-09-28,Bombay / Santacruz,9,Monsoon,28.3,24.4,30.0,5.6,10.9,1006.9,6.35,8,7.0,19.1167,72.85,2.0,9.1,246.9,0.0,2.0,-0.9994,-0.0333,-1.0,-0.0,0.2507,4.3,LOW
2016-09-29,Bombay / Santacruz,9,Monsoon,28.3,24.4,31.0,6.6,10.9,1008.1,5.15,8,7.0,19.1167,72.85,0.0,2.0,143.0,2.0,-2.0,-0.9999,-0.0161,-1.0,-0.0,0.0,0.0,SAFE
2016-09-30,Bombay / Santacruz,9,Monsoon,28.0,22.5,30.8,8.3,9.9,1007.6,5.65,8,7.0,19.1167,72.85,0.0,2.0,103.1,0.0,0.0,-1.0,0.0011,-1.0,-0.0,0.0,0.0,SAFE
2017-07-01,Bombay / Santacruz,7,Monsoon,28.4,24.4,31.0,6.6,18.0,1002.2,11.05,8,7.0,19.1167,72.85,93.0,93.0,103.1,0.0,93.0,0.0108,-0.9999,-0.5,-0.866,0.4185,14.5,MODERATE
2017-07-02,Bombay / Santacruz,7,Monsoon,28.2,24.2,31.0,6.8,16.4,1003.1,10.15,8,7.0,19.1167,72.85,49.0,142.0,151.1,93.0,-44.0,-0.0065,-1.0,-0.5,-0.866,0.4841,28.9,MODERATE
2017-07-03,Bombay / Santacruz,7,Monsoon,29.8,25.2,31.6,6.4,16.5,1005.0,8.25,8,7.0,19.1167,72.85,18.0,160.0,162.0,49.0,-31.0,-0.0237,-0.9997,-0.5,-0.866,0.4645,31.3,LOW
2017-07-04,Bombay / Santacruz,7,Monsoon,29.3,26.0,32.0,6.0,15.5,1005.9,7.35,8,7.0,19.1167,72.85,4.1,71.1,166.1,18.0,-13.9,-0.0408,-0.9992,-0.5,-0.866,0.0617,10.3,SAFE
2017-07-05,Bombay / Santacruz,7,Monsoon,29.7,24.9,31.0,6.1,18.2,1005.8,7.45,8,7.0,19.1167,72.85,7.1,29.2,171.2,4.1,3.0,-0.058,-0.9983,-0.5,-0.866,0.0471,9.0,SAFE
2017-07-06,Bombay / Santacruz,7,Monsoon,29.5,27.2,32.0,4.8,18.5,1006.0,7.25,8,7.0,19.1167,72.85,1.0,12.2,172.2,7.1,-6.1,-0.0752,-0.9972,-0.5,-0.866,0.1532,3.0,SAFE
2017-07-07,Bombay / Santacruz,7,Monsoon,29.7,25.5,32.2,6.7,15.6,1006.5,6.75,8,7.0,19.1167,72.85,6.1,14.2,178.3,1.0,5.1,-0.0923,-0.9957,-0.5,-0.866,0.0,15.5,SAFE
2017-07-08,Bombay / Santacruz,7,Monsoon,29.4,28.4,31.4,3.0,15.1,1006.8,6.45,8,7.0,19.1167,72.85,0.0,7.1,85.3,6.1,-6.1,-0.1094,-0.994,-0.5,-0.866,0.1684,0.0,SAFE
2017-07-09,Bombay / Santacruz,7,Monsoon,29.4,24.6,32.0,7.4,11.4,1006.1,7.15,8,7.0,19.1167,72.85,9.9,16.0,46.2,0.0,9.9,-0.1265,-0.992,-0.5,-0.866,0.0643,7.3,SAFE
2017-07-10,Bombay / Santacruz,7,Monsoon,29.4,26.2,32.4,6.2,11.7,1007.2,6.05,8,7.0,19.1167,72.85,0.0,9.9,28.2,9.9,-9.9,-0.1436,-0.9896,-0.5,-0.866,0.0207,0.0,SAFE
2017-07-11,Bombay / Santacruz,7,Monsoon,29.7,26.0,32.0,6.0,15.4,1007.3,5.95,8,7.0,19.1167,72.85,3.0,12.9,27.1,0.0,3.0,-0.1606,-0.987,-0.5,-0.866,0.0,0.0,SAFE
2017-07-12,Bombay / Santacruz,7,Monsoon,29.7,27.4,32.0,4.6,17.3,1006.5,6.75,8,7.0,19.1167,72.85,0.5,3.5,20.5,3.0,-2.5,-0.1775,-0.9841,-0.5,-0.866,0.0,0.0,SAFE
2017-07-13,Bombay / Santacruz,7,Monsoon,28.8,26.0,31.0,5.0,16.9,1005.1,8.15,8,7.0,19.1167,72.85,0.3,3.8,19.8,0.5,-0.2,-0.1944,-0.9809,-0.5,-0.866,0.0,0.0,SAFE
2017-07-14,Bombay / Santacruz,7,Monsoon,28.2,24.2,30.0,5.8,18.8,1004.2,9.05,8,7.0,19.1167,72.85,25.9,26.7,39.6,0.3,25.6,-0.2113,-0.9774,-0.5,-0.866,0.2983,23.0,LOW
2017-07-15,Bombay / Santacruz,7,Monsoon,27.4,23.4,29.0,5.6,18.2,1003.95,9.3,8,7.0,19.1167,72.85,68.1,94.3,107.7,25.9,42.2,-0.2281,-0.9736,-0.5,-0.866,0.4379,25.4,MODERATE
2017-07-16,Bombay / Santacruz,7,Monsoon,27.9,23.0,30.4,7.4,19.5,1004.0,9.25,8,7.0,19.1167,72.85,72.9,166.9,170.7,68.1,4.8,-0.2448,-0.9696,-0.5,-0.866,0.7808,12.0,MODERATE
2017-07-17,Bombay / Santacruz,7,Monsoon,25.5,23.0,27.0,4.0,14.2,1003.7,9.55,8,7.0,19.1167,72.85,56.9,197.9,227.6,72.9,-16.0,-0.2614,-0.9652,-0.5,-0.866,0.5948,29.4,MODERATE
2017-07-18,Bombay / Santacruz,7,Monsoon,26.4,22.5,27.0,4.5,12.7,1001.8,11.45,8,7.0,19.1167,72.85,163.1,292.9,387.7,56.9,106.2,-0.278,-0.9606,-0.5,-0.866,1.0,51.8,HIGH
2017-07-19,Bombay / Santacruz,7,Monsoon,27.1,24.2,29.0,4.8,10.8,1000.0,13.25,8,7.0,19.1167,72.85,79.0,299.0,466.2,163.1,-84.1,-0.2945,-0.9557,-0.5,-0.866,0.9749,42.8,HIGH
2017-07-20,Bombay / Santacruz,7,Monsoon,27.5,24.6,30.0,5.4,13.1,999.0,14.25,8,7.0,19.1167,72.85,22.1,264.2,488.0,79.0,-56.9,-0.3109,-0.9505,-0.5,-0.866,0.2444,34.7,LOW
2017-07-21,Bombay / Santacruz,7,Monsoon,27.4,24.5,29.0,4.5,19.8,1000.5,12.75,8,7.0,19.1167,72.85,40.9,142.0,503.0,22.1,18.8,-0.3272,-0.945,-0.5,-0.866,0.3587,23.3,LOW
2017-07-22,Bombay / Santacruz,7,Monsoon,27.7,24.2,30.0,5.8,20.7,1002.7,10.55,8,7.0,19.1167,72.85,87.1,150.1,522.0,40.9,46.2,-0.3434,-0.9392,-0.5,-0.866,0.8065,53.8,MODERATE
2017-07-23,Bombay / Santacruz,7,Monsoon,28.5,24.2,30.0,5.8,17.5,1003.4,9.85,8,7.0,19.1167,72.85,27.9,155.9,477.0,87.1,-59.2,-0.3595,-0.9332,-0.5,-0.866,0.4359,20.6,LOW
2017-07-24,Bombay / Santacruz,7,Monsoon,28.8,26.6,31.0,4.4,20.7,1004.1,9.15,8,7.0,19.1167,72.85,0.0,115.0,420.1,27.9,-27.9,-0.3755,-0.9268,-0.5,-0.866,0.1117,11.3,SAFE
2017-07-25,Bombay / Santacruz,7,Monsoon,28.4,24.8,30.0,5.2,16.0,1004.1,9.15,8,7.0,19.1167,72.85,5.1,33.0,262.1,0.0,5.1,-0.3914,-0.9202,-0.5,-0.866,0.0551,0.3,SAFE
2017-07-26,Bombay / Santacruz,7,Monsoon,28.6,26.4,30.0,3.6,16.5,1004.4,8.85,8,7.0,19.1167,72.85,8.9,14.0,192.0,5.1,3.8,-0.4071,-0.9134,-0.5,-0.866,0.0,0.0,SAFE
2017-07-27,Bombay / Santacruz,7,Monsoon,28.3,25.9,30.0,4.1,16.9,1005.0,8.25,8,7.0,19.1167,72.85,4.1,18.1,174.0,8.9,-4.8,-0.4228,-0.9062,-0.5,-0.866,0.085,5.2,SAFE
2017-07-28,Bombay / Santacruz,7,Monsoon,28.3,25.6,30.0,4.4,16.9,1006.2,7.05,8,7.0,19.1167,72.85,5.1,18.1,138.2,4.1,1.0,-0.4383,-0.8988,-0.5,-0.866,0.3314,0.0,LOW
2017-07-29,Bombay / Santacruz,7,Monsoon,28.6,25.0,31.0,6.0,16.8,1007.1,6.15,8,7.0,19.1167,72.85,4.1,13.3,55.2,5.1,-1.0,-0.4537,-0.8912,-0.5,-0.866,0.1716,0.0,SAFE
2017-07-30,Bombay / Santacruz,7,Monsoon,28.1,25.6,31.0,5.4,15.2,1007.5,5.75,8,7.0,19.1167,72.85,2.0,11.2,29.3,4.1,-2.1,-0.469,-0.8832,-0.5,-0.866,0.3035,0.0,LOW
2017-07-31,Bombay / Santacruz,7,Monsoon,27.8,24.9,30.2,5.3,13.2,1007.2,6.05,8,7.0,19.1167,72.85,2.0,8.1,31.3,2.0,0.0,-0.4841,-0.875,-0.5,-0.866,0.1615,3.7,SAFE
2017-08-01,Bombay / Santacruz,8,Monsoon,28.3,24.8,31.0,6.2,14.9,1007.3,5.95,8,7.0,19.1167,72.85,13.0,17.0,39.2,2.0,11.0,-0.4991,-0.8666,-0.866,-0.5,0.2451,13.2,LOW
2017-08-02,Bombay / Santacruz,8,Monsoon,28.6,26.5,30.8,4.3,14.8,1007.5,5.75,8,7.0,19.1167,72.85,2.0,17.0,32.3,13.0,-11.0,-0.5139,-0.8578,-0.866,-0.5,0.2894,0.0,LOW
2017-08-03,Bombay / Santacruz,8,Monsoon,28.6,25.5,30.6,5.1,15.9,1005.9,7.35,8,7.0,19.1167,72.85,6.1,21.1,34.3,2.0,4.1,-0.5286,-0.8489,-0.866,-0.5,0.1484,0.0,SAFE
2017-08-04,Bombay / Santacruz,8,Monsoon,29.1,26.1,32.0,5.9,16.1,1004.0,9.25,8,7.0,19.1167,72.85,2.0,10.1,31.2,6.1,-4.1,-0.5431,-0.8397,-0.866,-0.5,0.0522,1.0,SAFE
2017-08-05,Bombay / Santacruz,8,Monsoon,29.1,26.0,31.0,5.0,14.6,1003.8,9.45,8,7.0,19.1167,72.85,3.0,11.1,30.1,2.0,1.0,-0.5575,-0.8302,-0.866,-0.5,0.1867,2.1,SAFE
2017-08-06,Bombay / Santacruz,8,Monsoon,29.1,26.5,32.0,5.5,13.4,1004.1,9.15,8,7.0,19.1167,72.85,0.0,5.0,28.1,3.0,-3.0,-0.5717,-0.8205,-0.866,-0.5,0.0,0.0,SAFE
2017-08-07,Bombay / Santacruz,8,Monsoon,28.9,26.4,32.0,5.6,11.0,1005.0,8.25,8,7.0,19.1167,72.85,0.8,3.8,26.9,0.0,0.8,-0.5857,-0.8105,-0.866,-0.5,0.0,0.0,SAFE
2017-08-08,Bombay / Santacruz,8,Monsoon,29.0,25.6,31.6,6.0,13.4,1005.9,7.35,8,7.0,19.1167,72.85,22.1,22.9,36.0,0.8,21.3,-0.5996,-0.8003,-0.866,-0.5,0.1158,7.6,LOW
2017-08-09,Bombay / Santacruz,8,Monsoon,28.8,26.2,31.6,5.4,13.3,1005.9,7.35,8,7.0,19.1167,72.85,0.3,23.2,34.3,22.1,-21.8,-0.6132,-0.7899,-0.866,-0.5,0.0975,4.3,SAFE
2017-08-10,Bombay / Santacruz,8,Monsoon,28.8,26.4,39.0,12.6,14.5,1006.2,7.05,8,7.0,19.1167,72.85,0.5,22.9,28.7,0.3,0.2,-0.6267,-0.7792,-0.866,-0.5,0.1708,8.1,SAFE
2017-08-11,Bombay / Santacruz,8,Monsoon,29.1,26.5,31.6,5.1,15.2,1007.1,6.15,8,7.0,19.1167,72.85,1.0,1.8,27.7,0.5,0.5,-0.64,-0.7683,-0.866,-0.5,0.0,0.0,SAFE
2017-08-12,Bombay / Santacruz,8,Monsoon,28.8,25.1,31.4,6.3,16.9,1007.8,5.45,8,7.0,19.1167,72.85,5.1,6.6,29.8,1.0,4.1,-0.6532,-0.7572,-0.866,-0.5,0.0,0.0,SAFE
2017-08-13,Bombay / Santacruz,8,Monsoon,28.2,25.4,30.6,5.2,15.3,1008.2,5.05,8,7.0,19.1167,72.85,4.1,10.2,33.9,5.1,-1.0,-0.6661,-0.7459,-0.866,-0.5,0.2832,3.1,LOW
2017-08-14,Bombay / Santacruz,8,Monsoon,26.8,24.5,29.0,4.5,11.1,1009.5,3.75,8,7.0,19.1167,72.85,10.9,20.1,44.0,4.1,6.8,-0.6788,-0.7343,-0.866,-0.5,0.064,1.9,SAFE
2017-08-15,Bombay / Santacruz,8,Monsoon,27.6,23.7,29.0,5.3,8.0,1009.1,4.15,8,7.0,19.1167,72.85,54.1,69.1,76.0,10.9,43.2,-0.6914,-0.7225,-0.866,-0.5,0.393,34.8,LOW
2017-08-16,Bombay / Santacruz,8,Monsoon,28.7,24.6,31.0,6.4,12.4,1007.4,5.85,8,7.0,19.1167,72.85,5.1,70.1,80.8,54.1,-49.0,-0.7037,-0.7105,-0.866,-0.5,0.0825,7.6,SAFE
2017-08-17,Bombay / Santacruz,8,Monsoon,29.3,26.0,32.0,6.0,13.8,1005.4,7.85,8,7.0,19.1167,72.85,0.3,59.5,80.6,5.1,-4.8,-0.7158,-0.6983,-0.866,-0.5,0.4207,8.3,LOW
2017-08-18,Bombay / Santacruz,8,Monsoon,29.3,26.0,31.0,5.0,14.4,1004.0,9.25,8,7.0,19.1167,72.85,0.5,5.9,80.1,0.3,0.2,-0.7277,-0.6859,-0.866,-0.5,0.0834,3.7,SAFE
2017-08-19,Bombay / Santacruz,8,Monsoon,27.3,25.6,29.0,3.4,9.5,1004.2,9.05,8,7.0,19.1167,72.85,4.1,4.9,79.1,0.5,3.6,-0.7394,-0.6733,-0.866,-0.5,0.0,0.0,SAFE
2017-08-20,Bombay / Santacruz,8,Monsoon,24.6,22.6,28.0,5.4,12.1,1003.2,10.05,8,7.0,19.1167,72.85,54.1,58.7,129.1,4.1,50.0,-0.7509,-0.6605,-0.866,-0.5,0.4959,6.5,MODERATE
2017-08-21,Bombay / Santacruz,8,Monsoon,25.5,21.8,28.0,6.2,8.4,1001.7,11.55,8,7.0,19.1167,72.85,119.9,178.1,238.1,54.1,65.8,-0.7621,-0.6474,-0.866,-0.5,0.9941,41.6,HIGH
2017-08-22,Bombay / Santacruz,8,Monsoon,27.7,22.2,31.0,8.8,11.7,1003.1,10.15,8,7.0,19.1167,72.85,14.0,188.0,198.0,119.9,-105.9,-0.7731,-0.6342,-0.866,-0.5,0.379,32.5,LOW
2017-08-23,Bombay / Santacruz,8,Monsoon,28.4,26.4,31.0,4.6,11.5,1006.1,7.15,8,7.0,19.1167,72.85,0.0,133.9,192.9,14.0,-14.0,-0.7839,-0.6208,-0.866,-0.5,0.3358,17.0,LOW
2017-08-24,Bombay / Santacruz,8,Monsoon,28.9,25.6,31.0,5.4,14.0,1006.5,6.75,8,7.0,19.1167,72.85,15.0,29.0,207.6,0.0,15.0,-0.7945,-0.6073,-0.866,-0.5,0.0785,2.1,SAFE
2017-08-25,Bombay / Santacruz,8,Monsoon,26.9,25.0,29.0,4.0,14.4,1004.8,8.45,8,7.0,19.1167,72.85,3.0,18.0,210.1,15.0,-12.0,-0.8048,-0.5935,-0.866,-0.5,0.0369,7.1,SAFE
2017-08-26,Bombay / Santacruz,8,Monsoon,27.5,24.2,29.0,4.8,12.2,1002.7,10.55,8,7.0,19.1167,72.85,89.9,107.9,295.9,3.0,86.9,-0.8149,-0.5796,-0.866,-0.5,0.4469,31.6,MODERATE
2017-08-27,Bombay / Santacruz,8,Monsoon,28.0,26.4,30.0,3.6,13.4,1001.8,11.45,8,7.0,19.1167,72.85,31.0,123.9,272.8,89.9,-58.9,-0.8248,-0.5655,-0.866,-0.5,0.2485,21.4,LOW
2017-08-28,Bombay / Santacruz,8,Monsoon,27.1,24.2,29.0,4.8,9.8,1000.0,13.25,8,7.0,19.1167,72.85,59.9,180.8,212.8,31.0,28.9,-0.8344,-0.5512,-0.866,-0.5,0.8072,20.8,MODERATE
2017-08-29,Bombay / Santacruz,8,Monsoon,25.8,24.1,27.0,2.9,23.1,997.7,15.55,8,7.0,19.1167,72.85,87.9,178.8,286.7,59.9,28.0,-0.8437,-0.5368,-0.866,-0.5,0.9267,18.4,HIGH
2017-08-30,Bombay / Santacruz,8,Monsoon,27.6,23.2,30.4,7.2,16.1,1002.2,11.05,8,7.0,19.1167,72.85,331.0,478.8,617.7,87.9,243.1,-0.8528,-0.5222,-0.866,-0.5,1.0,123.5,CRITICAL
2017-08-31,Bombay / Santacruz,8,Monsoon,28.6,25.8,32.0,6.2,15.1,1006.3,6.95,8,7.0,19.1167,72.85,8.9,427.8,611.6,331.0,-322.1,-0.8617,-0.5074,-0.866,-0.5,0.9075,35.3,MODERATE
2017-09-01,Bombay / Santacruz,9,Monsoon,27.9,26.0,31.0,5.0,12.5,1007.7,5.55,8,7.0,19.1167,72.85,0.0,339.9,608.6,8.9,-8.9,-0.8703,-0.4925,-1.0,-0.0,0.5397,36.6,LOW
2017-09-02,Bombay / Santacruz,9,Monsoon,27.8,26.0,31.0,5.0,11.2,1007.3,5.95,8,7.0,19.1167,72.85,7.9,16.8,526.6,0.0,7.9,-0.8786,-0.4775,-1.0,-0.0,0.0858,0.9,SAFE
2017-09-03,Bombay / Santacruz,9,Monsoon,27.6,25.0,30.2,5.2,9.2,1007.8,5.45,8,7.0,19.1167,72.85,13.0,20.9,508.6,7.9,5.1,-0.8867,-0.4623,-1.0,-0.0,0.149,0.0,LOW
2017-09-04,Bombay / Santacruz,9,Monsoon,29.0,25.5,31.4,5.9,9.7,1009.2,4.05,8,7.0,19.1167,72.85,1.0,21.9,449.7,13.0,-12.0,-0.8945,-0.447,-1.0,-0.0,0.0714,3.9,SAFE
2017-09-05,Bombay / Santacruz,9,Monsoon,28.9,25.3,31.4,6.1,9.8,1009.2,4.05,8,7.0,19.1167,72.85,0.0,14.0,361.8,1.0,-1.0,-0.9021,-0.4315,-1.0,-0.0,0.0451,2.2,SAFE
2017-09-06,Bombay / Santacruz,9,Monsoon,28.9,25.6,31.4,5.8,8.8,1008.0,5.25,8,7.0,19.1167,72.85,0.0,1.0,30.8,0.0,0.0,-0.9094,-0.4159,-1.0,-0.0,0.0,0.0,SAFE
2017-09-07,Bombay / Santacruz,9,Monsoon,29.4,25.0,32.0,7.0,9.5,1007.0,6.25,8,7.0,19.1167,72.85,0.0,0.0,21.9,0.0,0.0,-0.9164,-0.4002,-1.0,-0.0,0.0,0.0,SAFE
2017-09-08,Bombay / Santacruz,9,Monsoon,29.2,27.0,32.4,5.4,10.5,1006.7,6.55,8,7.0,19.1167,72.85,0.0,0.0,21.9,0.0,0.0,-0.9232,-0.3844,-1.0,-0.0,0.0,0.0,SAFE
2017-09-09,Bombay / Santacruz,9,Monsoon,29.1,26.4,31.0,4.6,10.3,1005.8,7.45,8,7.0,19.1167,72.85,0.0,0.0,14.0,0.0,0.0,-0.9296,-0.3685,-1.0,-0.0,0.0,0.0,SAFE
2017-09-10,Bombay / Santacruz,9,Monsoon,29.4,26.4,31.8,5.4,8.9,1006.0,7.25,8,7.0,19.1167,72.85,0.0,0.0,1.0,0.0,0.0,-0.9358,-0.3524,-1.0,-0.0,0.0,0.0,SAFE
2017-09-11,Bombay / Santacruz,9,Monsoon,31.1,27.5,35.0,7.5,10.0,1006.4,6.85,8,7.0,19.1167,72.85,0.0,0.0,0.0,0.0,0.0,-0.9418,-0.3363,-1.0,-0.0,0.0,0.0,SAFE
2017-09-12,Bombay / Santacruz,9,Monsoon,31.1,27.8,35.0,7.2,8.2,1006.9,6.35,8,7.0,19.1167,72.85,0.3,0.3,0.3,0.0,0.3,-0.9474,-0.32,-1.0,-0.0,0.0,0.0,SAFE
2017-09-13,Bombay / Santacruz,9,Monsoon,28.5,23.6,31.0,7.4,8.6,1006.9,6.35,8,7.0,19.1167,72.85,103.1,103.4,103.4,0.3,102.8,-0.9528,-0.3037,-1.0,-0.0,0.7329,17.7,HIGH
2017-09-14,Bombay / Santacruz,9,Monsoon,29.1,25.0,32.4,7.4,7.3,1007.3,5.95,8,7.0,19.1167,72.85,0.5,103.9,103.9,103.1,-102.6,-0.9579,-0.2873,-1.0,-0.0,0.187,7.3,SAFE
2017-09-15,Bombay / Santacruz,9,Monsoon,28.1,24.0,31.4,7.4,7.2,1006.8,6.45,8,7.0,19.1167,72.85,64.0,167.6,167.9,0.5,63.5,-0.9627,-0.2707,-1.0,-0.0,0.6272,46.1,MODERATE
2017-09-16,Bombay / Santacruz,9,Monsoon,27.8,26.0,31.0,5.0,7.9,1005.7,7.55,8,7.0,19.1167,72.85,4.1,68.6,172.0,64.0,-59.9,-0.9672,-0.2541,-1.0,-0.0,0.1684,6.2,SAFE
2017-09-17,Bombay / Santacruz,9,Monsoon,27.2,25.0,29.0,4.0,8.7,1005.6,7.65,8,7.0,19.1167,72.85,32.0,100.1,204.0,4.1,27.9,-0.9714,-0.2375,-1.0,-0.0,0.6281,12.7,MODERATE
2017-09-18,Bombay / Santacruz,9,Monsoon,28.5,25.4,31.4,6.0,11.5,1004.7,8.55,8,7.0,19.1167,72.85,1.0,37.1,205.0,32.0,-31.0,-0.9753,-0.2207,-1.0,-0.0,0.0,0.6,SAFE
2017-09-19,Bombay / Santacruz,9,Monsoon,27.2,24.6,31.0,6.4,11.5,1003.6,9.65,8,7.0,19.1167,72.85,0.0,33.0,204.7,1.0,-1.0,-0.979,-0.2039,-1.0,-0.0,0.0,17.6,SAFE
2017-09-20,Bombay / Santacruz,9,Monsoon,24.9,23.8,27.0,3.2,12.5,1005.0,8.25,8,7.0,19.1167,72.85,304.0,305.0,405.6,0.0,304.0,-0.9824,-0.187,-1.0,-0.0,1.0,149.9,CRITICAL
2017-09-21,Bombay / Santacruz,9,Monsoon,26.8,24.0,29.0,5.0,10.0,1005.6,7.65,8,7.0,19.1167,72.85,63.0,367.0,468.1,304.0,-241.0,-0.9854,-0.1701,-1.0,-0.0,0.8726,38.1,MODERATE
2017-09-22,Bombay / Santacruz,9,Monsoon,27.7,24.5,31.0,6.5,9.9,1007.6,5.65,8,7.0,19.1167,72.85,0.3,367.3,404.4,63.0,-62.7,-0.9882,-0.1531,-1.0,-0.0,0.6323,47.7,LOW
2017-09-23,Bombay / Santacruz,9,Monsoon,28.6,25.5,31.0,5.5,10.0,1006.9,6.35,8,7.0,19.1167,72.85,0.0,63.3,400.3,0.3,-0.3,-0.9907,-0.1361,-1.0,-0.0,0.2029,9.2,SAFE
2017-09-24,Bombay / Santacruz,9,Monsoon,28.7,25.7,31.0,5.3,10.0,1006.9,6.35,8,7.0,19.1167,72.85,0.0,0.3,368.3,0.0,0.0,-0.9929,-0.1191,-1.0,-0.0,0.0,0.0,SAFE
2017-09-25,Bombay / Santacruz,9,Monsoon,28.9,25.7,31.0,5.3,10.0,1006.9,6.35,8,7.0,19.1167,72.85,0.0,0.0,367.3,0.0,0.0,-0.9948,-0.102,-1.0,-0.0,0.0,0.0,SAFE
2017-09-26,Bombay / Santacruz,9,Monsoon,29.1,24.5,31.0,6.5,10.0,1006.9,6.35,8,7.0,19.1167,72.85,0.0,0.0,367.3,0.0,0.0,-0.9964,-0.0848,-1.0,-0.0,0.0,0.0,SAFE
2017-09-27,Bombay / Santacruz,9,Monsoon,30.0,26.6,34.0,7.4,10.5,1006.9,6.35,8,7.0,19.1167,72.85,0.0,0.0,63.3,0.0,0.0,-0.9977,-0.0677,-1.0,-0.0,0.0,0.0,SAFE
2017-09-28,Bombay / Santacruz,9,Monsoon,30.1,27.4,33.0,5.6,9.6,1007.2,6.05,8,7.0,19.1167,72.85,0.0,0.0,0.3,0.0,0.0,-0.9987,-0.0505,-1.0,-0.0,0.0,0.0,SAFE
2017-09-29,Bombay / Santacruz,9,Monsoon,28.7,26.0,31.2,5.2,9.9,1007.2,6.05,8,7.0,19.1167,72.85,0.5,0.5,0.5,0.0,0.5,-0.9994,-0.0333,-1.0,-0.0,0.0,0.0,SAFE
2017-09-30,Bombay / Santacruz,9,Monsoon,29.8,25.4,33.0,7.6,8.3,1006.9,6.35,8,7.0,19.1167,72.85,3.0,3.5,3.5,0.5,2.5,-0.9999,-0.0161,-1.0,-0.0,0.1673,11.7,SAFE
2018-07-01,Bombay / Santacruz,7,Monsoon,28.9,23.7,32.6,8.9,14.5,1005.0,8.25,8,7.0,19.1167,72.85,2.0,5.5,5.5,3.0,-1.0,0.0108,-0.9999,-0.5,-0.866,0.059,0.0,SAFE
2018-07-02,Bombay / Santacruz,7,Monsoon,27.3,25.0,30.0,5.0,15.3,1004.4,8.85,8,7.0,19.1167,72.85,0.5,5.5,6.0,2.0,-1.5,-0.0065,-1.0,-0.5,-0.866,0.0,6.8,SAFE
2018-07-03,Bombay / Santacruz,7,Monsoon,26.6,22.3,28.0,5.7,9.2,1004.6,8.65,8,7.0,19.1167,72.85,131.1,133.6,137.1,0.5,130.6,-0.0237,-0.9997,-0.5,-0.866,0.8433,14.8,HIGH
2018-07-04,Bombay / Santacruz,7,Monsoon,28.0,23.2,30.6,7.4,16.8,1004.5,8.75,8,7.0,19.1167,72.85,118.1,249.7,255.2,131.1,-13.0,-0.0408,-0.9992,-0.5,-0.866,0.9495,56.6,HIGH
2018-07-05,Bombay / Santacruz,7,Monsoon,29.1,23.6,31.0,7.4,16.4,1004.8,8.45,8,7.0,19.1167,72.85,42.9,292.1,298.1,118.1,-75.2,-0.058,-0.9983,-0.5,-0.866,0.7681,68.5,MODERATE
2018-07-06,Bombay / Santacruz,7,Monsoon,29.2,24.2,31.2,7.0,15.5,1004.8,8.45,8,7.0,19.1167,72.85,17.0,178.0,314.6,42.9,-25.9,-0.0752,-0.9972,-0.5,-0.866,0.4257,23.5,LOW
2018-07-07,Bombay / Santacruz,7,Monsoon,27.6,25.0,29.0,4.0,15.1,1003.7,9.55,8,7.0,19.1167,72.85,6.1,66.0,317.7,17.0,-10.9,-0.0923,-0.9957,-0.5,-0.866,0.0372,12.3,SAFE
2018-07-08,Bombay / Santacruz,7,Monsoon,25.5,22.6,28.0,5.4,11.6,1003.1,10.15,8,7.0,19.1167,72.85,131.1,154.2,446.8,6.1,125.0,-0.1094,-0.994,-0.5,-0.866,0.8877,48.2,HIGH
2018-07-09,Bombay / Santacruz,7,Monsoon,25.6,22.2,28.0,5.8,9.6,1002.7,10.55,8,7.0,19.1167,72.85,121.9,259.1,568.2,131.1,-9.2,-0.1265,-0.992,-0.5,-0.866,1.0,62.5,HIGH
2018-07-10,Bombay / Santacruz,7,Monsoon,26.9,22.4,28.0,5.6,15.0,1002.7,10.55,8,7.0,19.1167,72.85,183.9,436.9,621.0,121.9,62.0,-0.1436,-0.9896,-0.5,-0.866,1.0,104.8,HIGH
2018-07-11,Bombay / Santacruz,7,Monsoon,28.8,25.2,31.0,5.8,16.5,1002.9,10.35,8,7.0,19.1167,72.85,114.0,419.8,616.9,183.9,-69.9,-0.1606,-0.987,-0.5,-0.866,1.0,45.1,HIGH
2018-07-12,Bombay / Santacruz,7,Monsoon,28.9,28.0,30.0,2.0,17.9,1002.1,11.15,8,7.0,19.1167,72.85,5.1,303.0,579.1,114.0,-108.9,-0.1775,-0.9841,-0.5,-0.866,0.5669,35.3,LOW
2018-07-13,Bombay / Santacruz,7,Monsoon,28.2,26.0,30.4,4.4,17.1,1001.4,11.85,8,7.0,19.1167,72.85,3.0,122.1,565.1,5.1,-2.1,-0.1944,-0.9809,-0.5,-0.866,0.4156,20.5,LOW
2018-07-14,Bombay / Santacruz,7,Monsoon,28.1,26.0,29.2,3.2,19.2,1000.7,12.55,8,7.0,19.1167,72.85,16.0,24.1,575.0,3.0,13.0,-0.2113,-0.9774,-0.5,-0.866,0.1876,10.0,LOW
2018-07-15,Bombay / Santacruz,7,Monsoon,27.3,25.6,29.0,3.4,19.8,999.3,13.95,8,7.0,19.1167,72.85,38.1,57.1,482.0,16.0,22.1,-0.2281,-0.9736,-0.5,-0.866,0.2823,12.2,LOW
2018-07-16,Bombay / Santacruz,7,Monsoon,27.7,25.0,29.0,4.0,22.8,1000.2,13.05,8,7.0,19.1167,72.85,95.0,149.1,455.1,38.1,56.9,-0.2448,-0.9696,-0.5,-0.866,0.6492,36.3,MODERATE
2018-07-17,Bombay / Santacruz,7,Monsoon,27.8,26.0,29.4,3.4,19.8,1001.4,11.85,8,7.0,19.1167,72.85,38.1,171.2,309.3,95.0,-56.9,-0.2614,-0.9652,-0.5,-0.866,0.5202,30.0,LOW
2018-07-18,Bombay / Santacruz,7,Monsoon,28.4,25.8,31.0,5.2,18.5,1002.9,10.35,8,7.0,19.1167,72.85,9.9,143.0,205.2,38.1,-28.2,-0.278,-0.9606,-0.5,-0.866,0.0544,12.6,SAFE
2018-07-19,Bombay / Santacruz,7,Monsoon,28.4,26.1,31.2,5.1,17.8,1003.4,9.85,8,7.0,19.1167,72.85,2.0,50.0,202.1,9.9,-7.9,-0.2945,-0.9557,-0.5,-0.866,0.1123,0.9,SAFE
2018-07-20,Bombay / Santacruz,7,Monsoon,27.7,25.3,29.4,4.1,16.4,1003.1,10.15,8,7.0,19.1167,72.85,5.1,17.0,204.2,2.0,3.1,-0.3109,-0.9505,-0.5,-0.866,0.0761,0.0,SAFE
2018-07-21,Bombay / Santacruz,7,Monsoon,27.9,25.0,30.0,5.0,17.8,1004.0,9.25,8,7.0,19.1167,72.85,18.0,25.1,206.2,5.1,12.9,-0.3272,-0.945,-0.5,-0.866,0.031,5.1,SAFE
2018-07-22,Bombay / Santacruz,7,Monsoon,28.0,25.8,29.4,3.6,20.4,1004.2,9.05,8,7.0,19.1167,72.85,0.0,23.1,168.1,18.0,-18.0,-0.3434,-0.9392,-0.5,-0.866,0.0,0.0,SAFE
2018-07-23,Bombay / Santacruz,7,Monsoon,28.0,27.0,29.4,2.4,16.0,1003.5,9.75,8,7.0,19.1167,72.85,0.0,18.0,73.1,0.0,0.0,-0.3595,-0.9332,-0.5,-0.866,0.1587,0.0,SAFE
2018-07-24,Bombay / Santacruz,7,Monsoon,28.1,26.2,30.0,3.8,16.8,1005.0,8.25,8,7.0,19.1167,72.85,4.1,4.1,39.1,0.0,4.1,-0.3755,-0.9268,-0.5,-0.866,0.0975,11.4,SAFE
2018-07-25,Bombay / Santacruz,7,Monsoon,28.5,26.6,31.0,4.4,16.8,1005.8,7.45,8,7.0,19.1167,72.85,1.0,5.1,30.2,4.1,-3.1,-0.3914,-0.9202,-0.5,-0.866,0.07,7.3,SAFE
2018-07-26,Bombay / Santacruz,7,Monsoon,28.1,26.8,29.6,2.8,18.8,1006.3,6.95,8,7.0,19.1167,72.85,1.0,6.1,29.2,1.0,0.0,-0.4071,-0.9134,-0.5,-0.866,0.093,0.0,SAFE
2018-07-27,Bombay / Santacruz,7,Monsoon,27.8,26.0,29.6,3.6,19.7,1005.3,7.95,8,7.0,19.1167,72.85,1.0,3.0,25.1,1.0,0.0,-0.4228,-0.9062,-0.5,-0.866,0.0,0.0,SAFE
2018-07-28,Bombay / Santacruz,7,Monsoon,28.5,26.8,30.4,3.6,17.4,1005.5,7.75,8,7.0,19.1167,72.85,1.0,3.0,8.1,1.0,0.0,-0.4383,-0.8988,-0.5,-0.866,0.0,0.0,SAFE
2018-07-29,Bombay / Santacruz,7,Monsoon,28.5,26.8,30.4,3.6,17.3,1005.6,7.65,8,7.0,19.1167,72.85,0.0,2.0,8.1,1.0,-1.0,-0.4537,-0.8912,-0.5,-0.866,0.0,0.0,SAFE
2018-07-30,Bombay / Santacruz,7,Monsoon,28.7,27.4,31.0,3.6,17.2,1005.2,8.05,8,7.0,19.1167,72.85,0.0,1.0,8.1,0.0,0.0,-0.469,-0.8832,-0.5,-0.866,0.0,0.0,SAFE
2018-07-31,Bombay / Santacruz,7,Monsoon,28.6,27.2,31.4,4.2,18.1,1005.4,7.85,8,7.0,19.1167,72.85,0.0,0.0,4.0,0.0,0.0,-0.4841,-0.875,-0.5,-0.866,0.0,0.0,SAFE
2018-08-01,Bombay / Santacruz,8,Monsoon,28.4,27.0,31.4,4.4,19.5,1005.9,7.35,8,7.0,19.1167,72.85,0.0,0.0,3.0,0.0,0.0,-0.4991,-0.8666,-0.866,-0.5,0.0,0.0,SAFE
2018-08-02,Bombay / Santacruz,8,Monsoon,28.4,27.0,31.0,4.0,17.1,1007.4,5.85,8,7.0,19.1167,72.85,2.0,2.0,4.0,0.0,2.0,-0.5139,-0.8578,-0.866,-0.5,0.0,0.0,SAFE
2018-08-03,Bombay / Santacruz,8,Monsoon,28.2,26.5,30.6,4.1,17.9,1008.4,4.85,8,7.0,19.1167,72.85,3.0,5.0,6.0,2.0,1.0,-0.5286,-0.8489,-0.866,-0.5,0.0,4.4,SAFE
2018-08-04,Bombay / Santacruz,8,Monsoon,27.9,26.8,30.0,3.2,18.1,1007.7,5.55,8,7.0,19.1167,72.85,8.9,13.9,13.9,3.0,5.9,-0.5431,-0.8397,-0.866,-0.5,0.1536,10.2,LOW
2018-08-05,Bombay / Santacruz,8,Monsoon,28.5,26.6,30.2,3.6,18.4,1007.8,5.45,8,7.0,19.1167,72.85,7.9,19.8,21.8,8.9,-1.0,-0.5575,-0.8302,-0.866,-0.5,0.1036,19.3,SAFE
2018-08-06,Bombay / Santacruz,8,Monsoon,27.9,26.2,29.2,3.0,19.0,1006.3,6.95,8,7.0,19.1167,72.85,4.1,20.9,25.9,7.9,-3.8,-0.5717,-0.8205,-0.866,-0.5,0.2638,0.0,LOW
2018-08-07,Bombay / Santacruz,8,Monsoon,28.3,26.6,30.0,3.4,17.3,1004.3,8.95,8,7.0,19.1167,72.85,2.0,14.0,27.9,4.1,-2.1,-0.5857,-0.8105,-0.866,-0.5,0.0413,5.7,SAFE
2018-08-08,Bombay / Santacruz,8,Monsoon,28.4,26.8,30.0,3.2,18.2,1003.3,9.95,8,7.0,19.1167,72.85,0.8,6.9,28.7,2.0,-1.2,-0.5996,-0.8003,-0.866,-0.5,0.0,0.0,SAFE
2018-08-09,Bombay / Santacruz,8,Monsoon,27.7,26.5,29.0,2.5,18.4,1006.3,6.95,8,7.0,19.1167,72.85,2.0,4.8,28.7,0.8,1.2,-0.6132,-0.7899,-0.866,-0.5,0.1579,4.9,SAFE
2018-08-10,Bombay / Santacruz,8,Monsoon,28.1,26.8,30.0,3.2,16.5,1008.3,4.95,8,7.0,19.1167,72.85,4.1,6.9,29.8,2.0,2.1,-0.6267,-0.7792,-0.866,-0.5,0.1747,0.0,SAFE
2018-08-11,Bombay / Santacruz,8,Monsoon,27.8,26.2,29.4,3.2,18.5,1006.9,6.35,8,7.0,19.1167,72.85,15.0,21.1,35.9,4.1,10.9,-0.64,-0.7683,-0.866,-0.5,0.171,0.0,LOW
2018-08-12,Bombay / Santacruz,8,Monsoon,27.2,25.2,29.0,3.8,19.0,1003.9,9.35,8,7.0,19.1167,72.85,14.0,33.1,42.0,15.0,-1.0,-0.6532,-0.7572,-0.866,-0.5,0.2373,5.3,LOW
2018-08-13,Bombay / Santacruz,8,Monsoon,27.5,23.2,28.0,4.8,19.1,1002.6,10.65,8,7.0,19.1167,72.85,10.9,39.9,48.8,14.0,-3.1,-0.6661,-0.7459,-0.866,-0.5,0.1571,8.3,LOW
2018-08-14,Bombay / Santacruz,8,Monsoon,28.2,24.6,30.0,5.4,17.4,1003.7,9.55,8,7.0,19.1167,72.85,6.1,31.0,52.9,10.9,-4.8,-0.6788,-0.7343,-0.866,-0.5,0.1482,0.0,SAFE
2018-08-15,Bombay / Santacruz,8,Monsoon,27.6,22.2,29.0,6.8,16.8,1003.7,9.55,8,7.0,19.1167,72.85,0.5,17.5,52.6,6.1,-5.6,-0.6914,-0.7225,-0.866,-0.5,0.1977,5.5,SAFE
2018-08-16,Bombay / Santacruz,8,Monsoon,27.3,25.0,29.0,4.0,16.1,1003.1,10.15,8,7.0,19.1167,72.85,7.1,13.7,57.7,0.5,6.6,-0.7037,-0.7105,-0.866,-0.5,0.1684,9.0,LOW
2018-08-17,Bombay / Santacruz,8,Monsoon,27.4,23.8,29.0,5.2,18.4,1002.3,10.95,8,7.0,19.1167,72.85,10.9,18.5,64.5,7.1,3.8,-0.7158,-0.6983,-0.866,-0.5,0.1111,9.2,SAFE
2018-08-18,Bombay / Santacruz,8,Monsoon,27.3,24.6,29.2,4.6,17.2,1003.7,9.55,8,7.0,19.1167,72.85,4.1,22.1,53.6,10.9,-6.8,-0.7277,-0.6859,-0.866,-0.5,0.2423,13.2,LOW
2018-08-19,Bombay / Santacruz,8,Monsoon,27.6,25.0,30.0,5.0,16.9,1004.8,8.45,8,7.0,19.1167,72.85,7.9,22.9,47.5,4.1,3.8,-0.7394,-0.6733,-0.866,-0.5,0.0,5.3,SAFE
2018-08-20,Bombay / Santacruz,8,Monsoon,27.2,24.2,29.0,4.8,16.6,1005.1,8.15,8,7.0,19.1167,72.85,16.0,28.0,52.6,7.9,8.1,-0.7509,-0.6605,-0.866,-0.5,0.3841,0.0,LOW
2018-08-21,Bombay / Santacruz,8,Monsoon,26.7,24.6,28.0,3.4,16.4,1005.0,8.25,8,7.0,19.1167,72.85,5.1,29.0,51.6,16.0,-10.9,-0.7621,-0.6474,-0.866,-0.5,0.0,9.9,SAFE
2018-08-22,Bombay / Santacruz,8,Monsoon,26.9,23.8,28.6,4.8,14.8,1006.1,7.15,8,7.0,19.1167,72.85,24.9,46.0,76.0,5.1,19.8,-0.7731,-0.6342,-0.866,-0.5,0.1743,7.1,LOW
2018-08-23,Bombay / Santacruz,8,Monsoon,27.4,25.0,30.0,5.0,15.3,1007.5,5.75,8,7.0,19.1167,72.85,23.1,53.1,92.0,24.9,-1.8,-0.7839,-0.6208,-0.866,-0.5,0.2375,17.4,LOW
2018-08-24,Bombay / Santacruz,8,Monsoon,27.5,24.0,30.2,6.2,13.5,1007.4,5.85,8,7.0,19.1167,72.85,8.9,56.9,90.0,23.1,-14.2,-0.7945,-0.6073,-0.866,-0.5,0.1611,18.6,LOW
2018-08-25,Bombay / Santacruz,8,Monsoon,27.5,24.4,29.0,4.6,16.8,1006.6,6.65,8,7.0,19.1167,72.85,5.1,37.1,91.0,8.9,-3.8,-0.8048,-0.5935,-0.866,-0.5,0.2335,7.4,LOW
2018-08-26,Bombay / Santacruz,8,Monsoon,27.0,23.5,29.4,5.9,14.4,1004.8,8.45,8,7.0,19.1167,72.85,11.9,25.9,95.0,5.1,6.8,-0.8149,-0.5796,-0.866,-0.5,0.0339,0.0,SAFE
2018-08-27,Bombay / Santacruz,8,Monsoon,27.2,25.0,30.4,5.4,12.7,1005.0,8.25,8,7.0,19.1167,72.85,8.9,25.9,87.9,11.9,-3.0,-0.8248,-0.5655,-0.866,-0.5,0.1574,0.3,LOW
2018-08-28,Bombay / Santacruz,8,Monsoon,27.2,23.6,29.0,5.4,10.4,1005.3,7.95,8,7.0,19.1167,72.85,13.0,33.8,95.8,8.9,4.1,-0.8344,-0.5512,-0.866,-0.5,0.1017,12.0,LOW
2018-08-29,Bombay / Santacruz,8,Monsoon,28.1,25.3,30.6,5.3,13.3,1007.0,6.25,8,7.0,19.1167,72.85,0.3,22.2,71.2,13.0,-12.7,-0.8437,-0.5368,-0.866,-0.5,0.1125,2.9,SAFE
2018-08-30,Bombay / Santacruz,8,Monsoon,28.1,25.4,30.0,4.6,14.5,1007.2,6.05,8,7.0,19.1167,72.85,0.0,13.3,48.1,0.3,-0.3,-0.8528,-0.5222,-0.866,-0.5,0.0598,1.2,SAFE
2018-08-31,Bombay / Santacruz,8,Monsoon,28.1,25.0,30.4,5.4,16.0,1007.8,5.45,8,7.0,19.1167,72.85,7.1,7.4,46.3,0.0,7.1,-0.8617,-0.5074,-0.866,-0.5,0.103,6.6,SAFE
2018-09-01,Bombay / Santacruz,9,Monsoon,28.1,25.6,30.6,5.0,16.4,1008.3,4.95,8,7.0,19.1167,72.85,2.0,9.1,43.2,7.1,-5.1,-0.8703,-0.4925,-1.0,-0.0,0.0126,5.9,SAFE
2018-09-02,Bombay / Santacruz,9,Monsoon,27.6,25.0,30.0,5.0,17.9,1008.3,4.95,8,7.0,19.1167,72.85,16.0,25.1,47.3,2.0,14.0,-0.8786,-0.4775,-1.0,-0.0,0.1108,8.0,LOW
2018-09-03,Bombay / Santacruz,9,Monsoon,27.9,24.6,30.0,5.4,16.7,1008.5,4.75,8,7.0,19.1167,72.85,3.0,21.0,41.4,16.0,-13.0,-0.8867,-0.4623,-1.0,-0.0,0.1233,1.7,SAFE
2018-09-04,Bombay / Santacruz,9,Monsoon,28.3,24.6,30.8,6.2,16.5,1009.4,3.85,8,7.0,19.1167,72.85,5.1,24.1,33.5,3.0,2.1,-0.8945,-0.447,-1.0,-0.0,0.2074,1.8,LOW
2018-09-05,Bombay / Santacruz,9,Monsoon,28.2,24.2,30.6,6.4,16.2,1009.1,4.15,8,7.0,19.1167,72.85,0.0,8.1,33.2,5.1,-5.1,-0.9021,-0.4315,-1.0,-0.0,0.0,5.3,SAFE
2018-09-06,Bombay / Santacruz,9,Monsoon,28.2,24.4,30.4,6.0,15.5,1008.1,5.15,8,7.0,19.1167,72.85,0.8,5.9,34.0,0.0,0.8,-0.9094,-0.4159,-1.0,-0.0,0.0,4.0,SAFE
2018-09-07,Bombay / Santacruz,9,Monsoon,27.9,23.6,30.2,6.6,14.3,1007.8,5.45,8,7.0,19.1167,72.85,0.0,0.8,26.9,0.8,-0.8,-0.9164,-0.4002,-1.0,-0.0,0.0,0.0,SAFE
2018-09-08,Bombay / Santacruz,9,Monsoon,28.2,23.9,30.8,6.9,13.5,1008.0,5.25,8,7.0,19.1167,72.85,1.0,1.8,25.9,0.0,1.0,-0.9232,-0.3844,-1.0,-0.0,0.0,0.0,SAFE
2018-09-09,Bombay / Santacruz,9,Monsoon,27.7,23.8,31.0,7.2,11.0,1009.0,4.25,8,7.0,19.1167,72.85,0.5,1.5,10.4,1.0,-0.5,-0.9296,-0.3685,-1.0,-0.0,0.0,0.0,SAFE
2018-09-10,Bombay / Santacruz,9,Monsoon,28.1,23.6,31.0,7.4,10.2,1011.6,1.65,8,7.0,19.1167,72.85,7.9,9.4,15.3,0.5,7.4,-0.9358,-0.3524,-1.0,-0.0,0.0052,0.0,SAFE
2018-09-11,Bombay / Santacruz,9,Monsoon,28.1,23.2,31.2,8.0,9.9,1012.3,0.95,8,7.0,19.1167,72.85,0.0,8.4,10.2,7.9,-7.9,-0.9418,-0.3363,-1.0,-0.0,0.0,0.0,SAFE
2018-09-12,Bombay / Santacruz,9,Monsoon,28.1,23.2,31.0,7.8,12.0,1010.6,2.65,8,7.0,19.1167,72.85,2.0,9.9,12.2,0.0,2.0,-0.9474,-0.32,-1.0,-0.0,0.0156,0.0,SAFE
2018-09-13,Bombay / Santacruz,9,Monsoon,27.6,23.5,31.2,7.7,11.5,1009.3,3.95,8,7.0,19.1167,72.85,0.0,2.0,11.4,2.0,-2.0,-0.9528,-0.3037,-1.0,-0.0,0.0,0.0,SAFE
2018-09-14,Bombay / Santacruz,9,Monsoon,27.4,23.9,30.0,6.1,8.5,1009.7,3.55,8,7.0,19.1167,72.85,8.9,10.9,20.3,0.0,8.9,-0.9579,-0.2873,-1.0,-0.0,0.0992,10.2,SAFE
2018-09-15,Bombay / Santacruz,9,Monsoon,28.3,25.0,32.1,7.1,10.2,1010.3,2.95,8,7.0,19.1167,72.85,0.5,9.4,19.8,8.9,-8.4,-0.9627,-0.2707,-1.0,-0.0,0.0,0.0,SAFE
2018-09-16,Bombay / Santacruz,9,Monsoon,28.4,25.4,30.3,4.9,7.8,1009.1,4.15,8,7.0,19.1167,72.85,1.0,10.4,20.3,0.5,0.5,-0.9672,-0.2541,-1.0,-0.0,0.1451,1.8,SAFE
2018-09-17,Bombay / Santacruz,9,Monsoon,27.8,24.6,32.0,7.4,9.3,1008.4,4.85,8,7.0,19.1167,72.85,0.0,1.5,12.4,1.0,-1.0,-0.9714,-0.2375,-1.0,-0.0,0.0,0.0,SAFE
2018-09-18,Bombay / Santacruz,9,Monsoon,28.8,24.2,31.6,7.4,9.4,1008.7,4.55,8,7.0,19.1167,72.85,0.0,1.0,12.4,0.0,0.0,-0.9753,-0.2207,-1.0,-0.0,0.0,0.0,SAFE
2018-09-19,Bombay / Santacruz,9,Monsoon,27.6,23.4,29.0,5.6,8.6,1008.9,4.35,8,7.0,19.1167,72.85,8.9,8.9,19.3,0.0,8.9,-0.979,-0.2039,-1.0,-0.0,0.1211,0.0,SAFE
2018-09-20,Bombay / Santacruz,9,Monsoon,28.2,25.4,31.1,5.7,8.2,1006.6,6.65,8,7.0,19.1167,72.85,0.0,8.9,19.3,8.9,-8.9,-0.9824,-0.187,-1.0,-0.0,0.0805,0.0,SAFE
2018-09-21,Bombay / Santacruz,9,Monsoon,29.0,25.6,31.8,6.2,10.9,1005.5,7.75,8,7.0,19.1167,72.85,2.0,10.9,12.4,0.0,2.0,-0.9854,-0.1701,-1.0,-0.0,0.0705,0.3,SAFE
2018-09-22,Bombay / Santacruz,9,Monsoon,28.6,28.0,31.4,3.4,13.8,1007.1,6.15,8,7.0,19.1167,72.85,0.3,2.3,12.2,2.0,-1.7,-0.9882,-0.1531,-1.0,-0.0,0.0,0.0,SAFE
2018-09-23,Bombay / Santacruz,9,Monsoon,28.7,26.6,32.4,5.8,11.3,1010.6,2.65,8,7.0,19.1167,72.85,0.0,2.3,11.2,0.3,-0.3,-0.9907,-0.1361,-1.0,-0.0,0.0,0.0,SAFE
2018-09-24,Bombay / Santacruz,9,Monsoon,28.7,25.5,32.0,6.5,10.1,1011.3,1.95,8,7.0,19.1167,72.85,0.0,0.3,11.2,0.0,0.0,-0.9929,-0.1191,-1.0,-0.0,0.0,0.0,SAFE
2018-09-25,Bombay / Santacruz,9,Monsoon,28.9,24.4,31.8,7.4,9.7,1010.7,2.55,8,7.0,19.1167,72.85,0.0,0.0,11.2,0.0,0.0,-0.9948,-0.102,-1.0,-0.0,0.0,0.0,SAFE
2018-09-26,Bombay / Santacruz,9,Monsoon,29.7,24.4,32.0,7.6,10.1,1008.8,4.45,8,7.0,19.1167,72.85,0.0,0.0,2.3,0.0,0.0,-0.9964,-0.0848,-1.0,-0.0,0.0,0.0,SAFE
2018-09-27,Bombay / Santacruz,9,Monsoon,29.6,25.5,33.0,7.5,10.5,1008.4,4.85,8,7.0,19.1167,72.85,0.0,0.0,2.3,0.0,0.0,-0.9977,-0.0677,-1.0,-0.0,0.0,0.0,SAFE
2018-09-28,Bombay / Santacruz,9,Monsoon,29.4,25.0,32.4,7.4,8.6,1008.9,4.35,8,7.0,19.1167,72.85,7.1,7.1,7.4,0.0,7.1,-0.9987,-0.0505,-1.0,-0.0,0.0034,2.8,SAFE
2018-09-29,Bombay / Santacruz,9,Monsoon,30.1,23.4,33.0,9.6,9.6,1009.6,3.65,8,7.0,19.1167,72.85,4.1,11.2,11.2,7.1,-3.0,-0.9994,-0.0333,-1.0,-0.0,0.1538,0.4,SAFE
2018-09-30,Bombay / Santacruz,9,Monsoon,32.0,25.4,36.0,10.6,9.0,1008.8,4.45,8,7.0,19.1167,72.85,0.0,11.2,11.2,4.1,-4.1,-0.9999,-0.0161,-1.0,-0.0,0.2955,2.4,LOW
2019-07-01,Bombay / Santacruz,7,Monsoon,26.3,24.0,28.0,4.0,13.9,1002.5,10.75,8,7.0,19.1167,72.85,91.9,96.0,103.1,0.0,91.9,0.0108,-0.9999,-0.5,-0.866,0.5676,32.2,MODERATE
2019-07-02,Bombay / Santacruz,7,Monsoon,26.6,23.4,28.0,4.6,6.8,1003.6,9.65,8,7.0,19.1167,72.85,374.9,466.8,478.0,91.9,283.0,-0.0065,-1.0,-0.5,-0.866,1.0,131.8,CRITICAL
2019-07-03,Bombay / Santacruz,7,Monsoon,27.4,24.0,30.0,6.0,7.6,1003.8,9.45,8,7.0,19.1167,72.85,34.0,500.8,512.0,374.9,-340.9,-0.0237,-0.9997,-0.5,-0.866,0.7835,36.8,MODERATE
2019-07-04,Bombay / Santacruz,7,Monsoon,28.1,25.0,30.0,5.0,10.0,1003.2,10.05,8,7.0,19.1167,72.85,4.1,413.0,516.1,34.0,-29.9,-0.0408,-0.9992,-0.5,-0.866,0.7343,50.6,LOW
2019-07-05,Bombay / Santacruz,7,Monsoon,28.6,25.6,30.0,4.4,13.7,1001.8,11.45,8,7.0,19.1167,72.85,23.1,61.2,532.1,4.1,19.0,-0.058,-0.9983,-0.5,-0.866,0.161,16.4,LOW
2019-07-06,Bombay / Santacruz,7,Monsoon,28.3,24.0,30.0,6.0,18.2,1000.8,12.45,8,7.0,19.1167,72.85,78.0,105.2,606.0,23.1,54.9,-0.0752,-0.9972,-0.5,-0.866,0.5289,32.5,MODERATE
2019-07-07,Bombay / Santacruz,7,Monsoon,29.2,25.0,30.2,5.2,19.2,1001.7,11.55,8,7.0,19.1167,72.85,40.9,142.0,646.9,78.0,-37.1,-0.0923,-0.9957,-0.5,-0.866,0.3485,17.6,LOW
2019-07-08,Bombay / Santacruz,7,Monsoon,28.2,25.1,29.0,3.9,18.4,1003.1,10.15,8,7.0,19.1167,72.85,31.0,149.9,586.0,40.9,-9.9,-0.1094,-0.994,-0.5,-0.866,0.5034,22.5,LOW
2019-07-09,Bombay / Santacruz,7,Monsoon,28.9,26.0,31.8,5.8,17.5,1002.3,10.95,8,7.0,19.1167,72.85,130.0,201.9,341.1,31.0,99.0,-0.1265,-0.992,-0.5,-0.866,1.0,43.9,HIGH
2019-07-10,Bombay / Santacruz,7,Monsoon,27.3,26.0,29.0,3.0,13.2,1002.6,10.65,8,7.0,19.1167,72.85,7.1,168.1,314.2,130.0,-122.9,-0.1436,-0.9896,-0.5,-0.866,0.3368,14.9,LOW
2019-07-11,Bombay / Santacruz,7,Monsoon,28.6,25.0,31.0,6.0,16.6,1004.9,8.35,8,7.0,19.1167,72.85,50.0,187.1,360.1,7.1,42.9,-0.1606,-0.987,-0.5,-0.866,0.4866,48.8,MODERATE
2019-07-12,Bombay / Santacruz,7,Monsoon,29.3,23.0,32.0,9.0,14.7,1006.2,7.05,8,7.0,19.1167,72.85,24.9,82.0,361.9,50.0,-25.1,-0.1775,-0.9841,-0.5,-0.866,0.4611,17.7,LOW
2019-07-13,Bombay / Santacruz,7,Monsoon,28.6,25.4,30.4,5.0,14.7,1007.2,6.05,8,7.0,19.1167,72.85,4.1,79.0,288.0,24.9,-20.8,-0.1944,-0.9809,-0.5,-0.866,0.1069,2.9,SAFE
2019-07-14,Bombay / Santacruz,7,Monsoon,29.4,25.4,31.0,5.6,14.8,1006.8,6.45,8,7.0,19.1167,72.85,10.9,39.9,258.0,4.1,6.8,-0.2113,-0.9774,-0.5,-0.866,0.0,7.8,SAFE
2019-07-15,Bombay / Santacruz,7,Monsoon,29.6,28.2,31.0,2.8,14.5,1005.6,7.65,8,7.0,19.1167,72.85,3.0,18.0,230.0,10.9,-7.9,-0.2281,-0.9736,-0.5,-0.866,0.1368,0.0,SAFE
2019-07-16,Bombay / Santacruz,7,Monsoon,29.1,26.2,30.2,4.0,13.0,1006.3,6.95,8,7.0,19.1167,72.85,3.0,16.9,103.0,3.0,0.0,-0.2448,-0.9696,-0.5,-0.866,0.0,0.0,SAFE
2019-07-17,Bombay / Santacruz,7,Monsoon,29.5,27.2,32.4,5.2,12.2,1006.1,7.15,8,7.0,19.1167,72.85,4.1,10.1,100.0,3.0,1.1,-0.2614,-0.9652,-0.5,-0.866,0.1861,0.0,LOW
2019-07-18,Bombay / Santacruz,7,Monsoon,29.9,26.6,32.0,5.4,11.7,1004.2,9.05,8,7.0,19.1167,72.85,7.1,14.2,57.1,4.1,3.0,-0.278,-0.9606,-0.5,-0.866,0.0634,13.1,SAFE
2019-07-19,Bombay / Santacruz,7,Monsoon,30.1,26.6,33.4,6.8,11.2,1002.5,10.75,8,7.0,19.1167,72.85,2.0,13.2,34.2,7.1,-5.1,-0.2945,-0.9557,-0.5,-0.866,0.1399,1.2,SAFE
2019-07-20,Bombay / Santacruz,7,Monsoon,28.6,26.2,32.2,6.0,9.1,1001.8,11.45,8,7.0,19.1167,72.85,0.3,9.4,30.4,2.0,-1.7,-0.3109,-0.9505,-0.5,-0.866,0.2094,0.0,SAFE
2019-07-21,Bombay / Santacruz,7,Monsoon,29.2,25.2,32.6,7.4,6.5,1000.3,12.95,8,7.0,19.1167,72.85,6.1,8.4,25.6,0.3,5.8,-0.3272,-0.945,-0.5,-0.866,0.0,0.0,SAFE
2019-07-22,Bombay / Santacruz,7,Monsoon,29.8,25.0,33.4,8.4,12.8,999.7,13.55,8,7.0,19.1167,72.85,16.0,22.4,38.6,6.1,9.9,-0.3434,-0.9392,-0.5,-0.866,0.1008,8.2,LOW
2019-07-23,Bombay / Santacruz,7,Monsoon,28.7,27.8,31.0,3.2,12.0,1000.3,12.95,8,7.0,19.1167,72.85,0.0,22.1,35.6,16.0,-16.0,-0.3595,-0.9332,-0.5,-0.866,0.0719,5.1,SAFE
2019-07-24,Bombay / Santacruz,7,Monsoon,27.4,25.1,29.0,3.9,14.6,1003.3,9.95,8,7.0,19.1167,72.85,84.1,100.1,115.6,0.0,84.1,-0.3755,-0.9268,-0.5,-0.866,0.7788,40.0,MODERATE
2019-07-25,Bombay / Santacruz,7,Monsoon,27.9,24.9,30.0,5.1,14.2,1005.8,7.45,8,7.0,19.1167,72.85,38.1,122.2,146.6,84.1,-46.0,-0.3914,-0.9202,-0.5,-0.866,0.3513,10.8,LOW
2019-07-26,Bombay / Santacruz,7,Monsoon,28.1,26.0,30.8,4.8,17.7,1004.5,8.75,8,7.0,19.1167,72.85,43.9,166.1,188.5,38.1,5.8,-0.4071,-0.9134,-0.5,-0.866,0.4529,41.3,LOW
2019-07-27,Bombay / Santacruz,7,Monsoon,27.8,24.0,30.0,6.0,20.5,1004.5,8.75,8,7.0,19.1167,72.85,218.9,300.9,407.1,43.9,175.0,-0.4228,-0.9062,-0.5,-0.866,1.0,53.5,CRITICAL
2019-07-28,Bombay / Santacruz,7,Monsoon,29.0,24.5,30.0,5.5,17.8,1004.6,8.65,8,7.0,19.1167,72.85,27.9,290.7,428.9,218.9,-191.0,-0.4383,-0.8988,-0.5,-0.866,0.5616,49.7,LOW
2019-07-29,Bombay / Santacruz,7,Monsoon,28.1,26.0,29.0,3.0,18.1,1003.7,9.55,8,7.0,19.1167,72.85,0.5,247.3,413.4,27.9,-27.4,-0.4537,-0.8912,-0.5,-0.866,0.4361,17.7,LOW
2019-07-30,Bombay / Santacruz,7,Monsoon,27.0,24.0,29.0,5.0,16.6,1004.4,8.85,8,7.0,19.1167,72.85,39.1,67.5,452.5,0.5,38.6,-0.469,-0.8832,-0.5,-0.866,0.1805,7.5,LOW
2019-07-31,Bombay / Santacruz,7,Monsoon,28.1,23.4,29.0,5.6,18.7,1005.7,7.55,8,7.0,19.1167,72.85,65.0,104.6,433.4,39.1,25.9,-0.4841,-0.875,-0.5,-0.866,0.7611,14.4,MODERATE
2019-08-01,Bombay / Santacruz,8,Monsoon,28.4,25.4,30.8,5.4,19.2,1004.9,8.35,8,7.0,19.1167,72.85,13.0,117.1,408.3,65.0,-52.0,-0.4991,-0.8666,-0.866,-0.5,0.1458,17.0,LOW
2019-08-02,Bombay / Santacruz,8,Monsoon,26.7,24.2,29.0,4.8,20.6,1003.6,9.65,8,7.0,19.1167,72.85,42.9,120.9,407.3,13.0,29.9,-0.5139,-0.8578,-0.866,-0.5,0.4087,23.7,LOW
2019-08-03,Bombay / Santacruz,8,Monsoon,26.4,24.6,28.0,3.4,17.9,1003.0,10.25,8,7.0,19.1167,72.85,134.1,190.0,322.5,42.9,91.2,-0.5286,-0.8489,-0.866,-0.5,0.9988,62.0,HIGH
2019-08-04,Bombay / Santacruz,8,Monsoon,27.3,25.0,28.0,3.0,20.7,1002.5,10.75,8,7.0,19.1167,72.85,0.0,177.0,294.6,134.1,-134.1,-0.5431,-0.8397,-0.866,-0.5,0.513,29.2,LOW
2019-08-05,Bombay / Santacruz,8,Monsoon,28.3,24.0,29.0,5.0,17.5,1002.2,11.05,8,7.0,19.1167,72.85,62.0,196.1,356.1,0.0,62.0,-0.5575,-0.8302,-0.866,-0.5,0.5117,15.3,MODERATE
2019-08-06,Bombay / Santacruz,8,Monsoon,28.1,24.8,29.0,4.2,19.3,1001.8,11.45,8,7.0,19.1167,72.85,8.9,70.9,325.9,62.0,-53.1,-0.5717,-0.8205,-0.866,-0.5,0.4058,13.0,LOW
2019-08-07,Bombay / Santacruz,8,Monsoon,28.1,25.4,29.0,3.6,19.1,1000.9,12.35,8,7.0,19.1167,72.85,7.9,78.8,268.8,8.9,-1.0,-0.5857,-0.8105,-0.866,-0.5,0.2839,2.7,LOW
2019-08-08,Bombay / Santacruz,8,Monsoon,28.3,26.2,29.0,2.8,18.7,1000.1,13.15,8,7.0,19.1167,72.85,1.0,17.8,256.8,7.9,-6.9,-0.5996,-0.8003,-0.866,-0.5,0.1222,8.7,SAFE
2019-08-09,Bombay / Santacruz,8,Monsoon,28.1,26.0,29.0,3.0,19.5,1000.1,13.15,8,7.0,19.1167,72.85,4.1,13.0,218.0,1.0,3.1,-0.6132,-0.7899,-0.866,-0.5,0.0,0.0,SAFE
2019-08-10,Bombay / Santacruz,8,Monsoon,28.6,26.6,29.8,3.2,21.8,1001.5,11.75,8,7.0,19.1167,72.85,3.0,8.1,86.9,4.1,-1.1,-0.6267,-0.7792,-0.866,-0.5,0.1338,0.0,SAFE
2019-08-11,Bombay / Santacruz,8,Monsoon,28.4,25.6,30.6,5.0,19.4,1004.0,9.25,8,7.0,19.1167,72.85,5.1,12.2,92.0,3.0,2.1,-0.64,-0.7683,-0.866,-0.5,0.0145,11.4,SAFE
2019-08-12,Bombay / Santacruz,8,Monsoon,28.4,24.8,31.2,6.4,16.7,1004.9,8.35,8,7.0,19.1167,72.85,6.1,14.2,36.1,5.1,1.0,-0.6532,-0.7572,-0.866,-0.5,0.2315,0.0,LOW
2019-08-13,Bombay / Santacruz,8,Monsoon,28.3,26.0,30.0,4.0,14.0,1005.1,8.15,8,7.0,19.1167,72.85,1.0,12.2,28.2,6.1,-5.1,-0.6661,-0.7459,-0.866,-0.5,0.0,0.0,SAFE
2019-08-14,Bombay / Santacruz,8,Monsoon,28.2,26.0,30.0,4.0,12.8,1005.8,7.45,8,7.0,19.1167,72.85,3.0,10.1,23.3,1.0,2.0,-0.6788,-0.7343,-0.866,-0.5,0.0649,0.0,SAFE
2019-08-15,Bombay / Santacruz,8,Monsoon,28.3,25.2,30.6,5.4,16.1,1006.5,6.75,8,7.0,19.1167,72.85,7.9,11.9,30.2,3.0,4.9,-0.6914,-0.7225,-0.866,-0.5,0.0457,2.8,SAFE
2019-08-16,Bombay / Santacruz,8,Monsoon,28.4,25.2,30.4,5.2,17.8,1006.2,7.05,8,7.0,19.1167,72.85,6.1,17.0,32.2,7.9,-1.8,-0.7037,-0.7105,-0.866,-0.5,0.0,4.4,SAFE
2019-08-17,Bombay / Santacruz,8,Monsoon,28.5,25.8,31.0,5.2,16.7,1006.1,7.15,8,7.0,19.1167,72.85,5.1,19.1,34.3,6.1,-1.0,-0.7158,-0.6983,-0.866,-0.5,0.1787,7.4,LOW
2019-08-18,Bombay / Santacruz,8,Monsoon,28.6,25.6,31.0,5.4,12.9,1007.6,5.65,8,7.0,19.1167,72.85,4.1,15.3,33.3,5.1,-1.0,-0.7277,-0.6859,-0.866,-0.5,0.1463,16.6,SAFE
2019-08-19,Bombay / Santacruz,8,Monsoon,28.6,25.8,30.2,4.4,12.4,1008.9,4.35,8,7.0,19.1167,72.85,2.0,11.2,29.2,4.1,-2.1,-0.7394,-0.6733,-0.866,-0.5,0.2004,0.0,SAFE
2019-08-20,Bombay / Santacruz,8,Monsoon,29.1,25.5,31.4,5.9,12.0,1008.9,4.35,8,7.0,19.1167,72.85,1.0,7.1,29.2,2.0,-1.0,-0.7509,-0.6605,-0.866,-0.5,0.0,3.5,SAFE
2019-08-21,Bombay / Santacruz,8,Monsoon,28.8,26.0,31.0,5.0,14.8,1008.0,5.25,8,7.0,19.1167,72.85,6.1,9.1,32.3,1.0,5.1,-0.7621,-0.6474,-0.866,-0.5,0.2026,0.0,LOW
2019-08-22,Bombay / Santacruz,8,Monsoon,28.9,27.0,31.0,4.0,14.3,1007.3,5.95,8,7.0,19.1167,72.85,1.0,8.1,25.4,6.1,-5.1,-0.7731,-0.6342,-0.866,-0.5,0.3269,0.0,LOW
2019-08-23,Bombay / Santacruz,8,Monsoon,28.9,26.4,31.6,5.2,12.9,1007.2,6.05,8,7.0,19.1167,72.85,2.0,9.1,21.3,1.0,1.0,-0.7839,-0.6208,-0.866,-0.5,0.0229,0.0,SAFE
2019-08-24,Bombay / Santacruz,8,Monsoon,28.6,25.4,31.2,5.8,13.8,1006.8,6.45,8,7.0,19.1167,72.85,1.0,4.0,17.2,2.0,-1.0,-0.7945,-0.6073,-0.866,-0.5,0.0,0.0,SAFE
2019-08-25,Bombay / Santacruz,8,Monsoon,27.8,25.0,30.2,5.2,10.1,1005.8,7.45,8,7.0,19.1167,72.85,10.9,13.9,24.0,1.0,9.9,-0.8048,-0.5935,-0.866,-0.5,0.0944,11.7,SAFE
2019-08-26,Bombay / Santacruz,8,Monsoon,28.4,24.6,31.0,6.4,11.6,1005.6,7.65,8,7.0,19.1167,72.85,7.1,19.0,29.1,10.9,-3.8,-0.8149,-0.5796,-0.866,-0.5,0.0,8.8,SAFE
2019-08-27,Bombay / Santacruz,8,Monsoon,28.6,25.8,31.2,5.4,12.5,1004.5,8.75,8,7.0,19.1167,72.85,0.0,18.0,28.1,7.1,-7.1,-0.8248,-0.5655,-0.866,-0.5,0.0416,2.6,SAFE
2019-08-28,Bombay / Santacruz,8,Monsoon,28.5,25.0,31.4,6.4,12.2,1004.6,8.65,8,7.0,19.1167,72.85,6.1,13.2,28.1,0.0,6.1,-0.8344,-0.5512,-0.866,-0.5,0.207,8.5,LOW
2019-08-29,Bombay / Santacruz,8,Monsoon,28.7,25.4,32.4,7.0,11.7,1005.1,8.15,8,7.0,19.1167,72.85,3.0,9.1,30.1,6.1,-3.1,-0.8437,-0.5368,-0.866,-0.5,0.0,0.0,SAFE
2019-08-30,Bombay / Santacruz,8,Monsoon,28.3,25.2,30.0,4.8,12.7,1003.6,9.65,8,7.0,19.1167,72.85,3.0,12.1,31.1,3.0,0.0,-0.8528,-0.5222,-0.866,-0.5,0.0168,0.0,SAFE
2019-08-31,Bombay / Santacruz,8,Monsoon,27.9,25.7,29.2,3.5,15.4,1002.1,11.15,8,7.0,19.1167,72.85,13.0,19.0,43.1,3.0,10.0,-0.8617,-0.5074,-0.866,-0.5,0.2025,0.0,LOW
2019-09-01,Bombay / Santacruz,9,Monsoon,27.2,25.4,28.0,2.6,12.2,1003.3,9.95,8,7.0,19.1167,72.85,16.0,32.0,48.2,13.0,3.0,-0.8703,-0.4925,-1.0,-0.0,0.175,4.4,LOW
2019-09-02,Bombay / Santacruz,9,Monsoon,27.8,24.9,31.2,6.3,11.5,1004.7,8.55,8,7.0,19.1167,72.85,17.0,46.0,58.1,16.0,1.0,-0.8786,-0.4775,-1.0,-0.0,0.2621,8.6,LOW
2019-09-03,Bombay / Santacruz,9,Monsoon,26.4,24.6,29.0,4.4,14.5,1004.1,9.15,8,7.0,19.1167,72.85,131.1,164.1,189.2,17.0,114.1,-0.8867,-0.4623,-1.0,-0.0,0.9733,40.5,HIGH
2019-09-04,Bombay / Santacruz,9,Monsoon,25.9,24.0,27.0,3.0,15.1,1002.9,10.35,8,7.0,19.1167,72.85,118.1,266.2,301.2,131.1,-13.0,-0.8945,-0.447,-1.0,-0.0,1.0,58.2,HIGH
2019-09-05,Bombay / Santacruz,9,Monsoon,27.0,24.2,29.0,4.8,14.5,1001.7,11.55,8,7.0,19.1167,72.85,242.1,491.3,540.3,118.1,124.0,-0.9021,-0.4315,-1.0,-0.0,1.0,69.8,CRITICAL
2019-09-06,Bombay / Santacruz,9,Monsoon,27.3,24.8,29.0,4.2,15.5,1002.3,10.95,8,7.0,19.1167,72.85,45.0,405.2,582.3,242.1,-197.1,-0.9094,-0.4159,-1.0,-0.0,0.9038,41.5,MODERATE
2019-09-07,Bombay / Santacruz,9,Monsoon,26.8,24.8,29.0,4.2,15.8,1002.5,10.75,8,7.0,19.1167,72.85,23.1,310.2,592.4,45.0,-21.9,-0.9164,-0.4002,-1.0,-0.0,0.5301,46.7,LOW
2019-09-08,Bombay / Santacruz,9,Monsoon,26.9,23.6,28.8,5.2,13.6,1004.2,9.05,8,7.0,19.1167,72.85,119.1,187.2,695.5,23.1,96.0,-0.9232,-0.3844,-1.0,-0.0,1.0,36.9,HIGH
2019-09-09,Bombay / Santacruz,9,Monsoon,27.1,24.3,29.0,4.7,16.1,1004.2,9.05,8,7.0,19.1167,72.85,25.9,168.1,704.4,119.1,-93.2,-0.9296,-0.3685,-1.0,-0.0,0.3617,18.6,LOW
2019-09-10,Bombay / Santacruz,9,Monsoon,27.7,24.4,30.0,5.6,14.2,1004.3,8.95,8,7.0,19.1167,72.85,54.1,199.1,627.4,25.9,28.2,-0.9358,-0.3524,-1.0,-0.0,0.7343,40.2,MODERATE
2019-09-11,Bombay / Santacruz,9,Monsoon,27.2,24.2,29.2,5.0,11.7,1006.9,6.35,8,7.0,19.1167,72.85,7.1,87.1,516.4,54.1,-47.0,-0.9418,-0.3363,-1.0,-0.0,0.1883,0.0,LOW
2019-09-12,Bombay / Santacruz,9,Monsoon,27.4,26.0,29.0,3.0,14.2,1008.2,5.05,8,7.0,19.1167,72.85,5.1,66.3,279.4,7.1,-2.0,-0.9474,-0.32,-1.0,-0.0,0.1928,4.6,LOW
2019-09-13,Bombay / Santacruz,9,Monsoon,27.2,23.0,29.2,6.2,12.9,1008.7,4.55,8,7.0,19.1167,72.85,40.9,53.1,275.3,5.1,35.8,-0.9528,-0.3037,-1.0,-0.0,0.2788,23.6,LOW
2019-09-14,Bombay / Santacruz,9,Monsoon,28.6,24.6,30.6,6.0,16.6,1008.2,5.05,8,7.0,19.1167,72.85,23.1,69.1,275.3,40.9,-17.8,-0.9579,-0.2873,-1.0,-0.0,0.1591,9.8,LOW
2019-09-15,Bombay / Santacruz,9,Monsoon,26.4,23.5,30.0,6.5,11.0,1009.0,4.25,8,7.0,19.1167,72.85,31.0,95.0,187.2,23.1,7.9,-0.9627,-0.2707,-1.0,-0.0,0.161,10.9,LOW
2019-09-16,Bombay / Santacruz,9,Monsoon,28.3,24.3,29.0,4.7,12.4,1008.0,5.25,8,7.0,19.1167,72.85,8.9,63.0,170.2,31.0,-22.1,-0.9672,-0.2541,-1.0,-0.0,0.0749,10.0,SAFE
2019-09-17,Bombay / Santacruz,9,Monsoon,27.4,26.0,29.4,3.4,11.9,1006.9,6.35,8,7.0,19.1167,72.85,5.1,45.0,121.2,8.9,-3.8,-0.9714,-0.2375,-1.0,-0.0,0.1057,0.0,SAFE
2019-09-18,Bombay / Santacruz,9,Monsoon,27.3,24.6,31.0,6.4,12.2,1006.9,6.35,8,7.0,19.1167,72.85,7.9,21.9,122.0,5.1,2.8,-0.9753,-0.2207,-1.0,-0.0,0.1413,9.9,SAFE
2019-09-19,Bombay / Santacruz,9,Monsoon,27.6,23.6,31.0,7.4,8.0,1005.8,7.45,8,7.0,19.1167,72.85,69.1,82.1,186.0,7.9,61.2,-0.979,-0.2039,-1.0,-0.0,0.6214,20.2,MODERATE
2019-09-20,Bombay / Santacruz,9,Monsoon,27.1,24.7,29.0,4.3,12.1,1005.4,7.85,8,7.0,19.1167,72.85,3.0,80.0,148.1,69.1,-66.1,-0.9824,-0.187,-1.0,-0.0,0.1349,18.6,SAFE
2019-09-21,Bombay / Santacruz,9,Monsoon,27.9,24.6,31.7,7.1,16.5,1005.1,8.15,8,7.0,19.1167,72.85,55.1,127.2,180.1,3.0,52.1,-0.9854,-0.1701,-1.0,-0.0,0.4204,37.2,MODERATE
2019-09-22,Bombay / Santacruz,9,Monsoon,28.7,25.0,33.0,8.0,13.4,1006.9,6.35,8,7.0,19.1167,72.85,0.8,58.9,149.9,55.1,-54.3,-0.9882,-0.1531,-1.0,-0.0,0.0,5.4,SAFE
2019-09-23,Bombay / Santacruz,9,Monsoon,29.1,25.6,32.0,6.4,9.6,1008.7,4.55,8,7.0,19.1167,72.85,0.0,55.9,141.0,0.8,-0.8,-0.9907,-0.1361,-1.0,-0.0,0.1809,2.0,SAFE
2019-09-24,Bombay / Santacruz,9,Monsoon,28.9,25.2,31.0,5.8,9.4,1007.9,5.35,8,7.0,19.1167,72.85,0.5,1.3,136.4,0.0,0.5,-0.9929,-0.1191,-1.0,-0.0,0.0,0.0,SAFE
2019-09-25,Bombay / Santacruz,9,Monsoon,27.7,24.0,30.0,6.0,8.6,1007.2,6.05,8,7.0,19.1167,72.85,30.0,30.5,158.5,0.5,29.5,-0.9948,-0.102,-1.0,-0.0,0.3754,4.4,LOW
2019-09-26,Bombay / Santacruz,9,Monsoon,27.8,25.0,32.0,7.0,10.2,1008.3,4.95,8,7.0,19.1167,72.85,1.0,31.5,90.4,30.0,-29.0,-0.9964,-0.0848,-1.0,-0.0,0.1735,7.4,SAFE
2019-09-27,Bombay / Santacruz,9,Monsoon,27.6,23.8,30.8,7.0,14.7,1011.7,1.55,8,7.0,19.1167,72.85,29.0,60.0,116.4,1.0,28.0,-0.9977,-0.0677,-1.0,-0.0,0.3487,13.0,LOW
2019-09-28,Bombay / Santacruz,9,Monsoon,28.0,24.8,31.0,6.2,12.2,1011.1,2.15,8,7.0,19.1167,72.85,1.0,31.0,62.3,29.0,-28.0,-0.9987,-0.0505,-1.0,-0.0,0.2764,0.0,LOW
2019-09-29,Bombay / Santacruz,9,Monsoon,28.4,25.0,32.2,7.2,13.0,1011.5,1.75,8,7.0,19.1167,72.85,0.3,30.3,61.8,1.0,-0.7,-0.9994,-0.0333,-1.0,-0.0,0.1285,0.9,SAFE
2019-09-30,Bombay / Santacruz,9,Monsoon,28.3,26.0,31.4,5.4,12.1,1011.1,2.15,8,7.0,19.1167,72.85,4.1,5.4,65.9,0.3,3.8,-0.9999,-0.0161,-1.0,-0.0,0.1431,0.0,SAFE
2020-07-01,Bombay / Santacruz,7,Monsoon,28.7,26.0,32.2,6.2,12.4,1003.0,10.25,8,7.0,19.1167,72.85,8.9,13.3,74.3,4.1,4.8,-0.0065,-1.0,-0.5,-0.866,0.0774,4.8,SAFE
2020-07-02,Bombay / Santacruz,7,Monsoon,28.9,25.4,31.6,6.2,11.4,1002.7,10.55,8,7.0,19.1167,72.85,7.1,20.1,51.4,8.9,-1.8,-0.0237,-0.9997,-0.5,-0.866,0.0,0.0,SAFE
2020-07-03,Bombay / Santacruz,7,Monsoon,27.1,26.0,29.0,3.0,9.1,1002.0,11.25,8,7.0,19.1167,72.85,10.9,26.9,61.3,7.1,3.8,-0.0408,-0.9992,-0.5,-0.866,0.0697,9.7,SAFE
2020-07-04,Bombay / Santacruz,7,Monsoon,26.6,25.6,27.2,1.6,13.0,1000.4,12.85,8,7.0,19.1167,72.85,157.0,175.0,189.3,10.9,146.1,-0.058,-0.9983,-0.5,-0.866,1.0,60.3,HIGH
2020-07-05,Bombay / Santacruz,7,Monsoon,28.1,24.8,29.2,4.4,16.2,1000.1,13.15,8,7.0,19.1167,72.85,200.9,368.8,389.2,157.0,43.9,-0.0752,-0.9972,-0.5,-0.866,1.0,136.2,HIGH
2020-07-06,Bombay / Santacruz,7,Monsoon,28.9,25.0,31.0,6.0,19.9,998.5,14.75,8,7.0,19.1167,72.85,116.1,474.0,505.0,200.9,-84.8,-0.0923,-0.9957,-0.5,-0.866,1.0,149.7,HIGH
2020-07-07,Bombay / Santacruz,7,Monsoon,28.5,25.0,31.0,6.0,12.9,999.8,13.45,8,7.0,19.1167,72.85,30.0,347.0,530.9,116.1,-86.1,-0.1094,-0.994,-0.5,-0.866,0.7257,56.2,MODERATE
2020-07-08,Bombay / Santacruz,7,Monsoon,28.9,25.8,31.4,5.6,12.6,1003.1,10.15,8,7.0,19.1167,72.85,57.9,204.0,579.9,30.0,27.9,-0.1265,-0.992,-0.5,-0.866,0.7659,33.7,MODERATE
2020-07-09,Bombay / Santacruz,7,Monsoon,29.1,26.2,31.8,5.6,12.7,1003.5,9.75,8,7.0,19.1167,72.85,20.1,108.0,592.9,57.9,-37.8,-0.1436,-0.9896,-0.5,-0.866,0.2635,14.7,LOW
2020-07-10,Bombay / Santacruz,7,Monsoon,29.7,26.4,32.0,5.6,13.6,1003.8,9.45,8,7.0,19.1167,72.85,6.1,84.1,588.1,20.1,-14.0,-0.1606,-0.987,-0.5,-0.866,0.1706,3.7,LOW
2020-07-11,Bombay / Santacruz,7,Monsoon,29.1,26.8,32.2,5.4,12.2,1003.9,9.35,8,7.0,19.1167,72.85,1.0,27.2,432.1,6.1,-5.1,-0.1775,-0.9841,-0.5,-0.866,0.0,0.0,SAFE
2020-07-12,Bombay / Santacruz,7,Monsoon,26.6,25.0,28.8,3.8,8.9,1004.5,8.75,8,7.0,19.1167,72.85,22.1,29.2,253.3,1.0,21.1,-0.1944,-0.9809,-0.5,-0.866,0.123,9.5,LOW
2020-07-13,Bombay / Santacruz,7,Monsoon,27.2,23.8,29.8,6.0,9.9,1003.5,9.75,8,7.0,19.1167,72.85,70.1,93.2,207.3,22.1,48.0,-0.2113,-0.9774,-0.5,-0.866,0.5923,29.3,MODERATE
2020-07-14,Bombay / Santacruz,7,Monsoon,26.7,25.0,28.4,3.4,8.6,1003.3,9.95,8,7.0,19.1167,72.85,26.9,119.1,204.2,70.1,-43.2,-0.2281,-0.9736,-0.5,-0.866,0.3606,20.0,LOW
2020-07-15,Bombay / Santacruz,7,Monsoon,26.3,24.4,27.2,2.8,6.6,1001.9,11.35,8,7.0,19.1167,72.85,97.0,194.0,243.3,26.9,70.1,-0.2448,-0.9696,-0.5,-0.866,0.9217,55.9,HIGH
2020-07-16,Bombay / Santacruz,7,Monsoon,26.3,24.4,27.0,2.6,10.1,998.9,14.35,8,7.0,19.1167,72.85,191.0,314.9,414.2,97.0,94.0,-0.2614,-0.9652,-0.5,-0.866,1.0,86.1,HIGH
2020-07-17,Bombay / Santacruz,7,Monsoon,26.7,24.6,29.6,5.0,11.0,998.6,14.65,8,7.0,19.1167,72.85,154.9,442.9,563.0,191.0,-36.1,-0.278,-0.9606,-0.5,-0.866,1.0,104.0,HIGH
2020-07-18,Bombay / Santacruz,7,Monsoon,28.5,25.0,32.0,7.0,10.9,1002.2,11.05,8,7.0,19.1167,72.85,54.1,400.0,616.1,154.9,-100.8,-0.2945,-0.9557,-0.5,-0.866,1.0,51.9,MODERATE
2020-07-19,Bombay / Santacruz,7,Monsoon,29.4,25.8,32.4,6.6,11.1,1005.0,8.25,8,7.0,19.1167,72.85,7.9,216.9,601.9,54.1,-46.2,-0.3109,-0.9505,-0.5,-0.866,0.4017,22.6,LOW
2020-07-20,Bombay / Santacruz,7,Monsoon,29.6,26.5,32.6,6.1,9.5,1003.6,9.65,8,7.0,19.1167,72.85,6.1,68.1,537.9,7.9,-1.8,-0.3272,-0.945,-0.5,-0.866,0.3014,5.7,LOW
2020-07-21,Bombay / Santacruz,7,Monsoon,29.4,26.4,33.0,6.6,10.1,1004.1,9.15,8,7.0,19.1167,72.85,4.1,18.1,515.1,6.1,-2.0,-0.3434,-0.9392,-0.5,-0.866,0.0522,0.1,SAFE
2020-07-22,Bombay / Santacruz,7,Monsoon,29.4,26.2,32.2,6.0,9.3,1005.6,7.65,8,7.0,19.1167,72.85,0.0,10.2,418.1,4.1,-4.1,-0.3595,-0.9332,-0.5,-0.866,0.1365,0.0,SAFE
2020-07-23,Bombay / Santacruz,7,Monsoon,28.7,25.4,31.0,5.6,8.5,1004.7,8.55,8,7.0,19.1167,72.85,49.0,53.1,276.1,0.0,49.0,-0.3755,-0.9268,-0.5,-0.866,0.4688,15.4,MODERATE
2020-07-24,Bombay / Santacruz,7,Monsoon,27.8,24.8,29.0,4.2,5.6,1005.6,7.65,8,7.0,19.1167,72.85,18.0,67.0,139.2,49.0,-31.0,-0.3914,-0.9202,-0.5,-0.866,0.2591,14.0,LOW
2020-07-25,Bombay / Santacruz,7,Monsoon,28.7,25.4,32.0,6.6,9.7,1005.8,7.45,8,7.0,19.1167,72.85,9.9,76.9,95.0,18.0,-8.1,-0.4071,-0.9134,-0.5,-0.866,0.0,14.4,SAFE
2020-07-26,Bombay / Santacruz,7,Monsoon,28.2,25.2,32.0,6.8,9.9,1006.7,6.55,8,7.0,19.1167,72.85,8.9,36.8,96.0,9.9,-1.0,-0.4228,-0.9062,-0.5,-0.866,0.1483,6.0,LOW
2020-07-27,Bombay / Santacruz,7,Monsoon,26.9,25.0,29.0,4.0,9.0,1007.6,5.65,8,7.0,19.1167,72.85,101.1,119.9,191.0,8.9,92.2,-0.4383,-0.8988,-0.5,-0.866,0.8612,18.9,HIGH
2020-07-28,Bombay / Santacruz,7,Monsoon,26.5,25.0,28.0,3.0,9.5,1006.4,6.85,8,7.0,19.1167,72.85,29.0,139.0,215.9,101.1,-72.1,-0.4537,-0.8912,-0.5,-0.866,0.4556,28.5,LOW
2020-07-29,Bombay / Santacruz,7,Monsoon,27.8,24.6,30.6,6.0,6.8,1004.0,9.25,8,7.0,19.1167,72.85,8.9,139.0,224.8,29.0,-20.1,-0.469,-0.8832,-0.5,-0.866,0.3465,21.7,LOW
2020-07-30,Bombay / Santacruz,7,Monsoon,27.3,25.0,30.0,5.0,7.3,1003.8,9.45,8,7.0,19.1167,72.85,18.0,55.9,193.8,8.9,9.1,-0.4841,-0.875,-0.5,-0.866,0.0397,5.4,SAFE
2020-07-31,Bombay / Santacruz,7,Monsoon,28.5,25.4,32.0,6.6,7.7,1003.5,9.75,8,7.0,19.1167,72.85,8.9,35.8,184.7,18.0,-9.1,-0.4991,-0.8666,-0.5,-0.866,0.0692,3.2,SAFE
2020-08-01,Bombay / Santacruz,8,Monsoon,28.8,25.6,32.0,6.4,11.0,1003.1,10.15,8,7.0,19.1167,72.85,0.5,27.4,175.3,8.9,-8.4,-0.5139,-0.8578,-0.866,-0.5,0.1335,3.5,SAFE
2020-08-02,Bombay / Santacruz,8,Monsoon,29.0,26.2,33.2,7.0,13.5,1001.9,11.35,8,7.0,19.1167,72.85,0.3,9.7,166.7,0.5,-0.2,-0.5286,-0.8489,-0.866,-0.5,0.1058,9.5,SAFE
2020-08-03,Bombay / Santacruz,8,Monsoon,27.9,26.0,31.6,5.6,13.9,999.8,13.45,8,7.0,19.1167,72.85,3.0,3.8,68.6,0.3,2.7,-0.5431,-0.8397,-0.866,-0.5,0.1949,0.0,LOW
2020-08-04,Bombay / Santacruz,8,Monsoon,27.4,24.8,29.0,4.2,18.6,996.3,16.95,8,7.0,19.1167,72.85,0.0,3.3,39.6,3.0,-3.0,-0.5575,-0.8302,-0.866,-0.5,0.0,0.0,SAFE
2020-08-05,Bombay / Santacruz,8,Monsoon,26.2,24.0,29.0,5.0,18.1,993.6,19.65,8,7.0,19.1167,72.85,84.1,87.1,114.8,0.0,84.1,-0.5717,-0.8205,-0.866,-0.5,0.6404,41.8,MODERATE
2020-08-06,Bombay / Santacruz,8,Monsoon,26.4,23.0,28.0,5.0,19.7,995.2,18.05,8,7.0,19.1167,72.85,16.0,100.1,112.8,84.1,-68.1,-0.5857,-0.8105,-0.866,-0.5,0.2785,13.2,LOW
2020-08-07,Bombay / Santacruz,8,Monsoon,27.9,24.2,30.0,5.8,15.4,1000.9,12.35,8,7.0,19.1167,72.85,79.0,179.1,182.9,16.0,63.0,-0.5996,-0.8003,-0.866,-0.5,0.6067,37.2,MODERATE
2020-08-08,Bombay / Santacruz,8,Monsoon,28.2,25.4,30.2,4.8,12.8,1003.9,9.35,8,7.0,19.1167,72.85,11.9,106.9,194.3,79.0,-67.1,-0.6132,-0.7899,-0.866,-0.5,0.0297,8.8,SAFE
2020-08-09,Bombay / Santacruz,8,Monsoon,29.0,25.0,31.0,6.0,14.3,1003.5,9.75,8,7.0,19.1167,72.85,19.1,110.0,213.1,11.9,7.2,-0.6267,-0.7792,-0.866,-0.5,0.3524,12.2,LOW
2020-08-10,Bombay / Santacruz,8,Monsoon,28.6,27.0,30.2,3.2,14.1,1003.0,10.25,8,7.0,19.1167,72.85,0.5,31.5,210.6,19.1,-18.6,-0.64,-0.7683,-0.866,-0.5,0.1147,3.9,SAFE
2020-08-11,Bombay / Santacruz,8,Monsoon,28.1,26.0,29.4,3.4,13.7,1004.9,8.35,8,7.0,19.1167,72.85,5.1,24.7,215.7,0.5,4.6,-0.6532,-0.7572,-0.866,-0.5,0.0443,7.7,SAFE
2020-08-12,Bombay / Santacruz,8,Monsoon,27.3,25.4,28.8,3.4,16.1,1006.0,7.25,8,7.0,19.1167,72.85,31.0,36.6,162.6,5.1,25.9,-0.6661,-0.7459,-0.866,-0.5,0.0866,18.7,LOW
2020-08-13,Bombay / Santacruz,8,Monsoon,27.8,26.0,30.0,4.0,16.8,1004.0,9.25,8,7.0,19.1167,72.85,41.9,78.0,188.5,31.0,10.9,-0.6788,-0.7343,-0.866,-0.5,0.4393,11.8,LOW
2020-08-14,Bombay / Santacruz,8,Monsoon,26.8,24.8,28.0,3.2,16.3,1002.2,11.05,8,7.0,19.1167,72.85,40.9,113.8,150.4,41.9,-1.0,-0.6914,-0.7225,-0.866,-0.5,0.3939,0.0,LOW
2020-08-15,Bombay / Santacruz,8,Monsoon,27.8,24.6,29.4,4.8,15.1,1001.7,11.55,8,7.0,19.1167,72.85,59.9,142.7,198.4,40.9,19.0,-0.7037,-0.7105,-0.866,-0.5,0.6187,38.7,MODERATE
2020-08-16,Bombay / Santacruz,8,Monsoon,28.1,25.8,29.4,3.6,26.4,1002.8,10.45,8,7.0,19.1167,72.85,19.1,119.9,198.4,59.9,-40.8,-0.7158,-0.6983,-0.866,-0.5,0.5177,16.5,LOW
2020-08-17,Bombay / Santacruz,8,Monsoon,27.3,25.4,29.0,3.6,14.7,1002.5,10.75,8,7.0,19.1167,72.85,7.9,86.9,205.8,19.1,-11.2,-0.7277,-0.6859,-0.866,-0.5,0.0,9.7,SAFE
2020-08-18,Bombay / Santacruz,8,Monsoon,27.7,24.6,30.0,5.4,13.2,1004.0,9.25,8,7.0,19.1167,72.85,45.0,72.0,245.7,7.9,37.1,-0.7394,-0.6733,-0.866,-0.5,0.3062,20.5,LOW
2020-08-19,Bombay / Santacruz,8,Monsoon,27.9,25.0,30.0,5.0,13.7,1003.6,9.65,8,7.0,19.1167,72.85,10.9,63.8,225.6,45.0,-34.1,-0.7509,-0.6605,-0.866,-0.5,0.1749,9.0,LOW
2020-08-20,Bombay / Santacruz,8,Monsoon,27.4,23.2,28.0,4.8,12.1,1002.5,10.75,8,7.0,19.1167,72.85,23.1,79.0,206.8,10.9,12.2,-0.7621,-0.6474,-0.866,-0.5,0.4334,26.0,LOW
2020-08-21,Bombay / Santacruz,8,Monsoon,26.6,24.8,28.0,3.2,13.4,1003.8,9.45,8,7.0,19.1167,72.85,32.0,66.0,197.9,23.1,8.9,-0.7731,-0.6342,-0.866,-0.5,0.1338,19.3,LOW
2020-08-22,Bombay / Santacruz,8,Monsoon,27.7,24.8,29.0,4.2,16.3,1004.6,8.65,8,7.0,19.1167,72.85,65.0,120.1,203.0,32.0,33.0,-0.7839,-0.6208,-0.866,-0.5,0.7551,32.1,MODERATE
2020-08-23,Bombay / Santacruz,8,Monsoon,28.2,26.0,30.0,4.0,14.8,1005.1,8.15,8,7.0,19.1167,72.85,14.0,111.0,197.9,65.0,-51.0,-0.7945,-0.6073,-0.866,-0.5,0.2974,6.7,LOW
2020-08-24,Bombay / Santacruz,8,Monsoon,28.1,25.0,30.8,5.8,15.9,1005.9,7.35,8,7.0,19.1167,72.85,7.9,86.9,197.9,14.0,-6.1,-0.8048,-0.5935,-0.866,-0.5,0.2064,13.9,LOW
2020-08-25,Bombay / Santacruz,8,Monsoon,28.0,24.4,31.0,6.6,13.5,1008.2,5.05,8,7.0,19.1167,72.85,13.0,34.9,165.9,7.9,5.1,-0.8149,-0.5796,-0.866,-0.5,0.1432,15.9,LOW
2020-08-26,Bombay / Santacruz,8,Monsoon,28.4,25.7,31.0,5.3,12.1,1008.6,4.65,8,7.0,19.1167,72.85,4.1,25.0,159.1,13.0,-8.9,-0.8248,-0.5655,-0.866,-0.5,0.0589,2.3,SAFE
2020-08-27,Bombay / Santacruz,8,Monsoon,28.2,26.8,30.0,3.2,13.3,1007.3,5.95,8,7.0,19.1167,72.85,2.0,19.1,138.0,4.1,-2.1,-0.8344,-0.5512,-0.866,-0.5,0.1954,2.5,SAFE
2020-08-28,Bombay / Santacruz,8,Monsoon,26.3,25.0,27.4,2.4,10.6,1005.7,7.55,8,7.0,19.1167,72.85,5.1,11.2,111.1,2.0,3.1,-0.8437,-0.5368,-0.866,-0.5,0.0,0.0,SAFE
2020-08-29,Bombay / Santacruz,8,Monsoon,26.0,24.2,27.0,2.8,9.7,1005.1,8.15,8,7.0,19.1167,72.85,85.1,92.2,131.2,5.1,80.0,-0.8528,-0.5222,-0.866,-0.5,0.6467,39.7,MODERATE
2020-08-30,Bombay / Santacruz,8,Monsoon,26.5,23.8,28.0,4.2,11.8,1005.4,7.85,8,7.0,19.1167,72.85,53.1,143.3,170.3,85.1,-32.0,-0.8617,-0.5074,-0.866,-0.5,0.4868,30.2,MODERATE
2020-08-31,Bombay / Santacruz,8,Monsoon,27.1,24.0,30.0,6.0,12.6,1007.2,6.05,8,7.0,19.1167,72.85,46.0,184.2,208.4,53.1,-7.1,-0.8703,-0.4925,-0.866,-0.5,0.4729,21.4,LOW
2020-09-01,Bombay / Santacruz,9,Monsoon,27.6,24.2,30.2,6.0,7.8,1008.9,4.35,8,7.0,19.1167,72.85,8.9,108.0,204.3,46.0,-37.1,-0.8786,-0.4775,-1.0,-0.0,0.5247,8.2,LOW
2020-09-02,Bombay / Santacruz,9,Monsoon,28.6,24.8,31.0,6.2,6.4,1008.1,5.15,8,7.0,19.1167,72.85,10.9,65.8,211.1,8.9,2.0,-0.8867,-0.4623,-1.0,-0.0,0.2439,12.8,LOW
2020-09-03,Bombay / Santacruz,9,Monsoon,29.0,25.4,32.0,6.6,9.0,1007.1,6.15,8,7.0,19.1167,72.85,0.0,19.8,209.1,10.9,-10.9,-0.8945,-0.447,-1.0,-0.0,0.1408,0.0,SAFE
2020-09-04,Bombay / Santacruz,9,Monsoon,29.8,25.0,33.6,8.6,7.1,1006.1,7.15,8,7.0,19.1167,72.85,0.0,10.9,204.0,0.0,0.0,-0.9021,-0.4315,-1.0,-0.0,0.1825,5.5,SAFE
2020-09-05,Bombay / Santacruz,9,Monsoon,30.6,25.4,33.2,7.8,7.7,1005.4,7.85,8,7.0,19.1167,72.85,7.1,7.1,126.0,0.0,7.1,-0.9094,-0.4159,-1.0,-0.0,0.0,2.8,SAFE
2020-09-06,Bombay / Santacruz,9,Monsoon,29.8,27.8,32.8,5.0,7.8,1004.5,8.75,8,7.0,19.1167,72.85,0.0,7.1,72.9,7.1,-7.1,-0.9164,-0.4002,-1.0,-0.0,0.2413,2.6,LOW
2020-09-07,Bombay / Santacruz,9,Monsoon,28.6,25.4,32.0,6.6,9.4,1006.2,7.05,8,7.0,19.1167,72.85,10.9,18.0,37.8,0.0,10.9,-0.9232,-0.3844,-1.0,-0.0,0.0,0.0,SAFE
2020-09-08,Bombay / Santacruz,9,Monsoon,30.1,26.0,33.0,7.0,8.6,1006.6,6.65,8,7.0,19.1167,72.85,0.5,11.4,29.4,10.9,-10.4,-0.9296,-0.3685,-1.0,-0.0,0.0,0.0,SAFE
2020-09-09,Bombay / Santacruz,9,Monsoon,29.9,26.6,33.0,6.4,8.4,1005.0,8.25,8,7.0,19.1167,72.85,0.0,11.4,18.5,0.5,-0.5,-0.9358,-0.3524,-1.0,-0.0,0.0156,0.0,SAFE
2020-09-10,Bombay / Santacruz,9,Monsoon,29.7,26.6,32.8,6.2,9.1,1003.5,9.75,8,7.0,19.1167,72.85,6.1,6.6,24.6,0.0,6.1,-0.9418,-0.3363,-1.0,-0.0,0.1481,7.2,SAFE
2020-09-11,Bombay / Santacruz,9,Monsoon,28.8,26.0,33.0,7.0,9.3,1002.3,10.95,8,7.0,19.1167,72.85,0.0,6.1,24.6,6.1,-6.1,-0.9474,-0.32,-1.0,-0.0,0.0788,0.0,SAFE
2020-09-12,Bombay / Santacruz,9,Monsoon,28.0,25.2,32.0,6.8,13.8,1003.9,9.35,8,7.0,19.1167,72.85,10.9,17.0,28.4,0.0,10.9,-0.9528,-0.3037,-1.0,-0.0,0.1092,15.9,SAFE
2020-09-13,Bombay / Santacruz,9,Monsoon,28.4,25.0,31.0,6.0,12.0,1006.4,6.85,8,7.0,19.1167,72.85,25.9,36.8,54.3,10.9,15.0,-0.9579,-0.2873,-1.0,-0.0,0.2301,15.6,LOW
2020-09-14,Bombay / Santacruz,9,Monsoon,27.2,25.4,31.0,5.6,8.0,1006.3,6.95,8,7.0,19.1167,72.85,3.0,39.8,46.4,25.9,-22.9,-0.9627,-0.2707,-1.0,-0.0,0.0187,0.3,SAFE
2020-09-15,Bombay / Santacruz,9,Monsoon,27.8,24.6,31.0,6.4,7.2,1006.0,7.25,8,7.0,19.1167,72.85,7.1,36.0,53.0,3.0,4.1,-0.9672,-0.2541,-1.0,-0.0,0.0,4.3,SAFE
2020-09-16,Bombay / Santacruz,9,Monsoon,28.0,25.0,30.8,5.8,5.9,1006.3,6.95,8,7.0,19.1167,72.85,3.0,13.1,56.0,7.1,-4.1,-0.9714,-0.2375,-1.0,-0.0,0.1576,0.0,SAFE
2020-09-17,Bombay / Santacruz,9,Monsoon,27.3,24.8,28.6,3.8,7.1,1006.8,6.45,8,7.0,19.1167,72.85,15.0,25.1,64.9,3.0,12.0,-0.9753,-0.2207,-1.0,-0.0,0.2322,0.0,LOW
2020-09-18,Bombay / Santacruz,9,Monsoon,26.9,26.0,29.6,3.6,5.6,1005.9,7.35,8,7.0,19.1167,72.85,0.0,18.0,64.9,15.0,-15.0,-0.979,-0.2039,-1.0,-0.0,0.24,10.3,LOW
2020-09-19,Bombay / Santacruz,9,Monsoon,27.8,25.0,30.0,5.0,4.6,1003.4,9.85,8,7.0,19.1167,72.85,2.0,17.0,56.0,0.0,2.0,-0.9824,-0.187,-1.0,-0.0,0.0,5.3,SAFE
2020-09-20,Bombay / Santacruz,9,Monsoon,29.2,25.0,33.0,8.0,7.3,1001.5,11.75,8,7.0,19.1167,72.85,11.9,13.9,42.0,2.0,9.9,-0.9854,-0.1701,-1.0,-0.0,0.1998,6.0,LOW
2020-09-21,Bombay / Santacruz,9,Monsoon,27.8,25.0,31.8,6.8,6.1,1000.6,12.65,8,7.0,19.1167,72.85,0.0,13.9,39.0,11.9,-11.9,-0.9882,-0.1531,-1.0,-0.0,0.0377,2.5,SAFE
2020-09-22,Bombay / Santacruz,9,Monsoon,26.8,25.0,28.0,3.0,7.1,1000.8,12.45,8,7.0,19.1167,72.85,23.1,35.0,55.0,0.0,23.1,-0.9907,-0.1361,-1.0,-0.0,0.3397,2.0,LOW
2020-09-23,Bombay / Santacruz,9,Monsoon,25.8,24.6,28.0,3.4,10.0,1002.6,10.65,8,7.0,19.1167,72.85,286.0,309.1,338.0,23.1,262.9,-0.9929,-0.1191,-1.0,-0.0,1.0,101.0,CRITICAL
2020-09-24,Bombay / Santacruz,9,Monsoon,27.7,23.8,30.0,6.2,6.5,1006.7,6.55,8,7.0,19.1167,72.85,109.0,418.1,432.0,286.0,-177.0,-0.9948,-0.102,-1.0,-0.0,1.0,60.0,HIGH
2020-09-25,Bombay / Santacruz,9,Monsoon,28.3,25.2,30.0,4.8,8.9,1007.7,5.55,8,7.0,19.1167,72.85,2.0,397.0,434.0,109.0,-107.0,-0.9964,-0.0848,-1.0,-0.0,0.6165,34.0,LOW
2020-09-26,Bombay / Santacruz,9,Monsoon,28.9,25.4,31.6,6.2,10.8,1007.3,5.95,8,7.0,19.1167,72.85,0.0,111.0,432.0,2.0,-2.0,-0.9977,-0.0677,-1.0,-0.0,0.3141,0.0,LOW
2020-09-27,Bombay / Santacruz,9,Monsoon,28.8,25.0,32.0,7.0,9.1,1008.5,4.75,8,7.0,19.1167,72.85,0.0,2.0,420.1,0.0,0.0,-0.9987,-0.0505,-1.0,-0.0,0.0,0.0,SAFE
2020-09-28,Bombay / Santacruz,9,Monsoon,28.6,25.0,31.8,6.8,8.4,1008.9,4.35,8,7.0,19.1167,72.85,0.0,0.0,420.1,0.0,0.0,-0.9994,-0.0333,-1.0,-0.0,0.0,0.0,SAFE
2020-09-29,Bombay / Santacruz,9,Monsoon,28.9,24.9,32.4,7.5,6.9,1008.3,4.95,8,7.0,19.1167,72.85,0.0,0.0,397.0,0.0,0.0,-0.9999,-0.0161,-1.0,-0.0,0.0,0.0,SAFE
2020-09-30,Bombay / Santacruz,9,Monsoon,29.1,24.4,32.0,7.6,8.8,1007.4,5.85,8,7.0,19.1167,72.85,0.0,0.0,111.0,0.0,0.0,-1.0,0.0011,-1.0,-0.0,0.0,0.0,SAFE
2021-07-01,Bombay / Santacruz,7,Monsoon,30.2,26.2,32.4,6.2,14.3,1004.6,8.65,8,7.0,19.1167,72.85,5.1,5.1,7.1,0.0,5.1,0.0108,-0.9999,-0.5,-0.866,0.2389,4.4,LOW
2021-07-02,Bombay / Santacruz,7,Monsoon,30.1,27.6,32.6,5.0,14.4,1004.9,8.35,8,7.0,19.1167,72.85,0.3,5.4,5.4,5.1,-4.8,-0.0065,-1.0,-0.5,-0.866,0.1766,1.9,SAFE
2021-07-03,Bombay / Santacruz,7,Monsoon,30.3,27.0,33.0,6.0,15.3,1006.0,7.25,8,7.0,19.1167,72.85,2.0,7.4,7.4,0.3,1.7,-0.0237,-0.9997,-0.5,-0.866,0.0,7.5,SAFE
2021-07-04,Bombay / Santacruz,7,Monsoon,30.5,27.4,33.0,5.6,11.0,1006.7,6.55,8,7.0,19.1167,72.85,0.0,2.3,7.4,2.0,-2.0,-0.0408,-0.9992,-0.5,-0.866,0.0,0.0,SAFE
2021-07-05,Bombay / Santacruz,7,Monsoon,30.7,28.0,33.2,5.2,10.5,1006.3,6.95,8,7.0,19.1167,72.85,1.8,3.8,9.2,0.0,1.8,-0.058,-0.9983,-0.5,-0.866,0.1952,3.2,SAFE
2021-07-06,Bombay / Santacruz,7,Monsoon,30.3,27.0,32.0,5.0,9.7,1005.2,8.05,8,7.0,19.1167,72.85,0.0,1.8,9.2,1.8,-1.8,-0.0752,-0.9972,-0.5,-0.866,0.0,0.0,SAFE
2021-07-07,Bombay / Santacruz,7,Monsoon,30.7,26.6,33.0,6.4,10.0,1005.1,8.15,8,7.0,19.1167,72.85,18.0,19.8,27.2,0.0,18.0,-0.0923,-0.9957,-0.5,-0.866,0.2198,0.4,LOW
2021-07-08,Bombay / Santacruz,7,Monsoon,28.2,26.0,31.0,5.0,9.4,1004.9,8.35,8,7.0,19.1167,72.85,1.0,19.0,23.1,18.0,-17.0,-0.1094,-0.994,-0.5,-0.866,0.0155,0.0,SAFE
2021-07-09,Bombay / Santacruz,7,Monsoon,28.2,24.4,31.0,6.6,9.7,1002.9,10.35,8,7.0,19.1167,72.85,72.9,91.9,95.7,1.0,71.9,-0.1265,-0.992,-0.5,-0.866,0.7188,18.1,MODERATE
2021-07-10,Bombay / Santacruz,7,Monsoon,27.7,24.5,29.0,4.5,8.4,1002.1,11.15,8,7.0,19.1167,72.85,27.9,101.8,121.6,72.9,-45.0,-0.1436,-0.9896,-0.5,-0.866,0.258,15.0,LOW
2021-07-11,Bombay / Santacruz,7,Monsoon,28.2,25.0,31.6,6.6,6.0,1001.1,12.15,8,7.0,19.1167,72.85,17.0,117.8,138.6,27.9,-10.9,-0.1606,-0.987,-0.5,-0.866,0.4284,17.9,LOW
2021-07-12,Bombay / Santacruz,7,Monsoon,27.5,25.8,31.4,5.6,11.0,999.0,14.25,8,7.0,19.1167,72.85,3.0,47.9,139.8,17.0,-14.0,-0.1775,-0.9841,-0.5,-0.866,0.1529,2.1,SAFE
2021-07-13,Bombay / Santacruz,7,Monsoon,26.7,25.0,28.0,3.0,11.9,1001.1,12.15,8,7.0,19.1167,72.85,55.1,75.1,194.9,3.0,52.1,-0.1944,-0.9809,-0.5,-0.866,0.4613,27.0,MODERATE
2021-07-14,Bombay / Santacruz,7,Monsoon,26.4,23.6,29.0,5.4,10.5,1001.8,11.45,8,7.0,19.1167,72.85,89.9,148.0,266.8,55.1,34.8,-0.2113,-0.9774,-0.5,-0.866,0.5113,48.5,MODERATE
2021-07-15,Bombay / Santacruz,7,Monsoon,27.6,25.8,31.6,5.8,9.6,1000.7,12.55,8,7.0,19.1167,72.85,8.9,153.9,274.7,89.9,-81.0,-0.2281,-0.9736,-0.5,-0.866,0.0907,17.5,SAFE
2021-07-16,Bombay / Santacruz,7,Monsoon,27.2,23.5,30.0,6.5,10.1,1003.0,10.25,8,7.0,19.1167,72.85,253.0,351.8,454.8,8.9,244.1,-0.2448,-0.9696,-0.5,-0.866,1.0,122.0,CRITICAL
2021-07-17,Bombay / Santacruz,7,Monsoon,27.8,25.0,30.0,5.0,12.8,1004.7,8.55,8,7.0,19.1167,72.85,31.0,292.9,457.9,253.0,-222.0,-0.2614,-0.9652,-0.5,-0.866,0.6669,46.1,MODERATE
2021-07-18,Bombay / Santacruz,7,Monsoon,28.2,24.6,30.2,5.6,16.0,1003.8,9.45,8,7.0,19.1167,72.85,235.0,519.0,675.9,31.0,204.0,-0.278,-0.9606,-0.5,-0.866,1.0,75.5,CRITICAL
2021-07-19,Bombay / Santacruz,7,Monsoon,27.8,25.0,29.0,4.0,15.9,1003.4,9.85,8,7.0,19.1167,72.85,70.1,336.1,743.0,235.0,-164.9,-0.2945,-0.9557,-0.5,-0.866,0.787,71.2,MODERATE
2021-07-20,Bombay / Santacruz,7,Monsoon,28.8,25.6,31.0,5.4,17.7,1005.8,7.45,8,7.0,19.1167,72.85,38.1,343.2,726.0,70.1,-32.0,-0.3109,-0.9505,-0.5,-0.866,0.8109,61.0,MODERATE
2021-07-21,Bombay / Santacruz,7,Monsoon,27.8,24.4,29.0,4.6,21.5,1004.2,9.05,8,7.0,19.1167,72.85,23.9,132.1,660.0,38.1,-14.2,-0.3272,-0.945,-0.5,-0.866,0.4234,20.4,LOW
2021-07-22,Bombay / Santacruz,7,Monsoon,28.2,25.8,29.0,3.2,18.0,1001.0,12.25,8,7.0,19.1167,72.85,57.9,119.9,709.0,23.9,34.0,-0.3434,-0.9392,-0.5,-0.866,0.5016,21.0,MODERATE
2021-07-23,Bombay / Santacruz,7,Monsoon,28.2,25.6,29.0,3.4,16.5,1000.7,12.55,8,7.0,19.1167,72.85,19.1,100.9,475.1,57.9,-38.8,-0.3595,-0.9332,-0.5,-0.866,0.3754,18.8,LOW
2021-07-24,Bombay / Santacruz,7,Monsoon,28.9,26.2,31.0,4.8,16.5,1002.6,10.65,8,7.0,19.1167,72.85,6.1,83.1,450.2,19.1,-13.0,-0.3755,-0.9268,-0.5,-0.866,0.0785,24.0,SAFE
2021-07-25,Bombay / Santacruz,7,Monsoon,28.9,25.9,31.0,5.1,17.0,1003.4,9.85,8,7.0,19.1167,72.85,22.1,47.3,237.3,6.1,16.0,-0.3914,-0.9202,-0.5,-0.866,0.1907,6.5,LOW
2021-07-26,Bombay / Santacruz,7,Monsoon,29.1,26.6,31.4,4.8,19.2,1004.0,9.25,8,7.0,19.1167,72.85,4.1,32.3,171.3,22.1,-18.0,-0.4071,-0.9134,-0.5,-0.866,0.2886,3.0,LOW
2021-07-27,Bombay / Santacruz,7,Monsoon,28.9,26.0,30.6,4.6,18.7,1003.9,9.35,8,7.0,19.1167,72.85,4.1,30.3,137.3,4.1,0.0,-0.4228,-0.9062,-0.5,-0.866,0.1198,0.0,SAFE
2021-07-28,Bombay / Santacruz,7,Monsoon,28.4,24.4,31.2,6.8,19.6,1004.3,8.95,8,7.0,19.1167,72.85,14.0,22.2,127.4,4.1,9.9,-0.4383,-0.8988,-0.5,-0.866,0.1632,8.6,LOW
2021-07-29,Bombay / Santacruz,7,Monsoon,28.6,25.6,30.2,4.6,17.8,1005.6,7.65,8,7.0,19.1167,72.85,6.1,24.2,75.6,14.0,-7.9,-0.4537,-0.8912,-0.5,-0.866,0.3556,14.0,LOW
2021-07-30,Bombay / Santacruz,7,Monsoon,28.8,26.4,30.0,3.6,18.8,1006.6,6.65,8,7.0,19.1167,72.85,4.1,24.2,60.6,6.1,-2.0,-0.469,-0.8832,-0.5,-0.866,0.0,13.4,SAFE
2021-07-31,Bombay / Santacruz,7,Monsoon,28.7,26.4,31.0,4.6,18.8,1007.5,5.75,8,7.0,19.1167,72.85,3.0,13.2,57.5,4.1,-1.1,-0.4841,-0.875,-0.5,-0.866,0.1651,8.3,SAFE
2021-08-01,Bombay / Santacruz,8,Monsoon,28.4,26.0,30.4,4.4,17.7,1006.1,7.15,8,7.0,19.1167,72.85,5.1,12.2,40.5,3.0,2.1,-0.4991,-0.8666,-0.866,-0.5,0.2652,1.5,LOW
2021-08-02,Bombay / Santacruz,8,Monsoon,28.3,25.2,30.0,4.8,16.5,1006.3,6.95,8,7.0,19.1167,72.85,6.1,14.2,42.5,5.1,1.0,-0.5139,-0.8578,-0.866,-0.5,0.0644,0.0,SAFE
2021-08-03,Bombay / Santacruz,8,Monsoon,28.1,24.8,30.0,5.2,17.3,1007.0,6.25,8,7.0,19.1167,72.85,6.1,17.3,44.5,6.1,0.0,-0.5286,-0.8489,-0.866,-0.5,0.1934,0.0,LOW
2021-08-04,Bombay / Santacruz,8,Monsoon,28.6,25.8,31.0,5.2,18.8,1007.2,6.05,8,7.0,19.1167,72.85,19.1,31.3,49.6,6.1,13.0,-0.5431,-0.8397,-0.866,-0.5,0.086,19.8,LOW
2021-08-05,Bombay / Santacruz,8,Monsoon,28.9,25.8,31.6,5.8,17.8,1005.5,7.75,8,7.0,19.1167,72.85,4.1,29.3,47.6,19.1,-15.0,-0.5575,-0.8302,-0.866,-0.5,0.039,6.4,SAFE
2021-08-06,Bombay / Santacruz,8,Monsoon,28.9,27.0,31.2,4.2,14.3,1004.7,8.55,8,7.0,19.1167,72.85,0.0,23.2,43.5,4.1,-4.1,-0.5717,-0.8205,-0.866,-0.5,0.1219,0.6,SAFE
2021-08-07,Bombay / Santacruz,8,Monsoon,29.1,26.8,31.4,4.6,14.5,1005.4,7.85,8,7.0,19.1167,72.85,0.5,4.6,41.0,0.0,0.5,-0.5857,-0.8105,-0.866,-0.5,0.0,0.0,SAFE
2021-08-08,Bombay / Santacruz,8,Monsoon,28.8,25.6,31.0,5.4,10.1,1006.7,6.55,8,7.0,19.1167,72.85,3.0,3.5,38.9,0.5,2.5,-0.5996,-0.8003,-0.866,-0.5,0.1846,0.0,SAFE
2021-08-09,Bombay / Santacruz,8,Monsoon,28.8,25.1,32.4,7.3,11.8,1007.9,5.35,8,7.0,19.1167,72.85,0.5,4.0,33.3,3.0,-2.5,-0.6132,-0.7899,-0.866,-0.5,0.0,0.0,SAFE
2021-08-10,Bombay / Santacruz,8,Monsoon,28.8,26.4,31.6,5.2,12.0,1008.1,5.15,8,7.0,19.1167,72.85,0.3,3.8,27.5,0.5,-0.2,-0.6267,-0.7792,-0.866,-0.5,0.0,0.0,SAFE
2021-08-11,Bombay / Santacruz,8,Monsoon,28.7,27.8,31.8,4.0,12.3,1007.8,5.45,8,7.0,19.1167,72.85,0.0,0.8,8.4,0.3,-0.3,-0.64,-0.7683,-0.866,-0.5,0.0,0.0,SAFE
2021-08-12,Bombay / Santacruz,8,Monsoon,27.9,24.4,30.2,5.8,10.0,1008.5,4.75,8,7.0,19.1167,72.85,9.9,10.2,14.2,0.0,9.9,-0.6532,-0.7572,-0.866,-0.5,0.0755,3.4,SAFE
2021-08-13,Bombay / Santacruz,8,Monsoon,28.2,25.4,30.0,4.6,12.2,1007.5,5.75,8,7.0,19.1167,72.85,15.0,24.9,29.2,9.9,5.1,-0.6661,-0.7459,-0.866,-0.5,0.2537,0.0,LOW
2021-08-14,Bombay / Santacruz,8,Monsoon,27.0,24.4,29.8,5.4,12.1,1005.7,7.55,8,7.0,19.1167,72.85,10.9,35.8,39.6,15.0,-4.1,-0.6788,-0.7343,-0.866,-0.5,0.1767,6.6,LOW
2021-08-15,Bombay / Santacruz,8,Monsoon,26.2,23.6,28.0,4.4,9.8,1005.8,7.45,8,7.0,19.1167,72.85,24.9,50.8,61.5,10.9,14.0,-0.6914,-0.7225,-0.866,-0.5,0.2942,19.5,LOW
2021-08-16,Bombay / Santacruz,8,Monsoon,26.3,23.8,28.0,4.2,7.9,1007.3,5.95,8,7.0,19.1167,72.85,31.0,66.8,92.0,24.9,6.1,-0.7037,-0.7105,-0.866,-0.5,0.3463,12.7,LOW
2021-08-17,Bombay / Santacruz,8,Monsoon,26.8,23.8,29.0,5.2,8.1,1007.6,5.65,8,7.0,19.1167,72.85,2.0,57.9,93.7,31.0,-29.0,-0.7158,-0.6983,-0.866,-0.5,0.0,7.6,SAFE
2021-08-18,Bombay / Santacruz,8,Monsoon,25.2,23.5,26.8,3.3,7.5,1006.0,7.25,8,7.0,19.1167,72.85,16.0,49.0,109.7,2.0,14.0,-0.7277,-0.6859,-0.866,-0.5,0.0821,8.1,LOW
2021-08-19,Bombay / Santacruz,8,Monsoon,25.4,23.0,26.0,3.0,5.8,1005.8,7.45,8,7.0,19.1167,72.85,42.9,60.9,142.7,16.0,26.9,-0.7394,-0.6733,-0.866,-0.5,0.3633,23.3,LOW
2021-08-20,Bombay / Santacruz,8,Monsoon,25.5,23.4,28.0,4.6,8.6,1005.9,7.35,8,7.0,19.1167,72.85,21.1,80.0,148.8,42.9,-21.8,-0.7509,-0.6605,-0.866,-0.5,0.095,5.4,LOW
2021-08-21,Bombay / Santacruz,8,Monsoon,25.8,23.3,27.0,3.7,12.0,1007.3,5.95,8,7.0,19.1167,72.85,52.1,116.1,190.0,21.1,31.0,-0.7621,-0.6474,-0.866,-0.5,0.5686,33.7,MODERATE
2021-08-22,Bombay / Santacruz,8,Monsoon,27.2,24.0,29.2,5.2,8.2,1007.7,5.55,8,7.0,19.1167,72.85,11.9,85.1,177.0,52.1,-40.2,-0.7731,-0.6342,-0.866,-0.5,0.3253,10.3,LOW
2021-08-23,Bombay / Santacruz,8,Monsoon,28.4,23.8,31.8,8.0,10.0,1007.7,5.55,8,7.0,19.1167,72.85,0.0,64.0,146.0,11.9,-11.9,-0.7839,-0.6208,-0.866,-0.5,0.177,10.8,SAFE
2021-08-24,Bombay / Santacruz,8,Monsoon,28.6,26.4,31.4,5.0,9.2,1007.6,5.65,8,7.0,19.1167,72.85,2.2,14.1,146.2,0.0,2.2,-0.7945,-0.6073,-0.866,-0.5,0.0,7.8,SAFE
2021-08-25,Bombay / Santacruz,8,Monsoon,28.5,26.6,31.0,4.4,8.7,1006.6,6.65,8,7.0,19.1167,72.85,1.2,3.4,131.4,2.2,-1.0,-0.8048,-0.5935,-0.866,-0.5,0.2027,4.2,SAFE
2021-08-26,Bombay / Santacruz,8,Monsoon,28.1,25.2,30.4,5.2,7.6,1004.8,8.45,8,7.0,19.1167,72.85,2.0,5.4,90.5,1.2,0.8,-0.8149,-0.5796,-0.866,-0.5,0.2787,2.2,LOW
2021-08-27,Bombay / Santacruz,8,Monsoon,28.7,25.6,32.0,6.4,9.8,1004.2,9.05,8,7.0,19.1167,72.85,2.0,5.2,71.4,2.0,0.0,-0.8248,-0.5655,-0.866,-0.5,0.0799,0.0,SAFE
2021-08-28,Bombay / Santacruz,8,Monsoon,29.2,25.4,32.2,6.8,9.8,1003.2,10.05,8,7.0,19.1167,72.85,5.1,9.1,24.4,2.0,3.1,-0.8344,-0.5512,-0.866,-0.5,0.1394,1.6,SAFE
2021-08-29,Bombay / Santacruz,8,Monsoon,28.7,27.0,31.0,4.0,8.9,1003.2,10.05,8,7.0,19.1167,72.85,0.0,7.1,12.5,5.1,-5.1,-0.8437,-0.5368,-0.866,-0.5,0.0785,0.0,SAFE
2021-08-30,Bombay / Santacruz,8,Monsoon,27.5,25.6,30.0,4.4,9.8,1004.6,8.65,8,7.0,19.1167,72.85,0.8,5.9,13.3,0.0,0.8,-0.8528,-0.5222,-0.866,-0.5,0.1152,0.0,SAFE
2021-08-31,Bombay / Santacruz,8,Monsoon,25.9,23.6,27.0,3.4,11.4,1004.6,8.65,8,7.0,19.1167,72.85,49.0,49.8,60.1,0.8,48.2,-0.8617,-0.5074,-0.866,-0.5,0.3538,11.8,LOW
2021-09-01,Bombay / Santacruz,9,Monsoon,27.5,24.6,30.0,5.4,12.7,1005.3,7.95,8,7.0,19.1167,72.85,108.0,157.8,166.9,49.0,59.0,-0.8703,-0.4925,-1.0,-0.0,0.8197,46.2,HIGH
2021-09-02,Bombay / Santacruz,9,Monsoon,27.6,24.8,30.0,5.2,10.2,1005.5,7.75,8,7.0,19.1167,72.85,6.1,163.1,171.0,108.0,-101.9,-0.8786,-0.4775,-1.0,-0.0,0.4169,16.2,LOW
2021-09-03,Bombay / Santacruz,9,Monsoon,26.8,25.0,29.4,4.4,10.2,1005.0,8.25,8,7.0,19.1167,72.85,9.9,124.0,178.9,6.1,3.8,-0.8867,-0.4623,-1.0,-0.0,0.5285,9.5,LOW
2021-09-04,Bombay / Santacruz,9,Monsoon,26.7,24.0,30.0,6.0,8.8,1005.4,7.85,8,7.0,19.1167,72.85,54.1,70.1,227.9,9.9,44.2,-0.8945,-0.447,-1.0,-0.0,0.2753,23.0,LOW
2021-09-05,Bombay / Santacruz,9,Monsoon,27.8,24.2,30.0,5.8,8.8,1005.3,7.95,8,7.0,19.1167,72.85,42.9,106.9,270.8,54.1,-11.2,-0.9021,-0.4315,-1.0,-0.0,0.4106,17.8,LOW
2021-09-06,Bombay / Santacruz,9,Monsoon,27.9,24.8,30.0,5.2,9.2,1004.5,8.75,8,7.0,19.1167,72.85,6.1,103.1,276.1,42.9,-36.8,-0.9094,-0.4159,-1.0,-0.0,0.1079,14.0,SAFE
2021-09-07,Bombay / Santacruz,9,Monsoon,26.8,24.0,29.0,5.0,6.2,1003.1,10.15,8,7.0,19.1167,72.85,3.0,52.0,230.1,6.1,-3.1,-0.9164,-0.4002,-1.0,-0.0,0.3068,16.2,LOW
2021-09-08,Bombay / Santacruz,9,Monsoon,27.1,23.8,29.8,6.0,12.0,1002.4,10.85,8,7.0,19.1167,72.85,79.0,88.1,201.1,3.0,76.0,-0.9232,-0.3844,-1.0,-0.0,0.5121,39.9,MODERATE
2021-09-09,Bombay / Santacruz,9,Monsoon,28.3,24.6,31.0,6.4,14.9,1005.7,7.55,8,7.0,19.1167,72.85,18.0,100.0,213.0,79.0,-61.0,-0.9296,-0.3685,-1.0,-0.0,0.1351,25.5,LOW
2021-09-10,Bombay / Santacruz,9,Monsoon,28.4,25.6,30.6,5.0,16.3,1005.7,7.55,8,7.0,19.1167,72.85,8.9,105.9,212.0,18.0,-9.1,-0.9358,-0.3524,-1.0,-0.0,0.317,10.7,LOW
2021-09-11,Bombay / Santacruz,9,Monsoon,27.2,25.2,29.0,3.8,16.6,1003.5,9.75,8,7.0,19.1167,72.85,9.9,36.8,167.8,8.9,1.0,-0.9418,-0.3363,-1.0,-0.0,0.3345,13.9,LOW
2021-09-12,Bombay / Santacruz,9,Monsoon,27.3,24.8,29.0,4.2,10.9,1001.9,11.35,8,7.0,19.1167,72.85,21.1,39.9,146.0,9.9,11.2,-0.9474,-0.32,-1.0,-0.0,0.2817,7.9,LOW
2021-09-13,Bombay / Santacruz,9,Monsoon,27.7,24.8,28.2,3.4,17.7,1001.3,11.95,8,7.0,19.1167,72.85,39.1,70.1,179.0,21.1,18.0,-0.9528,-0.3037,-1.0,-0.0,0.3688,10.0,LOW
2021-09-14,Bombay / Santacruz,9,Monsoon,27.9,26.0,30.0,4.0,16.6,1002.7,10.55,8,7.0,19.1167,72.85,4.1,64.3,180.1,39.1,-35.0,-0.9579,-0.2873,-1.0,-0.0,0.2066,0.0,LOW
2021-09-15,Bombay / Santacruz,9,Monsoon,28.6,24.8,30.0,5.2,13.7,1003.9,9.35,8,7.0,19.1167,72.85,3.0,46.2,104.1,4.1,-1.1,-0.9627,-0.2707,-1.0,-0.0,0.2795,12.8,LOW
2021-09-16,Bombay / Santacruz,9,Monsoon,28.2,25.5,31.4,5.9,15.8,1005.5,7.75,8,7.0,19.1167,72.85,2.0,9.1,88.1,3.0,-1.0,-0.9672,-0.2541,-1.0,-0.0,0.0,9.4,SAFE
2021-09-17,Bombay / Santacruz,9,Monsoon,28.6,25.0,31.4,6.4,9.8,1005.7,7.55,8,7.0,19.1167,72.85,3.0,8.0,82.2,2.0,1.0,-0.9714,-0.2375,-1.0,-0.0,0.0619,0.0,SAFE
2021-09-18,Bombay / Santacruz,9,Monsoon,28.6,25.6,31.6,6.0,12.3,1007.3,5.95,8,7.0,19.1167,72.85,0.0,5.0,72.3,3.0,-3.0,-0.9753,-0.2207,-1.0,-0.0,0.0,0.0,SAFE
2021-09-19,Bombay / Santacruz,9,Monsoon,27.8,25.6,31.6,6.0,10.3,1009.1,4.15,8,7.0,19.1167,72.85,1.0,4.0,52.2,0.0,1.0,-0.979,-0.2039,-1.0,-0.0,0.0,0.0,SAFE
2021-09-20,Bombay / Santacruz,9,Monsoon,27.9,24.2,30.6,6.4,11.3,1008.5,4.75,8,7.0,19.1167,72.85,71.1,72.1,84.2,1.0,70.1,-0.9824,-0.187,-1.0,-0.0,0.4758,17.3,MODERATE
2021-09-21,Bombay / Santacruz,9,Monsoon,26.7,25.0,29.0,4.0,9.9,1007.4,5.85,8,7.0,19.1167,72.85,7.1,79.2,87.2,71.1,-64.0,-0.9854,-0.1701,-1.0,-0.0,0.3173,16.8,LOW
2021-09-22,Bombay / Santacruz,9,Monsoon,27.6,23.7,29.0,5.3,9.9,1005.5,7.75,8,7.0,19.1167,72.85,58.9,137.1,143.1,7.1,51.8,-0.9882,-0.1531,-1.0,-0.0,0.6063,25.6,MODERATE
2021-09-23,Bombay / Santacruz,9,Monsoon,28.3,24.5,31.4,6.9,7.8,1005.7,7.55,8,7.0,19.1167,72.85,3.0,69.0,144.1,58.9,-55.9,-0.9907,-0.1361,-1.0,-0.0,0.2328,9.6,LOW
2021-09-24,Bombay / Santacruz,9,Monsoon,28.2,25.4,31.0,5.6,8.7,1006.8,6.45,8,7.0,19.1167,72.85,0.5,62.4,141.6,3.0,-2.5,-0.9929,-0.1191,-1.0,-0.0,0.1581,8.0,SAFE
2021-09-25,Bombay / Santacruz,9,Monsoon,28.2,24.8,30.8,6.0,8.5,1007.2,6.05,8,7.0,19.1167,72.85,0.0,3.5,141.6,0.5,-0.5,-0.9948,-0.102,-1.0,-0.0,0.0,0.0,SAFE
2021-09-26,Bombay / Santacruz,9,Monsoon,27.4,24.8,29.0,4.2,8.7,1005.4,7.85,8,7.0,19.1167,72.85,9.9,10.4,150.5,0.0,9.9,-0.9964,-0.0848,-1.0,-0.0,0.0277,6.6,SAFE
2021-09-27,Bombay / Santacruz,9,Monsoon,26.6,24.0,29.0,5.0,5.6,1004.1,9.15,8,7.0,19.1167,72.85,3.0,12.9,82.4,9.9,-6.9,-0.9977,-0.0677,-1.0,-0.0,0.0485,0.8,SAFE
2021-09-28,Bombay / Santacruz,9,Monsoon,26.8,24.0,30.0,6.0,9.7,1002.9,10.35,8,7.0,19.1167,72.85,39.1,52.0,114.4,3.0,36.1,-0.9987,-0.0505,-1.0,-0.0,0.3403,21.7,LOW
2021-09-29,Bombay / Santacruz,9,Monsoon,27.8,25.6,30.0,4.4,13.6,1003.8,9.45,8,7.0,19.1167,72.85,27.9,70.0,83.4,39.1,-11.2,-0.9994,-0.0333,-1.0,-0.0,0.3203,21.0,LOW
2021-09-30,Bombay / Santacruz,9,Monsoon,27.8,24.7,32.4,7.7,9.8,1007.5,5.75,8,7.0,19.1167,72.85,26.9,93.9,107.3,27.9,-1.0,-0.9999,-0.0161,-1.0,-0.0,0.3556,18.0,LOW
2022-07-01,Bombay / Santacruz,7,Monsoon,25.8,24.0,28.0,4.0,8.0,1003.3,9.95,8,7.0,19.1167,72.85,175.0,229.8,281.8,26.9,148.1,0.0108,-0.9999,-0.5,-0.866,1.0,58.9,HIGH
2022-07-02,Bombay / Santacruz,7,Monsoon,29.1,23.8,31.6,7.8,13.8,1001.7,11.55,8,7.0,19.1167,72.85,104.9,306.8,386.7,175.0,-70.1,-0.0065,-1.0,-0.5,-0.866,0.9917,73.0,HIGH
2022-07-03,Bombay / Santacruz,7,Monsoon,28.9,25.8,32.2,6.4,15.2,1001.5,11.75,8,7.0,19.1167,72.85,15.0,294.9,391.8,104.9,-89.9,-0.0237,-0.9997,-0.5,-0.866,0.8956,24.3,MODERATE
2022-07-04,Bombay / Santacruz,7,Monsoon,27.3,25.2,30.0,4.8,9.9,1001.0,12.25,8,7.0,19.1167,72.85,21.1,141.0,409.9,15.0,6.1,-0.0408,-0.9992,-0.5,-0.866,0.4589,17.8,LOW
2022-07-05,Bombay / Santacruz,7,Monsoon,26.3,25.0,27.0,2.0,7.9,999.9,13.35,8,7.0,19.1167,72.85,124.0,160.1,494.8,21.1,102.9,-0.058,-0.9983,-0.5,-0.866,0.9502,52.2,HIGH
2022-07-06,Bombay / Santacruz,7,Monsoon,26.8,24.8,28.0,3.2,12.8,1001.0,12.25,8,7.0,19.1167,72.85,194.1,339.2,661.0,124.0,70.1,-0.0752,-0.9972,-0.5,-0.866,1.0,38.7,HIGH
2022-07-07,Bombay / Santacruz,7,Monsoon,27.3,24.8,29.0,4.2,15.6,1003.9,9.35,8,7.0,19.1167,72.85,125.0,443.1,759.1,194.1,-69.1,-0.0923,-0.9957,-0.5,-0.866,1.0,80.3,HIGH
2022-07-08,Bombay / Santacruz,7,Monsoon,28.3,24.4,29.0,4.6,14.5,1003.7,9.55,8,7.0,19.1167,72.85,40.9,360.0,625.0,125.0,-84.1,-0.1094,-0.994,-0.5,-0.866,0.7774,47.8,MODERATE
2022-07-09,Bombay / Santacruz,7,Monsoon,28.3,25.8,29.0,3.2,15.1,1002.2,11.05,8,7.0,19.1167,72.85,5.1,171.0,525.2,40.9,-35.8,-0.1265,-0.992,-0.5,-0.866,0.3594,22.0,LOW
2022-07-10,Bombay / Santacruz,7,Monsoon,28.0,25.5,29.3,3.8,17.2,1003.4,9.85,8,7.0,19.1167,72.85,8.9,54.9,519.1,5.1,3.8,-0.1436,-0.9896,-0.5,-0.866,0.0,11.6,SAFE
2022-07-11,Bombay / Santacruz,7,Monsoon,27.3,24.0,29.4,5.4,16.6,1004.7,8.55,8,7.0,19.1167,72.85,8.9,22.9,506.9,8.9,0.0,-0.1606,-0.987,-0.5,-0.866,0.0,0.3,SAFE
2022-07-12,Bombay / Santacruz,7,Monsoon,27.2,23.9,28.0,4.1,15.1,1004.7,8.55,8,7.0,19.1167,72.85,62.0,79.8,444.9,8.9,53.1,-0.1775,-0.9841,-0.5,-0.866,0.4095,15.7,MODERATE
2022-07-13,Bombay / Santacruz,7,Monsoon,26.6,25.0,28.0,3.0,20.1,1001.4,11.85,8,7.0,19.1167,72.85,45.0,115.9,295.8,62.0,-17.0,-0.1944,-0.9809,-0.5,-0.866,0.4673,20.5,LOW
2022-07-14,Bombay / Santacruz,7,Monsoon,27.1,24.5,28.0,3.5,17.2,998.5,14.75,8,7.0,19.1167,72.85,95.0,202.0,265.8,45.0,50.0,-0.2113,-0.9774,-0.5,-0.866,0.7995,39.3,HIGH
2022-07-15,Bombay / Santacruz,7,Monsoon,27.5,25.0,30.0,5.0,16.0,999.1,14.15,8,7.0,19.1167,72.85,61.0,201.0,285.9,95.0,-34.0,-0.2281,-0.9736,-0.5,-0.866,0.8084,46.1,MODERATE
2022-07-16,Bombay / Santacruz,7,Monsoon,27.7,25.0,30.2,5.2,16.8,1000.3,12.95,8,7.0,19.1167,72.85,0.0,156.0,280.8,61.0,-61.0,-0.2448,-0.9696,-0.5,-0.866,0.125,17.1,SAFE
2022-07-17,Bombay / Santacruz,7,Monsoon,28.5,27.0,30.6,3.6,13.9,1003.5,9.75,8,7.0,19.1167,72.85,16.3,77.3,288.2,0.0,16.3,-0.2614,-0.9652,-0.5,-0.866,0.1652,12.4,LOW
2022-07-18,Bombay / Santacruz,7,Monsoon,27.6,25.4,29.0,3.6,14.0,1004.5,8.75,8,7.0,19.1167,72.85,8.9,25.2,288.2,16.3,-7.4,-0.278,-0.9606,-0.5,-0.866,0.2886,0.0,LOW
2022-07-19,Bombay / Santacruz,7,Monsoon,28.0,24.8,30.6,5.8,15.0,1005.2,8.05,8,7.0,19.1167,72.85,0.0,25.2,226.2,8.9,-8.9,-0.2945,-0.9557,-0.5,-0.866,0.0982,0.0,SAFE
2022-07-20,Bombay / Santacruz,7,Monsoon,27.4,25.0,30.5,5.5,13.6,1006.0,7.25,8,7.0,19.1167,72.85,11.9,20.8,193.1,0.0,11.9,-0.3109,-0.9505,-0.5,-0.866,0.2303,6.7,LOW
2022-07-21,Bombay / Santacruz,7,Monsoon,27.6,25.6,30.5,4.9,12.6,1006.5,6.75,8,7.0,19.1167,72.85,10.9,22.8,109.0,11.9,-1.0,-0.3272,-0.945,-0.5,-0.866,0.3507,12.4,LOW
2022-07-22,Bombay / Santacruz,7,Monsoon,28.3,26.0,30.5,4.5,13.9,1007.1,6.15,8,7.0,19.1167,72.85,3.0,25.8,51.0,10.9,-7.9,-0.3434,-0.9392,-0.5,-0.866,0.0275,2.1,SAFE
2022-07-23,Bombay / Santacruz,7,Monsoon,28.2,25.8,31.3,5.5,16.1,1005.0,8.25,8,7.0,19.1167,72.85,5.1,19.0,56.1,3.0,2.1,-0.3595,-0.9332,-0.5,-0.866,0.0902,7.6,SAFE
2022-07-24,Bombay / Santacruz,7,Monsoon,28.1,25.6,30.4,4.8,15.7,1004.3,8.95,8,7.0,19.1167,72.85,7.1,15.2,46.9,5.1,2.0,-0.3755,-0.9268,-0.5,-0.866,0.0764,9.5,SAFE
2022-07-25,Bombay / Santacruz,7,Monsoon,28.2,25.1,30.2,5.1,15.3,1006.0,7.25,8,7.0,19.1167,72.85,7.1,19.3,45.1,7.1,0.0,-0.3914,-0.9202,-0.5,-0.866,0.0,0.0,SAFE
2022-07-26,Bombay / Santacruz,7,Monsoon,27.6,26.6,31.1,4.5,11.7,1007.8,5.45,8,7.0,19.1167,72.85,2.0,16.2,47.1,7.1,-5.1,-0.4071,-0.9134,-0.5,-0.866,0.0484,3.3,SAFE
2022-07-27,Bombay / Santacruz,7,Monsoon,27.1,24.2,29.4,5.2,4.0,1007.9,5.35,8,7.0,19.1167,72.85,14.0,23.1,49.2,2.0,12.0,-0.4228,-0.9062,-0.5,-0.866,0.2438,2.8,LOW
2022-07-28,Bombay / Santacruz,7,Monsoon,28.6,24.2,31.3,7.1,7.7,1008.3,4.95,8,7.0,19.1167,72.85,19.1,35.1,57.4,14.0,5.1,-0.4383,-0.8988,-0.5,-0.866,0.2516,14.1,LOW
2022-07-29,Bombay / Santacruz,7,Monsoon,29.3,26.0,31.6,5.6,9.2,1008.3,4.95,8,7.0,19.1167,72.85,0.0,33.1,54.4,19.1,-19.1,-0.4537,-0.8912,-0.5,-0.866,0.1613,4.8,SAFE
2022-07-30,Bombay / Santacruz,7,Monsoon,29.3,27.5,31.6,4.1,9.9,1007.3,5.95,8,7.0,19.1167,72.85,0.2,19.3,49.5,0.0,0.2,-0.469,-0.8832,-0.5,-0.866,0.0372,3.5,SAFE
2022-07-31,Bombay / Santacruz,7,Monsoon,29.3,27.0,31.5,4.5,12.8,1005.7,7.55,8,7.0,19.1167,72.85,0.3,0.5,42.7,0.2,0.1,-0.4841,-0.875,-0.5,-0.866,0.0,0.0,SAFE
2022-08-01,Bombay / Santacruz,8,Monsoon,28.9,25.8,31.7,5.9,12.6,1005.8,7.45,8,7.0,19.1167,72.85,3.0,3.5,38.6,0.3,2.7,-0.4991,-0.8666,-0.866,-0.5,0.2002,4.9,LOW
2022-08-02,Bombay / Santacruz,8,Monsoon,28.9,25.2,31.8,6.6,11.4,1004.7,8.55,8,7.0,19.1167,72.85,10.9,14.2,47.5,3.0,7.9,-0.5139,-0.8578,-0.866,-0.5,0.0702,15.1,SAFE
2022-08-03,Bombay / Santacruz,8,Monsoon,28.6,25.0,30.6,5.6,8.4,1003.6,9.65,8,7.0,19.1167,72.85,8.9,22.8,42.4,10.9,-2.0,-0.5286,-0.8489,-0.866,-0.5,0.1562,0.0,LOW
2022-08-04,Bombay / Santacruz,8,Monsoon,28.0,25.6,30.3,4.7,8.5,1002.6,10.65,8,7.0,19.1167,72.85,20.1,39.9,43.4,8.9,11.2,-0.5431,-0.8397,-0.866,-0.5,0.2242,6.8,LOW
2022-08-05,Bombay / Santacruz,8,Monsoon,27.4,25.4,29.9,4.5,7.0,1001.1,12.15,8,7.0,19.1167,72.85,24.9,53.9,68.3,20.1,4.8,-0.5575,-0.8302,-0.866,-0.5,0.4055,10.2,LOW
2022-08-06,Bombay / Santacruz,8,Monsoon,27.8,25.0,31.3,6.3,9.2,1000.0,13.25,8,7.0,19.1167,72.85,24.9,69.9,93.0,24.9,0.0,-0.5717,-0.8205,-0.866,-0.5,0.378,18.2,LOW
2022-08-07,Bombay / Santacruz,8,Monsoon,26.8,25.0,31.3,6.3,9.7,999.6,13.65,8,7.0,19.1167,72.85,16.0,65.8,108.7,24.9,-8.9,-0.5857,-0.8105,-0.866,-0.5,0.0894,17.0,LOW
2022-08-08,Bombay / Santacruz,8,Monsoon,26.8,24.2,28.1,3.9,10.5,998.5,14.75,8,7.0,19.1167,72.85,34.0,74.9,139.7,16.0,18.0,-0.5996,-0.8003,-0.866,-0.5,0.2043,3.1,LOW
2022-08-09,Bombay / Santacruz,8,Monsoon,26.9,25.0,28.0,3.0,21.7,996.9,16.35,8,7.0,19.1167,72.85,124.0,174.0,252.8,34.0,90.0,-0.6132,-0.7899,-0.866,-0.5,0.9885,51.4,HIGH
2022-08-10,Bombay / Santacruz,8,Monsoon,26.9,24.3,28.0,3.7,17.2,996.7,16.55,8,7.0,19.1167,72.85,37.1,195.1,281.0,124.0,-86.9,-0.6267,-0.7792,-0.866,-0.5,0.5181,41.2,LOW
2022-08-11,Bombay / Santacruz,8,Monsoon,27.7,24.8,29.6,4.8,19.7,998.3,14.95,8,7.0,19.1167,72.85,31.0,192.1,291.9,37.1,-6.1,-0.64,-0.7683,-0.866,-0.5,0.442,22.5,LOW
2022-08-12,Bombay / Santacruz,8,Monsoon,27.2,24.6,29.5,4.9,19.0,1001.9,11.35,8,7.0,19.1167,72.85,30.0,98.1,297.0,31.0,-1.0,-0.6532,-0.7572,-0.866,-0.5,0.4505,16.6,LOW
2022-08-13,Bombay / Santacruz,8,Monsoon,27.7,25.0,30.7,5.7,17.4,1003.9,9.35,8,7.0,19.1167,72.85,22.1,83.1,294.2,30.0,-7.9,-0.6661,-0.7459,-0.866,-0.5,0.3015,24.7,LOW
2022-08-14,Bombay / Santacruz,8,Monsoon,27.7,24.8,30.3,5.5,15.9,1005.6,7.65,8,7.0,19.1167,72.85,10.9,63.0,289.1,22.1,-11.2,-0.6788,-0.7343,-0.866,-0.5,0.2012,22.2,LOW
2022-08-15,Bombay / Santacruz,8,Monsoon,27.4,26.0,29.3,3.3,14.9,1005.6,7.65,8,7.0,19.1167,72.85,11.9,44.9,267.0,10.9,1.0,-0.6914,-0.7225,-0.866,-0.5,0.2554,10.1,LOW
2022-08-16,Bombay / Santacruz,8,Monsoon,26.7,25.0,28.0,3.0,14.8,1004.7,8.55,8,7.0,19.1167,72.85,7.9,30.7,150.9,11.9,-4.0,-0.7037,-0.7105,-0.866,-0.5,0.0928,4.9,SAFE
2022-08-17,Bombay / Santacruz,8,Monsoon,27.2,25.0,30.0,5.0,16.2,1006.1,7.15,8,7.0,19.1167,72.85,56.9,76.7,170.7,7.9,49.0,-0.7158,-0.6983,-0.866,-0.5,0.6109,16.7,MODERATE
2022-08-18,Bombay / Santacruz,8,Monsoon,27.6,24.6,30.3,5.7,15.5,1006.6,6.65,8,7.0,19.1167,72.85,11.9,76.7,151.6,56.9,-45.0,-0.7277,-0.6859,-0.866,-0.5,0.1385,12.0,LOW
2022-08-19,Bombay / Santacruz,8,Monsoon,27.6,25.4,30.5,5.1,14.4,1006.9,6.35,8,7.0,19.1167,72.85,6.1,74.9,127.7,11.9,-5.8,-0.7394,-0.6733,-0.866,-0.5,0.2585,12.8,LOW
2022-08-20,Bombay / Santacruz,8,Monsoon,27.0,24.6,29.0,4.4,14.5,1006.8,6.45,8,7.0,19.1167,72.85,22.1,40.1,127.7,6.1,16.0,-0.7509,-0.6605,-0.866,-0.5,0.3679,3.9,LOW
2022-08-21,Bombay / Santacruz,8,Monsoon,27.6,25.6,30.5,4.9,15.9,1005.9,7.35,8,7.0,19.1167,72.85,5.1,33.3,121.9,22.1,-17.0,-0.7621,-0.6474,-0.866,-0.5,0.0,0.2,SAFE
2022-08-22,Bombay / Santacruz,8,Monsoon,27.6,26.0,29.9,3.9,15.9,1004.5,8.75,8,7.0,19.1167,72.85,4.1,31.3,114.1,5.1,-1.0,-0.7731,-0.6342,-0.866,-0.5,0.0781,10.7,SAFE
2022-08-23,Bombay / Santacruz,8,Monsoon,27.6,25.0,32.5,7.5,15.3,1004.5,8.75,8,7.0,19.1167,72.85,11.9,21.1,118.1,4.1,7.8,-0.7839,-0.6208,-0.866,-0.5,0.2577,6.2,LOW
2022-08-24,Bombay / Santacruz,8,Monsoon,27.3,25.4,30.4,5.0,14.1,1007.1,6.15,8,7.0,19.1167,72.85,9.9,25.9,71.1,11.9,-2.0,-0.7945,-0.6073,-0.866,-0.5,0.2565,10.5,LOW
2022-08-25,Bombay / Santacruz,8,Monsoon,27.8,25.4,30.7,5.3,10.2,1007.1,6.15,8,7.0,19.1167,72.85,3.0,24.8,62.2,9.9,-6.9,-0.8048,-0.5935,-0.866,-0.5,0.0809,0.0,SAFE
2022-08-26,Bombay / Santacruz,8,Monsoon,28.1,25.6,30.8,5.2,10.7,1007.2,6.05,8,7.0,19.1167,72.85,0.0,12.9,56.1,3.0,-3.0,-0.8149,-0.5796,-0.866,-0.5,0.0,0.8,SAFE
2022-08-27,Bombay / Santacruz,8,Monsoon,28.5,24.8,31.2,6.4,11.0,1007.5,5.75,8,7.0,19.1167,72.85,0.0,3.0,34.0,0.0,0.0,-0.8248,-0.5655,-0.866,-0.5,0.0,0.0,SAFE
2022-08-28,Bombay / Santacruz,8,Monsoon,28.5,24.6,31.4,6.8,10.3,1007.2,6.05,8,7.0,19.1167,72.85,0.0,0.0,28.9,0.0,0.0,-0.8344,-0.5512,-0.866,-0.5,0.0,0.0,SAFE
2022-08-29,Bombay / Santacruz,8,Monsoon,28.2,24.4,31.1,6.7,8.6,1008.3,4.95,8,7.0,19.1167,72.85,2.0,2.0,26.8,0.0,2.0,-0.8437,-0.5368,-0.866,-0.5,0.0,0.0,SAFE
2022-08-30,Bombay / Santacruz,8,Monsoon,29.1,25.2,31.5,6.3,9.8,1008.2,5.05,8,7.0,19.1167,72.85,0.3,2.3,15.2,2.0,-1.7,-0.8528,-0.5222,-0.866,-0.5,0.0,0.0,SAFE
2022-08-31,Bombay / Santacruz,8,Monsoon,28.8,26.9,32.2,5.3,9.2,1006.6,6.65,8,7.0,19.1167,72.85,0.0,2.3,5.3,0.3,-0.3,-0.8617,-0.5074,-0.866,-0.5,0.0,0.0,SAFE
2022-09-01,Bombay / Santacruz,9,Monsoon,28.8,23.8,31.4,7.6,10.2,1006.5,6.75,8,7.0,19.1167,72.85,9.9,10.2,12.2,0.0,9.9,-0.8703,-0.4925,-1.0,-0.0,0.1775,5.8,LOW
2022-09-02,Bombay / Santacruz,9,Monsoon,29.2,25.6,33.7,8.1,8.6,1006.7,6.55,8,7.0,19.1167,72.85,0.0,9.9,12.2,9.9,-9.9,-0.8786,-0.4775,-1.0,-0.0,0.0301,4.6,SAFE
2022-09-03,Bombay / Santacruz,9,Monsoon,29.4,25.4,33.0,7.6,8.8,1006.9,6.35,8,7.0,19.1167,72.85,2.0,11.9,14.2,0.0,2.0,-0.8867,-0.4623,-1.0,-0.0,0.1458,0.0,SAFE
2022-09-04,Bombay / Santacruz,9,Monsoon,28.6,24.7,31.1,6.4,7.6,1007.2,6.05,8,7.0,19.1167,72.85,94.0,96.0,108.2,2.0,92.0,-0.8945,-0.447,-1.0,-0.0,0.5861,59.4,MODERATE
2022-09-05,Bombay / Santacruz,9,Monsoon,28.9,26.2,31.4,5.2,11.1,1007.5,5.75,8,7.0,19.1167,72.85,5.1,101.1,111.3,94.0,-88.9,-0.9021,-0.4315,-1.0,-0.0,0.0018,19.6,SAFE
2022-09-06,Bombay / Santacruz,9,Monsoon,29.1,25.8,31.0,5.2,9.8,1007.0,6.25,8,7.0,19.1167,72.85,0.0,99.1,111.0,5.1,-5.1,-0.9094,-0.4159,-1.0,-0.0,0.1508,5.2,SAFE
2022-09-07,Bombay / Santacruz,9,Monsoon,28.1,25.0,32.1,7.1,10.6,1006.2,7.05,8,7.0,19.1167,72.85,1.0,6.1,112.0,0.0,1.0,-0.9164,-0.4002,-1.0,-0.0,0.0675,0.0,SAFE
2022-09-08,Bombay / Santacruz,9,Monsoon,27.6,24.2,32.0,7.8,8.8,1005.3,7.95,8,7.0,19.1167,72.85,25.9,26.9,128.0,1.0,24.9,-0.9232,-0.3844,-1.0,-0.0,0.1876,24.9,LOW
2022-09-09,Bombay / Santacruz,9,Monsoon,27.9,24.0,31.7,7.7,7.9,1003.8,9.45,8,7.0,19.1167,72.85,63.0,89.9,191.0,25.9,37.1,-0.9296,-0.3685,-1.0,-0.0,0.3749,12.0,MODERATE
2022-09-10,Bombay / Santacruz,9,Monsoon,28.2,25.0,32.0,7.0,7.1,1004.1,9.15,8,7.0,19.1167,72.85,7.9,96.8,196.9,63.0,-55.1,-0.9358,-0.3524,-1.0,-0.0,0.0407,14.0,SAFE
2022-09-11,Bombay / Santacruz,9,Monsoon,28.5,24.6,31.6,7.0,6.9,1001.9,11.35,8,7.0,19.1167,72.85,8.9,79.8,111.8,7.9,1.0,-0.9418,-0.3363,-1.0,-0.0,0.1569,4.1,LOW
2022-09-12,Bombay / Santacruz,9,Monsoon,27.8,25.2,30.5,5.3,9.2,1000.6,12.65,8,7.0,19.1167,72.85,2.0,18.8,108.7,8.9,-6.9,-0.9474,-0.32,-1.0,-0.0,0.1791,9.5,SAFE
2022-09-13,Bombay / Santacruz,9,Monsoon,26.7,24.5,28.0,3.5,10.6,1002.5,10.75,8,7.0,19.1167,72.85,93.0,103.9,201.7,2.0,91.0,-0.9528,-0.3037,-1.0,-0.0,0.7994,38.7,HIGH
2022-09-14,Bombay / Santacruz,9,Monsoon,27.8,24.9,30.1,5.2,13.9,1005.5,7.75,8,7.0,19.1167,72.85,22.1,117.1,222.8,93.0,-70.9,-0.9579,-0.2873,-1.0,-0.0,0.4575,19.7,LOW
2022-09-15,Bombay / Santacruz,9,Monsoon,27.4,25.4,30.1,4.7,16.0,1006.7,6.55,8,7.0,19.1167,72.85,22.1,137.2,219.0,22.1,0.0,-0.9627,-0.2707,-1.0,-0.0,0.2773,9.2,LOW
2022-09-16,Bombay / Santacruz,9,Monsoon,26.5,24.4,28.0,3.6,13.6,1005.8,7.45,8,7.0,19.1167,72.85,39.1,83.3,195.1,22.1,17.0,-0.9672,-0.2541,-1.0,-0.0,0.246,17.0,LOW
2022-09-17,Bombay / Santacruz,9,Monsoon,27.3,24.4,30.4,6.0,15.4,1006.2,7.05,8,7.0,19.1167,72.85,0.0,61.2,187.2,39.1,-39.1,-0.9714,-0.2375,-1.0,-0.0,0.1906,0.0,SAFE
2022-09-18,Bombay / Santacruz,9,Monsoon,25.8,23.8,27.0,3.2,10.9,1008.3,4.95,8,7.0,19.1167,72.85,55.9,95.0,234.2,0.0,55.9,-0.9753,-0.2207,-1.0,-0.0,0.5354,25.6,MODERATE
2022-09-19,Bombay / Santacruz,9,Monsoon,25.6,23.3,27.0,3.7,5.9,1009.2,4.05,8,7.0,19.1167,72.85,17.0,72.9,249.2,55.9,-38.9,-0.979,-0.2039,-1.0,-0.0,0.283,5.9,LOW
2022-09-20,Bombay / Santacruz,9,Monsoon,25.8,22.7,28.4,5.7,7.6,1008.7,4.55,8,7.0,19.1167,72.85,19.1,92.0,175.3,17.0,2.1,-0.9824,-0.187,-1.0,-0.0,0.0687,4.9,LOW
2022-09-21,Bombay / Santacruz,9,Monsoon,25.1,23.2,26.4,3.2,8.7,1008.9,4.35,8,7.0,19.1167,72.85,0.0,36.1,153.2,19.1,-19.1,-0.9854,-0.1701,-1.0,-0.0,0.0098,9.3,SAFE
2022-09-22,Bombay / Santacruz,9,Monsoon,24.1,23.0,26.0,3.0,5.1,1009.1,4.15,8,7.0,19.1167,72.85,0.5,19.6,131.6,0.0,0.5,-0.9882,-0.1531,-1.0,-0.0,0.0754,0.0,SAFE
2022-09-23,Bombay / Santacruz,9,Monsoon,26.7,22.4,31.0,8.6,9.4,1008.8,4.45,8,7.0,19.1167,72.85,6.1,6.6,98.6,0.5,5.6,-0.9907,-0.1361,-1.0,-0.0,0.1382,0.0,SAFE
2022-09-24,Bombay / Santacruz,9,Monsoon,27.3,24.0,31.1,7.1,8.4,1007.8,5.45,8,7.0,19.1167,72.85,23.9,30.5,122.5,6.1,17.8,-0.9929,-0.1191,-1.0,-0.0,0.2925,7.6,LOW
2022-09-25,Bombay / Santacruz,9,Monsoon,27.6,24.1,31.5,7.4,9.1,1008.0,5.25,8,7.0,19.1167,72.85,0.8,30.8,67.4,23.9,-23.1,-0.9948,-0.102,-1.0,-0.0,0.112,3.8,SAFE
2022-09-26,Bombay / Santacruz,9,Monsoon,27.3,24.6,30.0,5.4,9.0,1009.7,3.55,8,7.0,19.1167,72.85,0.0,24.7,50.4,0.8,-0.8,-0.9964,-0.0848,-1.0,-0.0,0.1184,0.0,SAFE
2022-09-27,Bombay / Santacruz,9,Monsoon,27.7,24.4,30.0,5.6,6.4,1008.7,4.55,8,7.0,19.1167,72.85,3.0,3.8,34.3,0.0,3.0,-0.9977,-0.0677,-1.0,-0.0,0.0763,2.8,SAFE
2022-09-28,Bombay / Santacruz,9,Monsoon,28.1,24.6,31.1,6.5,7.9,1007.5,5.75,8,7.0,19.1167,72.85,0.5,3.5,34.8,3.0,-2.5,-0.9987,-0.0505,-1.0,-0.0,0.0,0.0,SAFE
2022-09-29,Bombay / Santacruz,9,Monsoon,28.3,25.6,30.0,4.4,6.3,1007.1,6.15,8,7.0,19.1167,72.85,10.9,14.4,45.2,0.5,10.4,-0.9994,-0.0333,-1.0,-0.0,0.1556,16.1,LOW
2022-09-30,Bombay / Santacruz,9,Monsoon,29.2,25.6,32.1,6.5,8.2,1007.7,5.55,8,7.0,19.1167,72.85,2.0,13.4,41.1,10.9,-8.9,-0.9999,-0.0161,-1.0,-0.0,0.0837,4.0,SAFE
2023-07-01,Bombay / Santacruz,7,Monsoon,27.9,24.2,29.0,4.8,15.2,1006.3,6.95,8,7.0,19.1167,72.85,111.0,123.9,128.2,2.0,109.0,0.0108,-0.9999,-0.5,-0.866,0.7593,54.6,HIGH
2023-07-02,Bombay / Santacruz,7,Monsoon,27.8,26.0,30.2,4.2,11.7,1005.3,7.95,8,7.0,19.1167,72.85,22.1,135.1,149.5,111.0,-88.9,-0.0065,-1.0,-0.5,-0.866,0.3684,21.2,LOW
2023-07-03,Bombay / Santacruz,7,Monsoon,29.1,26.4,31.0,4.6,11.9,1003.3,9.95,8,7.0,19.1167,72.85,45.0,178.1,194.5,22.1,22.9,-0.0237,-0.9997,-0.5,-0.866,0.5897,31.5,MODERATE
2023-07-04,Bombay / Santacruz,7,Monsoon,27.3,25.4,29.0,3.6,5.3,1001.7,11.55,8,7.0,19.1167,72.85,20.1,87.2,211.6,45.0,-24.9,-0.0408,-0.9992,-0.5,-0.866,0.3061,24.2,LOW
2023-07-05,Bombay / Santacruz,7,Monsoon,27.2,26.0,29.0,3.0,6.5,1000.2,13.05,8,7.0,19.1167,72.85,89.9,155.0,301.0,20.1,69.8,-0.058,-0.9983,-0.5,-0.866,0.7687,42.2,MODERATE
2023-07-06,Bombay / Santacruz,7,Monsoon,26.9,22.5,28.0,5.5,10.7,1001.6,11.65,8,7.0,19.1167,72.85,69.1,179.1,359.2,89.9,-20.8,-0.0752,-0.9972,-0.5,-0.866,0.8018,38.5,MODERATE
2023-07-07,Bombay / Santacruz,7,Monsoon,27.9,25.4,30.4,5.0,14.2,1002.5,10.75,8,7.0,19.1167,72.85,54.1,213.1,411.3,69.1,-15.0,-0.0923,-0.9957,-0.5,-0.866,0.6647,35.4,MODERATE
2023-07-08,Bombay / Santacruz,7,Monsoon,29.3,25.8,31.1,5.3,15.9,1004.5,8.75,8,7.0,19.1167,72.85,63.0,186.2,363.3,54.1,8.9,-0.1094,-0.994,-0.5,-0.866,0.5728,43.8,MODERATE
2023-07-09,Bombay / Santacruz,7,Monsoon,28.7,25.6,31.2,5.6,14.7,1005.6,7.65,8,7.0,19.1167,72.85,7.1,124.2,348.3,63.0,-55.9,-0.1265,-0.992,-0.5,-0.866,0.3612,17.5,LOW
2023-07-10,Bombay / Santacruz,7,Monsoon,29.7,26.2,31.6,5.4,15.9,1006.2,7.05,8,7.0,19.1167,72.85,13.0,83.1,316.3,7.1,5.9,-0.1436,-0.9896,-0.5,-0.866,0.0929,0.0,SAFE
2023-07-11,Bombay / Santacruz,7,Monsoon,29.4,27.0,31.8,4.8,13.8,1006.5,6.75,8,7.0,19.1167,72.85,6.1,26.2,302.3,13.0,-6.9,-0.1606,-0.987,-0.5,-0.866,0.0029,7.7,SAFE
2023-07-12,Bombay / Santacruz,7,Monsoon,29.1,27.6,30.2,2.6,14.0,1005.1,8.15,8,7.0,19.1167,72.85,0.0,19.1,212.4,6.1,-6.1,-0.1775,-0.9841,-0.5,-0.866,0.1106,3.4,SAFE
2023-07-13,Bombay / Santacruz,7,Monsoon,29.0,28.0,31.0,3.0,13.9,1004.6,8.65,8,7.0,19.1167,72.85,1.0,7.1,144.3,0.0,1.0,-0.1944,-0.9809,-0.5,-0.866,0.1165,0.0,SAFE
2023-07-14,Bombay / Santacruz,7,Monsoon,26.6,25.0,29.0,4.0,8.9,1006.5,6.75,8,7.0,19.1167,72.85,53.1,54.1,143.3,1.0,52.1,-0.2113,-0.9774,-0.5,-0.866,0.2626,28.2,LOW
2023-07-15,Bombay / Santacruz,7,Monsoon,29.4,24.8,31.0,6.2,12.3,1006.9,6.35,8,7.0,19.1167,72.85,52.1,106.2,132.4,53.1,-1.0,-0.2281,-0.9736,-0.5,-0.866,0.4263,32.7,LOW
2023-07-16,Bombay / Santacruz,7,Monsoon,28.6,26.4,31.4,5.0,14.7,1006.0,7.25,8,7.0,19.1167,72.85,4.1,109.3,129.4,52.1,-48.0,-0.2448,-0.9696,-0.5,-0.866,0.1675,5.5,SAFE
2023-07-17,Bombay / Santacruz,7,Monsoon,26.7,25.0,28.0,3.0,12.1,1004.8,8.45,8,7.0,19.1167,72.85,25.9,82.1,142.3,4.1,21.8,-0.2614,-0.9652,-0.5,-0.866,0.2482,19.2,LOW
2023-07-18,Bombay / Santacruz,7,Monsoon,27.3,24.4,28.0,3.6,13.9,1003.4,9.85,8,7.0,19.1167,72.85,119.9,149.9,256.1,25.9,94.0,-0.278,-0.9606,-0.5,-0.866,0.9701,47.9,HIGH
2023-07-19,Bombay / Santacruz,7,Monsoon,27.2,24.8,28.0,3.2,15.6,1001.1,12.15,8,7.0,19.1167,72.85,53.1,198.9,309.2,119.9,-66.8,-0.2945,-0.9557,-0.5,-0.866,0.6847,44.0,MODERATE
2023-07-20,Bombay / Santacruz,7,Monsoon,27.3,25.0,28.0,3.0,13.3,1001.7,11.55,8,7.0,19.1167,72.85,99.1,272.1,407.3,53.1,46.0,-0.3109,-0.9505,-0.5,-0.866,0.9483,17.4,HIGH
2023-07-21,Bombay / Santacruz,7,Monsoon,26.6,25.0,28.0,3.0,12.5,1003.9,9.35,8,7.0,19.1167,72.85,29.0,181.2,383.2,99.1,-70.1,-0.3272,-0.945,-0.5,-0.866,0.4061,24.0,LOW
2023-07-22,Bombay / Santacruz,7,Monsoon,26.6,23.8,28.0,4.2,13.9,1004.3,8.95,8,7.0,19.1167,72.85,204.0,332.1,535.1,29.0,175.0,-0.3434,-0.9392,-0.5,-0.866,1.0,88.5,HIGH
2023-07-23,Bombay / Santacruz,7,Monsoon,26.9,24.9,29.0,4.1,13.6,1003.3,9.95,8,7.0,19.1167,72.85,49.0,282.0,580.0,204.0,-155.0,-0.3595,-0.9332,-0.5,-0.866,0.8638,58.5,MODERATE
2023-07-24,Bombay / Santacruz,7,Monsoon,27.3,25.0,28.0,3.0,13.1,1003.8,9.45,8,7.0,19.1167,72.85,101.1,354.1,655.2,49.0,52.1,-0.3755,-0.9268,-0.5,-0.866,1.0,43.5,HIGH
2023-07-25,Bombay / Santacruz,7,Monsoon,27.1,24.8,28.0,3.2,16.3,1005.5,7.75,8,7.0,19.1167,72.85,55.9,206.0,591.2,101.1,-45.2,-0.3914,-0.9202,-0.5,-0.866,0.561,14.5,MODERATE
2023-07-26,Bombay / Santacruz,7,Monsoon,26.3,25.0,28.0,3.0,14.7,1006.5,6.75,8,7.0,19.1167,72.85,86.1,243.1,624.2,55.9,30.2,-0.4071,-0.9134,-0.5,-0.866,0.9174,63.7,HIGH
2023-07-27,Bombay / Santacruz,7,Monsoon,26.3,24.4,28.2,3.8,15.8,1006.9,6.35,8,7.0,19.1167,72.85,145.0,287.0,670.1,86.1,58.9,-0.4228,-0.9062,-0.5,-0.866,1.0,50.0,HIGH
2023-07-28,Bombay / Santacruz,7,Monsoon,26.7,24.6,28.0,3.4,15.7,1007.1,6.15,8,7.0,19.1167,72.85,119.1,350.2,760.2,145.0,-25.9,-0.4383,-0.8988,-0.5,-0.866,1.0,40.8,HIGH
2023-07-29,Bombay / Santacruz,7,Monsoon,27.6,24.6,29.2,4.6,15.0,1007.5,5.75,8,7.0,19.1167,72.85,36.1,300.2,592.3,119.1,-83.0,-0.4537,-0.8912,-0.5,-0.866,0.7232,31.0,MODERATE
2023-07-30,Bombay / Santacruz,7,Monsoon,28.3,25.6,30.0,4.4,14.8,1006.7,6.55,8,7.0,19.1167,72.85,24.9,180.1,568.2,36.1,-11.2,-0.469,-0.8832,-0.5,-0.866,0.3635,17.4,LOW
2023-07-31,Bombay / Santacruz,7,Monsoon,28.4,25.4,30.6,5.2,14.2,1005.9,7.35,8,7.0,19.1167,72.85,9.9,70.9,477.0,24.9,-15.0,-0.4841,-0.875,-0.5,-0.866,0.1664,0.0,LOW
2023-08-01,Bombay / Santacruz,8,Monsoon,28.3,25.8,30.6,4.8,17.8,1006.1,7.15,8,7.0,19.1167,72.85,3.0,37.8,424.1,9.9,-6.9,-0.4991,-0.8666,-0.866,-0.5,0.1311,0.6,SAFE
2023-08-02,Bombay / Santacruz,8,Monsoon,28.7,26.8,30.8,4.0,15.0,1006.8,6.45,8,7.0,19.1167,72.85,2.0,14.9,340.0,3.0,-1.0,-0.5139,-0.8578,-0.866,-0.5,0.0266,3.3,SAFE
2023-08-03,Bombay / Santacruz,8,Monsoon,28.3,26.8,30.0,3.2,16.2,1006.2,7.05,8,7.0,19.1167,72.85,1.0,6.0,196.0,2.0,-1.0,-0.5286,-0.8489,-0.866,-0.5,0.1309,0.9,SAFE
2023-08-04,Bombay / Santacruz,8,Monsoon,28.4,26.5,30.0,3.5,17.6,1007.2,6.05,8,7.0,19.1167,72.85,4.1,7.1,81.0,1.0,3.1,-0.5431,-0.8397,-0.866,-0.5,0.2741,1.3,LOW
2023-08-05,Bombay / Santacruz,8,Monsoon,28.8,26.0,30.0,4.0,16.1,1009.1,4.15,8,7.0,19.1167,72.85,6.1,11.2,51.0,4.1,2.0,-0.5575,-0.8302,-0.866,-0.5,0.0148,2.0,SAFE
2023-08-06,Bombay / Santacruz,8,Monsoon,28.6,27.0,30.4,3.4,16.2,1008.7,4.55,8,7.0,19.1167,72.85,0.3,10.5,26.4,6.1,-5.8,-0.5717,-0.8205,-0.866,-0.5,0.0,6.4,SAFE
2023-08-07,Bombay / Santacruz,8,Monsoon,28.7,27.5,31.0,3.5,15.2,1007.2,6.05,8,7.0,19.1167,72.85,3.0,9.4,19.5,0.3,2.7,-0.5857,-0.8105,-0.866,-0.5,0.0,0.7,SAFE
2023-08-08,Bombay / Santacruz,8,Monsoon,28.9,27.0,31.0,4.0,16.2,1007.4,5.85,8,7.0,19.1167,72.85,0.0,3.3,16.5,3.0,-3.0,-0.5996,-0.8003,-0.866,-0.5,0.0,0.0,SAFE
2023-08-09,Bombay / Santacruz,8,Monsoon,28.8,27.0,31.4,4.4,14.2,1009.5,3.75,8,7.0,19.1167,72.85,0.5,3.5,15.0,0.0,0.5,-0.6132,-0.7899,-0.866,-0.5,0.0,0.0,SAFE
2023-08-10,Bombay / Santacruz,8,Monsoon,28.6,26.0,31.3,5.3,14.5,1010.1,3.15,8,7.0,19.1167,72.85,2.0,2.5,16.0,0.5,1.5,-0.6267,-0.7792,-0.866,-0.5,0.0822,3.6,SAFE
2023-08-11,Bombay / Santacruz,8,Monsoon,28.7,26.2,31.3,5.1,15.6,1009.6,3.65,8,7.0,19.1167,72.85,5.1,7.6,17.0,2.0,3.1,-0.64,-0.7683,-0.866,-0.5,0.0975,9.4,SAFE
2023-08-12,Bombay / Santacruz,8,Monsoon,28.7,25.8,31.6,5.8,14.6,1009.3,3.95,8,7.0,19.1167,72.85,2.0,9.1,12.9,5.1,-3.1,-0.6532,-0.7572,-0.866,-0.5,0.0,0.0,SAFE
2023-08-13,Bombay / Santacruz,8,Monsoon,28.9,26.8,31.2,4.4,16.1,1007.8,5.45,8,7.0,19.1167,72.85,1.0,8.1,13.6,2.0,-1.0,-0.6661,-0.7459,-0.866,-0.5,0.0,2.1,SAFE
2023-08-14,Bombay / Santacruz,8,Monsoon,29.1,27.0,31.0,4.0,16.3,1008.1,5.15,8,7.0,19.1167,72.85,1.0,4.0,11.6,1.0,0.0,-0.6788,-0.7343,-0.866,-0.5,0.0,0.0,SAFE
2023-08-15,Bombay / Santacruz,8,Monsoon,29.0,27.0,30.4,3.4,13.8,1008.3,4.95,8,7.0,19.1167,72.85,0.0,2.0,11.6,1.0,-1.0,-0.6914,-0.7225,-0.866,-0.5,0.0,0.0,SAFE
2023-08-16,Bombay / Santacruz,8,Monsoon,29.0,28.0,31.2,3.2,14.4,1009.3,3.95,8,7.0,19.1167,72.85,4.2,5.2,15.3,0.0,4.2,-0.7037,-0.7105,-0.866,-0.5,0.0308,1.7,SAFE
2023-08-17,Bombay / Santacruz,8,Monsoon,29.0,28.0,31.0,3.0,15.2,1009.2,4.05,8,7.0,19.1167,72.85,4.4,8.6,17.7,4.2,0.2,-0.7158,-0.6983,-0.866,-0.5,0.0,0.0,SAFE
2023-08-18,Bombay / Santacruz,8,Monsoon,29.2,27.0,31.0,4.0,13.9,1008.1,5.15,8,7.0,19.1167,72.85,0.5,9.1,13.1,4.4,-3.9,-0.7277,-0.6859,-0.866,-0.5,0.1123,0.0,SAFE
2023-08-19,Bombay / Santacruz,8,Monsoon,28.6,26.0,30.0,4.0,14.1,1006.6,6.65,8,7.0,19.1167,72.85,4.1,9.0,15.2,0.5,3.6,-0.7394,-0.6733,-0.866,-0.5,0.2142,3.4,LOW
2023-08-20,Bombay / Santacruz,8,Monsoon,28.7,26.0,30.0,4.0,14.1,1006.6,6.65,8,7.0,19.1167,72.85,2.0,6.6,16.2,4.1,-2.1,-0.7509,-0.6605,-0.866,-0.5,0.0958,0.0,SAFE
2023-08-21,Bombay / Santacruz,8,Monsoon,28.2,25.4,31.2,5.8,13.5,1007.2,6.05,8,7.0,19.1167,72.85,4.1,10.2,19.3,2.0,2.1,-0.7621,-0.6474,-0.866,-0.5,0.0,3.5,SAFE
2023-08-22,Bombay / Santacruz,8,Monsoon,27.6,25.2,29.0,3.8,8.5,1007.3,5.95,8,7.0,19.1167,72.85,24.9,31.0,44.2,4.1,20.8,-0.7731,-0.6342,-0.866,-0.5,0.2223,8.1,LOW
2023-08-23,Bombay / Santacruz,8,Monsoon,28.3,25.2,30.2,5.0,12.4,1007.2,6.05,8,7.0,19.1167,72.85,6.1,35.1,46.1,24.9,-18.8,-0.7839,-0.6208,-0.866,-0.5,0.0,0.0,SAFE
2023-08-24,Bombay / Santacruz,8,Monsoon,28.4,26.1,30.8,4.7,12.9,1006.3,6.95,8,7.0,19.1167,72.85,3.0,34.0,44.7,6.1,-3.1,-0.7945,-0.6073,-0.866,-0.5,0.2238,4.4,LOW
2023-08-25,Bombay / Santacruz,8,Monsoon,28.5,27.0,31.0,4.0,14.1,1006.2,7.05,8,7.0,19.1167,72.85,2.0,11.1,46.2,3.0,-1.0,-0.8048,-0.5935,-0.866,-0.5,0.0819,0.0,SAFE
2023-08-26,Bombay / Santacruz,8,Monsoon,27.4,24.0,30.0,6.0,14.3,1007.7,5.55,8,7.0,19.1167,72.85,45.0,50.0,87.1,2.0,43.0,-0.8149,-0.5796,-0.866,-0.5,0.161,24.4,LOW
2023-08-27,Bombay / Santacruz,8,Monsoon,27.2,24.8,30.8,6.0,11.8,1008.8,4.45,8,7.0,19.1167,72.85,24.9,71.9,110.0,45.0,-20.1,-0.8248,-0.5655,-0.866,-0.5,0.2474,7.8,LOW
2023-08-28,Bombay / Santacruz,8,Monsoon,28.3,25.0,30.6,5.6,10.7,1008.3,4.95,8,7.0,19.1167,72.85,23.1,93.0,129.0,24.9,-1.8,-0.8344,-0.5512,-0.866,-0.5,0.3503,21.7,LOW
2023-08-29,Bombay / Santacruz,8,Monsoon,28.9,25.6,31.2,5.6,11.0,1008.1,5.15,8,7.0,19.1167,72.85,7.1,55.1,111.2,23.1,-16.0,-0.8437,-0.5368,-0.866,-0.5,0.1298,4.4,SAFE
2023-08-30,Bombay / Santacruz,8,Monsoon,29.0,25.4,31.6,6.2,9.9,1008.9,4.35,8,7.0,19.1167,72.85,0.8,31.0,105.9,7.1,-6.3,-0.8528,-0.5222,-0.866,-0.5,0.0682,6.6,SAFE
2023-08-31,Bombay / Santacruz,8,Monsoon,29.5,25.4,32.0,6.6,9.9,1008.6,4.65,8,7.0,19.1167,72.85,0.0,7.9,102.9,0.8,-0.8,-0.8617,-0.5074,-0.866,-0.5,0.0,0.0,SAFE
2023-09-01,Bombay / Santacruz,9,Monsoon,29.6,27.2,32.0,4.8,10.1,1008.5,4.75,8,7.0,19.1167,72.85,0.9,1.7,101.8,0.0,0.9,-0.8703,-0.4925,-1.0,-0.0,0.0,0.0,SAFE
2023-09-02,Bombay / Santacruz,9,Monsoon,27.8,25.4,29.0,3.6,9.6,1008.5,4.75,8,7.0,19.1167,72.85,1.0,1.9,57.8,0.9,0.1,-0.8786,-0.4775,-1.0,-0.0,0.0,0.0,SAFE
2023-09-03,Bombay / Santacruz,9,Monsoon,27.1,24.2,28.0,3.8,9.7,1007.6,5.65,8,7.0,19.1167,72.85,1.0,2.9,33.9,1.0,0.0,-0.8867,-0.4623,-1.0,-0.0,0.0,0.0,SAFE
2023-09-04,Bombay / Santacruz,9,Monsoon,28.8,25.0,32.0,7.0,9.8,1006.5,6.75,8,7.0,19.1167,72.85,0.3,2.3,11.1,1.0,-0.7,-0.8945,-0.447,-1.0,-0.0,0.0,0.0,SAFE
2023-09-05,Bombay / Santacruz,9,Monsoon,29.2,24.6,32.0,7.4,8.9,1005.9,7.35,8,7.0,19.1167,72.85,0.0,1.3,4.0,0.3,-0.3,-0.9021,-0.4315,-1.0,-0.0,0.0,0.0,SAFE
2023-09-06,Bombay / Santacruz,9,Monsoon,29.5,25.7,32.0,6.3,11.2,1005.7,7.55,8,7.0,19.1167,72.85,0.0,0.3,3.2,0.0,0.0,-0.9094,-0.4159,-1.0,-0.0,0.0,0.0,SAFE
2023-09-07,Bombay / Santacruz,9,Monsoon,26.4,24.4,29.0,4.6,10.6,1005.5,7.75,8,7.0,19.1167,72.85,7.9,7.9,11.1,0.0,7.9,-0.9164,-0.4002,-1.0,-0.0,0.2805,2.5,LOW
2023-09-08,Bombay / Santacruz,9,Monsoon,27.2,23.8,29.0,5.2,12.4,1005.7,7.55,8,7.0,19.1167,72.85,111.0,118.9,121.2,7.9,103.1,-0.9232,-0.3844,-1.0,-0.0,0.8251,29.3,HIGH
2023-09-09,Bombay / Santacruz,9,Monsoon,28.8,24.2,30.0,5.8,13.3,1005.7,7.55,8,7.0,19.1167,72.85,75.9,194.8,196.1,111.0,-35.1,-0.9296,-0.3685,-1.0,-0.0,0.7539,38.3,MODERATE
2023-09-10,Bombay / Santacruz,9,Monsoon,29.1,26.8,31.6,4.8,14.2,1006.0,7.25,8,7.0,19.1167,72.85,2.0,188.9,197.1,75.9,-73.9,-0.9358,-0.3524,-1.0,-0.0,0.3265,11.9,LOW
2023-09-11,Bombay / Santacruz,9,Monsoon,29.2,26.5,31.6,5.1,13.2,1006.4,6.85,8,7.0,19.1167,72.85,0.0,77.9,196.8,2.0,-2.0,-0.9418,-0.3363,-1.0,-0.0,0.1563,9.3,SAFE
2023-09-12,Bombay / Santacruz,9,Monsoon,29.1,26.6,31.6,5.0,14.0,1007.3,5.95,8,7.0,19.1167,72.85,0.0,2.0,196.8,0.0,0.0,-0.9474,-0.32,-1.0,-0.0,0.0,0.0,SAFE
2023-09-13,Bombay / Santacruz,9,Monsoon,29.2,27.0,31.8,4.8,14.2,1006.5,6.75,8,7.0,19.1167,72.85,0.3,0.3,197.1,0.0,0.3,-0.9528,-0.3037,-1.0,-0.0,0.0,0.0,SAFE
2023-09-14,Bombay / Santacruz,9,Monsoon,26.8,25.0,31.2,6.2,9.6,1006.6,6.65,8,7.0,19.1167,72.85,13.0,13.3,202.2,0.3,12.7,-0.9579,-0.2873,-1.0,-0.0,0.1874,5.7,LOW
2023-09-15,Bombay / Santacruz,9,Monsoon,28.4,23.8,31.8,8.0,10.2,1006.5,6.75,8,7.0,19.1167,72.85,55.1,68.4,146.3,13.0,42.1,-0.9627,-0.2707,-1.0,-0.0,0.3265,27.3,LOW
2023-09-16,Bombay / Santacruz,9,Monsoon,28.8,25.0,30.2,5.2,15.8,1005.9,7.35,8,7.0,19.1167,72.85,3.0,71.1,73.4,55.1,-52.1,-0.9672,-0.2541,-1.0,-0.0,0.0553,6.2,SAFE
2023-09-17,Bombay / Santacruz,9,Monsoon,28.2,25.0,30.6,5.6,14.1,1005.1,8.15,8,7.0,19.1167,72.85,2.0,60.1,73.4,3.0,-1.0,-0.9714,-0.2375,-1.0,-0.0,0.0289,7.1,SAFE
2023-09-18,Bombay / Santacruz,9,Monsoon,28.1,25.6,31.6,6.0,12.9,1004.9,8.35,8,7.0,19.1167,72.85,27.9,32.9,101.3,2.0,25.9,-0.9753,-0.2207,-1.0,-0.0,0.4503,6.0,LOW
2023-09-19,Bombay / Santacruz,9,Monsoon,29.6,25.2,32.0,6.8,12.5,1006.3,6.95,8,7.0,19.1167,72.85,10.9,40.8,112.2,27.9,-17.0,-0.979,-0.2039,-1.0,-0.0,0.2181,7.2,LOW
2023-09-20,Bombay / Santacruz,9,Monsoon,27.8,25.8,32.0,6.2,10.5,1006.8,6.45,8,7.0,19.1167,72.85,10.9,49.7,122.8,10.9,0.0,-0.9824,-0.187,-1.0,-0.0,0.2077,8.0,LOW
2023-09-21,Bombay / Santacruz,9,Monsoon,28.2,25.7,32.6,6.9,9.8,1007.6,5.65,8,7.0,19.1167,72.85,19.1,40.9,128.9,10.9,8.2,-0.9854,-0.1701,-1.0,-0.0,0.0925,9.6,LOW
2023-09-22,Bombay / Santacruz,9,Monsoon,27.1,25.4,28.2,2.8,6.1,1007.9,5.35,8,7.0,19.1167,72.85,19.1,49.1,92.9,19.1,0.0,-0.9882,-0.1531,-1.0,-0.0,0.2813,15.0,LOW
2023-09-23,Bombay / Santacruz,9,Monsoon,26.8,25.4,29.0,3.6,6.4,1008.7,4.55,8,7.0,19.1167,72.85,1.0,39.2,90.9,19.1,-18.1,-0.9907,-0.1361,-1.0,-0.0,0.0982,0.0,SAFE
2023-09-24,Bombay / Santacruz,9,Monsoon,26.7,24.6,29.2,4.6,6.1,1009.0,4.25,8,7.0,19.1167,72.85,16.0,36.1,104.9,1.0,15.0,-0.9929,-0.1191,-1.0,-0.0,0.2033,2.2,LOW
2023-09-25,Bombay / Santacruz,9,Monsoon,28.2,24.8,31.2,6.4,8.3,1007.8,5.45,8,7.0,19.1167,72.85,9.9,26.9,86.9,16.0,-6.1,-0.9948,-0.102,-1.0,-0.0,0.034,8.5,SAFE
2023-09-26,Bombay / Santacruz,9,Monsoon,28.4,25.4,31.0,5.6,9.6,1007.4,5.85,8,7.0,19.1167,72.85,0.5,26.4,76.5,9.9,-9.4,-0.9964,-0.0848,-1.0,-0.0,0.1056,13.0,SAFE
2023-09-27,Bombay / Santacruz,9,Monsoon,27.2,25.0,30.2,5.2,9.0,1007.1,6.15,8,7.0,19.1167,72.85,7.9,18.3,73.5,0.5,7.4,-0.9977,-0.0677,-1.0,-0.0,0.0691,3.6,SAFE
2023-09-28,Bombay / Santacruz,9,Monsoon,28.2,23.9,33.0,9.1,7.3,1005.5,7.75,8,7.0,19.1167,72.85,30.0,38.4,84.4,7.9,22.1,-0.9987,-0.0505,-1.0,-0.0,0.1739,10.1,LOW
2023-09-29,Bombay / Santacruz,9,Monsoon,28.7,24.7,33.2,8.5,7.0,1004.9,8.35,8,7.0,19.1167,72.85,51.1,89.0,116.4,30.0,21.1,-0.9994,-0.0333,-1.0,-0.0,0.5127,26.5,MODERATE
2023-09-30,Bombay / Santacruz,9,Monsoon,29.1,24.4,33.0,8.6,9.5,1004.6,8.65,8,7.0,19.1167,72.85,6.1,87.2,121.5,51.1,-45.0,-0.9999,-0.0161,-1.0,-0.0,0.0465,17.1,SAFE
2024-07-01,Bombay / Santacruz,7,Monsoon,29.0,28.0,31.8,3.8,18.8,1001.7,11.55,8,7.0,19.1167,72.85,8.9,66.1,114.4,6.1,2.8,-0.0065,-1.0,-0.5,-0.866,0.2496,1.4,LOW
2024-07-02,Bombay / Santacruz,7,Monsoon,29.8,24.4,32.2,7.8,15.1,1001.4,11.85,8,7.0,19.1167,72.85,52.1,67.1,156.6,8.9,43.2,-0.0237,-0.9997,-0.5,-0.866,0.4797,23.8,MODERATE
2024-07-03,Bombay / Santacruz,7,Monsoon,29.8,28.2,32.2,4.0,16.7,1002.5,10.75,8,7.0,19.1167,72.85,0.8,61.8,156.9,52.1,-51.3,-0.0408,-0.9992,-0.5,-0.866,0.051,0.0,SAFE
2024-07-04,Bombay / Santacruz,7,Monsoon,29.6,28.8,33.2,4.4,16.2,1003.1,10.15,8,7.0,19.1167,72.85,2.0,54.9,151.0,0.8,1.2,-0.058,-0.9983,-0.5,-0.866,0.0529,0.0,SAFE
2024-07-05,Bombay / Santacruz,7,Monsoon,28.9,25.8,31.0,5.2,16.1,1001.4,11.85,8,7.0,19.1167,72.85,14.0,16.8,135.0,2.0,12.0,-0.0752,-0.9972,-0.5,-0.866,0.1184,7.1,LOW
2024-07-06,Bombay / Santacruz,7,Monsoon,29.2,26.0,32.2,6.2,17.7,1000.2,13.05,8,7.0,19.1167,72.85,19.1,35.1,103.0,14.0,5.1,-0.0923,-0.9957,-0.5,-0.866,0.2244,7.8,LOW
2024-07-07,Bombay / Santacruz,7,Monsoon,28.6,24.8,32.6,7.8,14.4,1001.7,11.55,8,7.0,19.1167,72.85,23.9,57.0,120.8,19.1,4.8,-0.1094,-0.994,-0.5,-0.866,0.2356,7.0,LOW
2024-07-08,Bombay / Santacruz,7,Monsoon,26.2,24.6,29.0,4.4,10.6,1001.7,11.55,8,7.0,19.1167,72.85,268.0,311.0,379.9,23.9,244.1,-0.1265,-0.992,-0.5,-0.866,1.0,43.7,CRITICAL
2024-07-09,Bombay / Santacruz,7,Monsoon,26.3,24.3,28.6,4.3,8.9,1003.2,10.05,8,7.0,19.1167,72.85,153.9,445.8,481.7,268.0,-114.1,-0.1436,-0.9896,-0.5,-0.866,1.0,108.9,HIGH
2024-07-10,Bombay / Santacruz,7,Monsoon,26.7,25.0,31.6,6.6,10.3,1005.7,7.55,8,7.0,19.1167,72.85,4.1,426.0,485.0,153.9,-149.8,-0.1606,-0.987,-0.5,-0.866,0.6529,24.4,LOW
2024-07-11,Bombay / Santacruz,7,Monsoon,25.7,24.0,27.0,3.0,9.3,1005.7,7.55,8,7.0,19.1167,72.85,19.1,177.1,502.1,4.1,15.0,-0.1775,-0.9841,-0.5,-0.866,0.2277,26.5,LOW
2024-07-12,Bombay / Santacruz,7,Monsoon,26.3,23.8,29.0,5.2,7.6,1003.7,9.55,8,7.0,19.1167,72.85,116.1,139.3,604.2,19.1,97.0,-0.1944,-0.9809,-0.5,-0.866,0.9228,36.5,HIGH
2024-07-13,Bombay / Santacruz,7,Monsoon,26.4,25.0,27.0,2.0,11.7,1002.8,10.45,8,7.0,19.1167,72.85,0.0,135.2,585.1,116.1,-116.1,-0.2113,-0.9774,-0.5,-0.866,0.4262,18.4,LOW
2024-07-14,Bombay / Santacruz,7,Monsoon,28.3,24.4,30.0,5.6,13.0,1000.8,12.45,8,7.0,19.1167,72.85,142.0,258.1,703.2,0.0,142.0,-0.2281,-0.9736,-0.5,-0.866,1.0,55.4,HIGH
2024-07-15,Bombay / Santacruz,7,Monsoon,26.8,24.6,28.4,3.8,8.0,1000.2,13.05,8,7.0,19.1167,72.85,5.1,147.1,440.3,142.0,-136.9,-0.2448,-0.9696,-0.5,-0.866,0.1786,13.0,LOW
2024-07-16,Bombay / Santacruz,7,Monsoon,27.0,25.2,29.0,3.8,9.2,1000.3,12.95,8,7.0,19.1167,72.85,49.0,196.1,335.4,5.1,43.9,-0.2614,-0.9652,-0.5,-0.866,0.5728,48.7,MODERATE
2024-07-17,Bombay / Santacruz,7,Monsoon,27.5,25.4,32.6,7.2,10.9,1001.6,11.65,8,7.0,19.1167,72.85,1.0,55.1,332.3,49.0,-48.0,-0.278,-0.9606,-0.5,-0.866,0.0169,12.7,SAFE
2024-07-18,Bombay / Santacruz,7,Monsoon,25.9,24.6,27.0,2.4,8.2,1002.1,11.15,8,7.0,19.1167,72.85,50.0,100.0,363.2,1.0,49.0,-0.2945,-0.9557,-0.5,-0.866,0.5142,25.5,MODERATE
2024-07-19,Bombay / Santacruz,7,Monsoon,26.9,26.0,29.0,3.0,14.5,1000.2,13.05,8,7.0,19.1167,72.85,93.0,144.0,340.1,50.0,43.0,-0.3109,-0.9505,-0.5,-0.866,0.5858,30.9,MODERATE
2024-07-20,Bombay / Santacruz,7,Monsoon,26.5,24.6,27.4,2.8,13.8,1001.2,12.05,8,7.0,19.1167,72.85,79.0,222.0,419.1,93.0,-14.0,-0.3272,-0.945,-0.5,-0.866,0.7432,22.4,MODERATE
2024-07-21,Bombay / Santacruz,7,Monsoon,26.8,25.0,28.2,3.2,15.6,1001.4,11.85,8,7.0,19.1167,72.85,93.0,265.0,370.1,79.0,14.0,-0.3434,-0.9392,-0.5,-0.866,0.8037,75.4,HIGH
2024-07-22,Bombay / Santacruz,7,Monsoon,26.3,24.6,28.0,3.4,14.6,1003.3,9.95,8,7.0,19.1167,72.85,176.0,348.0,541.0,93.0,83.0,-0.3595,-0.9332,-0.5,-0.866,1.0,92.1,HIGH
2024-07-23,Bombay / Santacruz,7,Monsoon,26.8,25.0,29.0,4.0,14.9,1004.0,9.25,8,7.0,19.1167,72.85,41.9,310.9,533.9,176.0,-134.1,-0.3755,-0.9268,-0.5,-0.866,0.6841,36.4,MODERATE
2024-07-24,Bombay / Santacruz,7,Monsoon,27.1,25.0,28.6,3.6,17.4,1001.4,11.85,8,7.0,19.1167,72.85,46.0,263.9,578.9,41.9,4.1,-0.3914,-0.9202,-0.5,-0.866,0.6911,43.8,MODERATE
2024-07-25,Bombay / Santacruz,7,Monsoon,26.2,24.0,27.6,3.6,15.7,1000.4,12.85,8,7.0,19.1167,72.85,68.1,156.0,597.0,46.0,22.1,-0.4071,-0.9134,-0.5,-0.866,0.6235,33.8,MODERATE
2024-07-26,Bombay / Santacruz,7,Monsoon,27.9,24.5,29.6,5.1,14.6,1002.2,11.05,8,7.0,19.1167,72.85,93.0,207.1,597.0,68.1,24.9,-0.4228,-0.9062,-0.5,-0.866,0.7187,38.5,MODERATE
2024-07-27,Bombay / Santacruz,7,Monsoon,27.6,26.0,29.6,3.6,15.1,1002.9,10.35,8,7.0,19.1167,72.85,0.0,161.1,518.0,93.0,-93.0,-0.4383,-0.8988,-0.5,-0.866,0.3541,5.8,LOW
2024-07-28,Bombay / Santacruz,7,Monsoon,27.7,26.5,29.4,2.9,15.0,1000.6,12.65,8,7.0,19.1167,72.85,8.9,101.9,433.9,0.0,8.9,-0.4537,-0.8912,-0.5,-0.866,0.2389,21.6,LOW
2024-07-29,Bombay / Santacruz,7,Monsoon,27.4,25.0,28.8,3.8,16.4,999.4,13.85,8,7.0,19.1167,72.85,8.9,17.8,266.8,8.9,0.0,-0.469,-0.8832,-0.5,-0.866,0.0141,1.0,SAFE
2024-07-30,Bombay / Santacruz,7,Monsoon,28.1,26.0,31.2,5.2,15.3,1002.4,10.85,8,7.0,19.1167,72.85,15.0,32.8,239.9,8.9,6.1,-0.4841,-0.875,-0.5,-0.866,0.4062,5.4,LOW
2024-07-31,Bombay / Santacruz,7,Monsoon,28.3,25.9,32.1,6.2,14.5,1004.7,8.55,8,7.0,19.1167,72.85,11.9,35.8,205.8,15.0,-3.1,-0.4991,-0.8666,-0.5,-0.866,0.2099,1.3,LOW
2024-08-01,Bombay / Santacruz,8,Monsoon,28.1,27.0,31.0,4.0,15.6,1004.6,8.65,8,7.0,19.1167,72.85,2.0,28.9,139.7,11.9,-9.9,-0.5139,-0.8578,-0.866,-0.5,0.0839,3.5,SAFE
2024-08-02,Bombay / Santacruz,8,Monsoon,27.4,25.6,29.8,4.2,15.6,1004.2,9.05,8,7.0,19.1167,72.85,7.1,21.0,53.8,2.0,5.1,-0.5286,-0.8489,-0.866,-0.5,0.2623,4.5,LOW
2024-08-03,Bombay / Santacruz,8,Monsoon,26.9,25.0,28.0,3.0,16.2,1004.3,8.95,8,7.0,19.1167,72.85,19.1,28.2,72.9,7.1,12.0,-0.5431,-0.8397,-0.866,-0.5,0.3779,11.4,LOW
2024-08-04,Bombay / Santacruz,8,Monsoon,27.3,25.2,28.8,3.6,15.7,1004.8,8.45,8,7.0,19.1167,72.85,97.0,123.2,161.0,19.1,77.9,-0.5575,-0.8302,-0.866,-0.5,0.7012,51.6,MODERATE
2024-08-05,Bombay / Santacruz,8,Monsoon,27.3,26.0,31.0,5.0,13.7,1005.9,7.35,8,7.0,19.1167,72.85,11.9,128.0,164.0,97.0,-85.1,-0.5717,-0.8205,-0.866,-0.5,0.3346,27.3,LOW
2024-08-06,Bombay / Santacruz,8,Monsoon,27.4,26.0,30.4,4.4,13.3,1006.2,7.05,8,7.0,19.1167,72.85,9.9,118.8,158.9,11.9,-2.0,-0.5857,-0.8105,-0.866,-0.5,0.1706,12.8,LOW
2024-08-07,Bombay / Santacruz,8,Monsoon,28.0,25.6,30.8,5.2,14.8,1006.3,6.95,8,7.0,19.1167,72.85,23.1,44.9,170.1,9.9,13.2,-0.5996,-0.8003,-0.866,-0.5,0.2141,4.7,LOW
2024-08-08,Bombay / Santacruz,8,Monsoon,28.1,27.0,31.0,4.0,12.3,1007.1,6.15,8,7.0,19.1167,72.85,3.0,36.0,171.1,23.1,-20.1,-0.6132,-0.7899,-0.866,-0.5,0.0948,4.1,SAFE
2024-08-09,Bombay / Santacruz,8,Monsoon,28.2,25.8,30.8,5.0,14.0,1008.0,5.25,8,7.0,19.1167,72.85,3.0,29.1,167.0,3.0,0.0,-0.6267,-0.7792,-0.866,-0.5,0.1247,4.0,SAFE
2024-08-10,Bombay / Santacruz,8,Monsoon,27.5,26.0,29.8,3.8,13.3,1008.0,5.25,8,7.0,19.1167,72.85,3.0,9.0,150.9,3.0,0.0,-0.64,-0.7683,-0.866,-0.5,0.1101,2.3,SAFE
2024-08-11,Bombay / Santacruz,8,Monsoon,27.7,27.0,30.4,3.4,14.1,1006.4,6.85,8,7.0,19.1167,72.85,7.9,13.9,61.8,3.0,4.9,-0.6532,-0.7572,-0.866,-0.5,0.1658,12.0,LOW
2024-08-12,Bombay / Santacruz,8,Monsoon,28.3,27.0,30.0,3.0,14.0,1006.1,7.15,8,7.0,19.1167,72.85,4.1,15.0,54.0,7.9,-3.8,-0.6661,-0.7459,-0.866,-0.5,0.1146,0.8,SAFE
2024-08-13,Bombay / Santacruz,8,Monsoon,28.6,27.0,32.0,5.0,10.8,1006.7,6.55,8,7.0,19.1167,72.85,2.3,14.3,46.4,4.1,-1.8,-0.6788,-0.7343,-0.866,-0.5,0.0,2.3,SAFE
2024-08-14,Bombay / Santacruz,8,Monsoon,29.1,27.0,32.4,5.4,8.5,1006.8,6.45,8,7.0,19.1167,72.85,1.0,7.4,24.3,2.3,-1.3,-0.6914,-0.7225,-0.866,-0.5,0.0,0.0,SAFE
2024-08-15,Bombay / Santacruz,8,Monsoon,29.3,27.0,32.4,5.4,9.3,1005.6,7.65,8,7.0,19.1167,72.85,0.4,3.7,21.7,1.0,-0.6,-0.7037,-0.7105,-0.866,-0.5,0.0,0.0,SAFE
2024-08-16,Bombay / Santacruz,8,Monsoon,29.3,27.6,33.0,5.4,8.2,1004.7,8.55,8,7.0,19.1167,72.85,0.2,1.6,18.9,0.4,-0.2,-0.7158,-0.6983,-0.866,-0.5,0.0,0.0,SAFE
2024-08-17,Bombay / Santacruz,8,Monsoon,29.1,25.5,32.8,7.3,8.3,1005.6,7.65,8,7.0,19.1167,72.85,3.0,3.6,18.9,0.2,2.8,-0.7277,-0.6859,-0.866,-0.5,0.1774,0.0,SAFE
2024-08-18,Bombay / Santacruz,8,Monsoon,29.9,27.4,33.2,5.8,9.4,1006.1,7.15,8,7.0,19.1167,72.85,0.3,3.5,11.3,3.0,-2.7,-0.7394,-0.6733,-0.866,-0.5,0.0,0.0,SAFE
2024-08-19,Bombay / Santacruz,8,Monsoon,29.2,28.0,32.6,4.6,9.7,1005.3,7.95,8,7.0,19.1167,72.85,0.0,3.3,7.2,0.3,-0.3,-0.7509,-0.6605,-0.866,-0.5,0.0,0.0,SAFE
2024-08-20,Bombay / Santacruz,8,Monsoon,27.8,26.0,30.0,4.0,7.2,1005.1,8.15,8,7.0,19.1167,72.85,7.9,8.2,12.8,0.0,7.9,-0.7621,-0.6474,-0.866,-0.5,0.1985,0.0,LOW
2024-08-21,Bombay / Santacruz,8,Monsoon,29.1,26.4,32.0,5.6,8.4,1005.2,8.05,8,7.0,19.1167,72.85,1.2,9.1,13.0,7.9,-6.7,-0.7731,-0.6342,-0.866,-0.5,0.0348,0.0,SAFE
2024-08-22,Bombay / Santacruz,8,Monsoon,29.9,28.0,33.5,5.5,7.5,1004.5,8.75,8,7.0,19.1167,72.85,3.0,12.1,15.6,1.2,1.8,-0.7839,-0.6208,-0.866,-0.5,0.1282,5.0,SAFE
2024-08-23,Bombay / Santacruz,8,Monsoon,27.8,25.8,30.6,4.8,9.0,1005.2,8.05,8,7.0,19.1167,72.85,4.1,8.3,19.5,3.0,1.1,-0.7945,-0.6073,-0.866,-0.5,0.065,0.0,SAFE
2024-08-24,Bombay / Santacruz,8,Monsoon,26.0,24.0,27.5,3.5,12.0,1006.3,6.95,8,7.0,19.1167,72.85,57.9,65.0,74.4,4.1,53.8,-0.8048,-0.5935,-0.866,-0.5,0.4606,7.0,MODERATE
2024-08-25,Bombay / Santacruz,8,Monsoon,27.4,24.0,29.6,5.6,14.2,1005.3,7.95,8,7.0,19.1167,72.85,83.1,145.1,157.2,57.9,25.2,-0.8149,-0.5796,-0.866,-0.5,0.6558,39.3,MODERATE
2024-08-26,Bombay / Santacruz,8,Monsoon,27.9,27.0,30.2,3.2,15.9,1003.7,9.55,8,7.0,19.1167,72.85,9.9,150.9,167.1,83.1,-73.2,-0.8248,-0.5655,-0.866,-0.5,0.3926,32.1,LOW
2024-08-27,Bombay / Santacruz,8,Monsoon,27.5,26.0,30.6,4.6,16.7,1004.7,8.55,8,7.0,19.1167,72.85,5.1,98.1,164.3,9.9,-4.8,-0.8344,-0.5512,-0.866,-0.5,0.0571,8.7,SAFE
2024-08-28,Bombay / Santacruz,8,Monsoon,27.9,25.6,30.2,4.6,18.1,1006.0,7.25,8,7.0,19.1167,72.85,10.9,25.9,174.0,5.1,5.8,-0.8437,-0.5368,-0.866,-0.5,0.1019,22.1,SAFE
2024-08-29,Bombay / Santacruz,8,Monsoon,28.2,26.3,31.0,4.7,14.9,1005.3,7.95,8,7.0,19.1167,72.85,6.1,22.1,177.1,10.9,-4.8,-0.8528,-0.5222,-0.866,-0.5,0.1415,0.1,SAFE
2024-08-30,Bombay / Santacruz,8,Monsoon,28.4,26.8,31.8,5.0,12.9,1005.6,7.65,8,7.0,19.1167,72.85,0.0,17.0,173.0,6.1,-6.1,-0.8617,-0.5074,-0.866,-0.5,0.1282,0.0,SAFE
2024-08-31,Bombay / Santacruz,8,Monsoon,28.6,26.0,32.0,6.0,11.3,1006.4,6.85,8,7.0,19.1167,72.85,3.0,9.1,118.1,0.0,3.0,-0.8703,-0.4925,-0.866,-0.5,0.2321,0.0,LOW
2024-09-01,Bombay / Santacruz,9,Monsoon,28.3,26.5,30.4,3.9,11.9,1006.6,6.65,8,7.0,19.1167,72.85,0.5,3.5,35.5,3.0,-2.5,-0.8786,-0.4775,-1.0,-0.0,0.0,0.0,SAFE
2024-09-02,Bombay / Santacruz,9,Monsoon,27.9,26.0,29.6,3.6,12.8,1006.1,7.15,8,7.0,19.1167,72.85,0.0,3.5,25.6,0.5,-0.5,-0.8867,-0.4623,-1.0,-0.0,0.0,0.0,SAFE
2024-09-03,Bombay / Santacruz,9,Monsoon,28.1,26.0,31.4,5.4,13.9,1006.3,6.95,8,7.0,19.1167,72.85,22.1,22.6,42.6,0.0,22.1,-0.8945,-0.447,-1.0,-0.0,0.1219,12.2,LOW
2024-09-04,Bombay / Santacruz,9,Monsoon,27.8,25.2,31.0,5.8,14.4,1006.7,6.55,8,7.0,19.1167,72.85,11.9,34.0,43.6,22.1,-10.2,-0.9021,-0.4315,-1.0,-0.0,0.2967,0.0,LOW
2024-09-05,Bombay / Santacruz,9,Monsoon,27.5,25.0,30.2,5.2,14.7,1005.6,7.65,8,7.0,19.1167,72.85,23.9,57.9,61.4,11.9,12.0,-0.9094,-0.4159,-1.0,-0.0,0.3389,11.4,LOW
2024-09-06,Bombay / Santacruz,9,Monsoon,27.8,25.6,31.2,5.6,15.0,1006.5,6.75,8,7.0,19.1167,72.85,9.9,45.7,71.3,23.9,-14.0,-0.9164,-0.4002,-1.0,-0.0,0.0688,0.0,SAFE
2024-09-07,Bombay / Santacruz,9,Monsoon,27.9,25.8,31.4,5.6,13.1,1007.2,6.05,8,7.0,19.1167,72.85,6.1,39.9,74.4,9.9,-3.8,-0.9232,-0.3844,-1.0,-0.0,0.1693,0.0,LOW
2024-09-08,Bombay / Santacruz,9,Monsoon,28.3,25.8,31.8,6.0,11.2,1007.2,6.05,8,7.0,19.1167,72.85,7.1,23.1,81.0,6.1,1.0,-0.9296,-0.3685,-1.0,-0.0,0.1114,1.9,SAFE
2024-09-09,Bombay / Santacruz,9,Monsoon,28.0,27.0,31.4,4.4,9.6,1004.8,8.45,8,7.0,19.1167,72.85,1.0,14.2,82.0,7.1,-6.1,-0.9358,-0.3524,-1.0,-0.0,0.1387,0.9,SAFE
2024-09-10,Bombay / Santacruz,9,Monsoon,27.9,25.4,31.2,5.8,9.6,1004.0,9.25,8,7.0,19.1167,72.85,9.9,18.0,69.8,1.0,8.9,-0.9418,-0.3363,-1.0,-0.0,0.0997,2.1,SAFE
2024-09-11,Bombay / Santacruz,9,Monsoon,27.6,25.0,30.4,5.4,11.5,1005.1,8.15,8,7.0,19.1167,72.85,8.9,19.8,66.8,9.9,-1.0,-0.9474,-0.32,-1.0,-0.0,0.0886,11.2,SAFE
2024-09-12,Bombay / Santacruz,9,Monsoon,27.3,23.8,30.4,6.6,10.3,1006.9,6.35,8,7.0,19.1167,72.85,13.0,31.8,55.9,8.9,4.1,-0.9528,-0.3037,-1.0,-0.0,0.3031,13.8,LOW
2024-09-13,Bombay / Santacruz,9,Monsoon,28.1,26.0,31.6,5.6,11.8,1007.4,5.85,8,7.0,19.1167,72.85,7.9,29.8,53.9,13.0,-5.1,-0.9579,-0.2873,-1.0,-0.0,0.1205,3.4,SAFE
2024-09-14,Bombay / Santacruz,9,Monsoon,27.1,24.0,30.0,6.0,9.3,1006.9,6.35,8,7.0,19.1167,72.85,0.5,21.4,48.3,7.9,-7.4,-0.9627,-0.2707,-1.0,-0.0,0.168,0.0,SAFE
2024-09-15,Bombay / Santacruz,9,Monsoon,25.7,24.0,29.2,5.2,6.4,1007.7,5.55,8,7.0,19.1167,72.85,11.9,20.3,53.1,0.5,11.4,-0.9672,-0.2541,-1.0,-0.0,0.113,0.0,LOW
2024-09-16,Bombay / Santacruz,9,Monsoon,28.1,23.5,31.0,7.5,7.9,1008.4,4.85,8,7.0,19.1167,72.85,30.0,42.4,82.1,11.9,18.1,-0.9714,-0.2375,-1.0,-0.0,0.4353,7.7,LOW
2024-09-17,Bombay / Santacruz,9,Monsoon,28.0,22.6,31.4,8.8,7.0,1008.6,4.65,8,7.0,19.1167,72.85,6.1,48.0,78.3,30.0,-23.9,-0.9753,-0.2207,-1.0,-0.0,0.0779,3.6,SAFE
2024-09-18,Bombay / Santacruz,9,Monsoon,28.2,24.4,31.6,7.2,7.4,1006.6,6.65,8,7.0,19.1167,72.85,0.0,36.1,69.4,6.1,-6.1,-0.979,-0.2039,-1.0,-0.0,0.0363,0.0,SAFE
2024-09-19,Bombay / Santacruz,9,Monsoon,28.6,27.0,31.4,4.4,6.6,1007.1,6.15,8,7.0,19.1167,72.85,0.1,6.2,56.5,0.0,0.1,-0.9824,-0.187,-1.0,-0.0,0.2165,0.0,SAFE
2024-09-20,Bombay / Santacruz,9,Monsoon,28.4,26.2,31.8,5.6,6.5,1007.2,6.05,8,7.0,19.1167,72.85,1.8,1.9,50.4,0.1,1.7,-0.9854,-0.1701,-1.0,-0.0,0.0118,0.0,SAFE
2024-09-21,Bombay / Santacruz,9,Monsoon,28.7,26.4,31.6,5.2,9.4,1008.1,5.15,8,7.0,19.1167,72.85,3.8,5.7,53.7,1.8,2.0,-0.9882,-0.1531,-1.0,-0.0,0.2423,0.0,LOW
2024-09-22,Bombay / Santacruz,9,Monsoon,29.0,27.0,31.4,4.4,7.9,1007.3,5.95,8,7.0,19.1167,72.85,0.1,5.7,41.9,3.8,-3.7,-0.9907,-0.1361,-1.0,-0.0,0.1494,2.0,SAFE
2024-09-23,Bombay / Santacruz,9,Monsoon,28.6,27.4,31.0,3.6,8.1,1006.2,7.05,8,7.0,19.1167,72.85,17.0,20.9,28.9,0.1,16.9,-0.9929,-0.1191,-1.0,-0.0,0.1468,7.4,LOW
2024-09-24,Bombay / Santacruz,9,Monsoon,26.8,24.4,29.8,5.4,8.0,1004.8,8.45,8,7.0,19.1167,72.85,74.9,92.0,97.7,17.0,57.9,-0.9948,-0.102,-1.0,-0.0,0.3688,22.1,MODERATE
2024-09-25,Bombay / Santacruz,9,Monsoon,26.9,24.5,30.2,5.7,7.4,1003.6,9.65,8,7.0,19.1167,72.85,73.9,165.8,171.6,74.9,-1.0,-0.9964,-0.0848,-1.0,-0.0,0.6628,41.4,MODERATE
2024-09-26,Bombay / Santacruz,9,Monsoon,26.3,24.6,28.4,3.8,8.8,1002.6,10.65,8,7.0,19.1167,72.85,169.9,318.7,341.4,73.9,96.0,-0.9977,-0.0677,-1.0,-0.0,1.0,60.5,HIGH
2024-09-27,Bombay / Santacruz,9,Monsoon,25.7,24.0,27.0,3.0,14.0,1004.1,9.15,8,7.0,19.1167,72.85,73.9,317.7,413.5,169.9,-96.0,-0.9987,-0.0505,-1.0,-0.0,1.0,45.9,HIGH
2024-09-28,Bombay / Santacruz,9,Monsoon,26.2,24.0,28.7,4.7,9.5,1007.6,5.65,8,7.0,19.1167,72.85,52.1,295.9,461.8,73.9,-21.8,-0.9994,-0.0333,-1.0,-0.0,0.9178,36.5,MODERATE
2024-09-29,Bombay / Santacruz,9,Monsoon,27.4,24.8,31.0,6.2,9.9,1009.7,3.55,8,7.0,19.1167,72.85,17.0,143.0,478.7,52.1,-35.1,-0.9999,-0.0161,-1.0,-0.0,0.2742,8.9,LOW
2024-09-30,Bombay / Santacruz,9,Monsoon,28.5,24.2,31.8,7.6,5.6,1009.9,3.35,8,7.0,19.1167,72.85,4.1,73.2,465.8,17.0,-12.9,-1.0,0.0011,-1.0,-0.0,0.2611,11.9,LOW
2021-07-01,T.B.I.A,7,Monsoon,28.7,27.8,31.2,3.4,23.4,1004.5,8.75,13,2.0,19.15,72.0,1.2,1.2,1.2,0.0,1.2,0.0108,-0.9999,-0.5,-0.866,0.1015,0.0,SAFE
2021-07-02,T.B.I.A,7,Monsoon,29.0,27.9,31.8,3.9,24.9,1004.7,8.55,13,2.0,19.15,72.0,0.7,1.9,1.9,1.2,-0.5,-0.0065,-1.0,-0.5,-0.866,0.0,0.0,SAFE
2021-07-03,T.B.I.A,7,Monsoon,29.0,28.0,32.6,4.6,21.6,1005.8,7.45,13,2.0,19.15,72.0,1.2,3.1,3.1,0.7,0.5,-0.0237,-0.9997,-0.5,-0.866,0.0763,3.7,SAFE
2021-07-04,T.B.I.A,7,Monsoon,28.8,27.7,32.0,4.3,23.0,1006.2,7.05,13,2.0,19.15,72.0,1.1,3.0,4.2,1.2,-0.1,-0.0408,-0.9992,-0.5,-0.866,0.0,0.0,SAFE
2021-07-05,T.B.I.A,7,Monsoon,28.9,27.7,32.6,4.9,19.7,1006.5,6.75,13,2.0,19.15,72.0,1.3,3.6,5.5,1.1,0.2,-0.058,-0.9983,-0.5,-0.866,0.0089,0.0,SAFE
2021-07-06,T.B.I.A,7,Monsoon,28.6,27.8,30.2,2.4,11.8,1005.5,7.75,13,2.0,19.15,72.0,0.3,2.7,5.8,1.3,-1.0,-0.0752,-0.9972,-0.5,-0.866,0.0,0.0,SAFE
2021-07-07,T.B.I.A,7,Monsoon,29.0,28.0,32.8,4.8,13.0,1005.5,7.75,13,2.0,19.15,72.0,0.6,2.2,6.4,0.3,0.3,-0.0923,-0.9957,-0.5,-0.866,0.0,0.0,SAFE
2021-07-08,T.B.I.A,7,Monsoon,28.2,26.0,29.4,3.4,17.2,1005.2,8.05,13,2.0,19.15,72.0,4.0,4.9,9.2,0.6,3.4,-0.1094,-0.994,-0.5,-0.866,0.1436,0.0,SAFE
2021-07-09,T.B.I.A,7,Monsoon,28.4,27.0,29.2,2.2,17.9,1003.4,9.85,13,2.0,19.15,72.0,2.6,7.2,11.1,4.0,-1.4,-0.1265,-0.992,-0.5,-0.866,0.0692,0.0,SAFE
2021-07-10,T.B.I.A,7,Monsoon,27.4,26.0,28.8,2.8,18.7,1003.2,10.05,13,2.0,19.15,72.0,29.1,35.7,39.0,2.6,26.5,-0.1436,-0.9896,-0.5,-0.866,0.3329,1.1,LOW
2021-07-11,T.B.I.A,7,Monsoon,27.8,26.9,31.6,4.7,20.6,1001.5,11.75,13,2.0,19.15,72.0,33.5,65.2,71.4,29.1,4.4,-0.1606,-0.987,-0.5,-0.866,0.3145,2.9,LOW
2021-07-12,T.B.I.A,7,Monsoon,27.7,27.0,29.2,2.2,22.8,999.4,13.85,13,2.0,19.15,72.0,80.1,142.7,150.2,33.5,46.6,-0.1775,-0.9841,-0.5,-0.866,0.4916,11.5,MODERATE
2021-07-13,T.B.I.A,7,Monsoon,27.6,26.2,28.3,2.1,29.9,1001.0,12.25,13,2.0,19.15,72.0,49.6,163.2,199.5,80.1,-30.5,-0.1944,-0.9809,-0.5,-0.866,0.2414,0.7,LOW
2021-07-14,T.B.I.A,7,Monsoon,27.2,25.2,28.1,2.9,27.1,1002.2,11.05,13,2.0,19.15,72.0,46.4,176.1,245.3,49.6,-3.2,-0.2113,-0.9774,-0.5,-0.866,0.5251,0.0,MODERATE
2021-07-15,T.B.I.A,7,Monsoon,27.8,26.7,31.0,4.3,24.7,1001.5,11.75,13,2.0,19.15,72.0,33.1,129.1,274.4,46.4,-13.3,-0.2281,-0.9736,-0.5,-0.866,0.35,7.7,LOW
2021-07-16,T.B.I.A,7,Monsoon,27.4,25.4,28.4,3.0,23.2,1003.5,9.75,13,2.0,19.15,72.0,35.6,115.1,307.4,33.1,2.5,-0.2448,-0.9696,-0.5,-0.866,0.2614,10.7,LOW
2021-07-17,T.B.I.A,7,Monsoon,27.8,27.0,29.0,2.0,25.7,1004.9,8.35,13,2.0,19.15,72.0,30.1,98.8,308.4,35.6,-5.5,-0.2614,-0.9652,-0.5,-0.866,0.1335,0.0,LOW
2021-07-18,T.B.I.A,7,Monsoon,27.9,26.4,29.2,2.8,31.3,1004.4,8.85,13,2.0,19.15,72.0,25.9,91.6,300.8,30.1,-4.2,-0.278,-0.9606,-0.5,-0.866,0.2031,9.9,LOW
2021-07-19,T.B.I.A,7,Monsoon,27.0,25.0,28.4,3.4,27.6,1003.9,9.35,13,2.0,19.15,72.0,32.4,88.4,253.1,25.9,6.5,-0.2945,-0.9557,-0.5,-0.866,0.2875,5.0,LOW
2021-07-20,T.B.I.A,7,Monsoon,28.0,27.0,29.0,2.0,31.5,1005.0,8.25,13,2.0,19.15,72.0,5.8,64.1,209.3,32.4,-26.6,-0.3109,-0.9505,-0.5,-0.866,0.2084,8.3,LOW
2021-07-21,T.B.I.A,7,Monsoon,27.7,25.0,28.5,3.5,36.7,1004.1,9.15,13,2.0,19.15,72.0,7.4,45.6,170.3,5.8,1.6,-0.3272,-0.945,-0.5,-0.866,0.1385,2.0,SAFE
2021-07-22,T.B.I.A,7,Monsoon,28.2,26.2,28.7,2.5,53.6,1002.1,11.15,13,2.0,19.15,72.0,4.9,18.1,142.1,7.4,-2.5,-0.3434,-0.9392,-0.5,-0.866,0.2338,0.0,LOW
2021-07-23,T.B.I.A,7,Monsoon,28.2,27.0,28.7,1.7,36.3,1001.9,11.35,13,2.0,19.15,72.0,7.9,20.2,114.4,4.9,3.0,-0.3595,-0.9332,-0.5,-0.866,0.0,0.0,SAFE
2021-07-24,T.B.I.A,7,Monsoon,27.8,27.0,29.6,2.6,26.6,1003.1,10.15,13,2.0,19.15,72.0,8.7,21.5,93.0,7.9,0.8,-0.3755,-0.9268,-0.5,-0.866,0.1816,6.4,LOW
2021-07-25,T.B.I.A,7,Monsoon,27.5,26.8,29.2,2.4,32.2,1003.7,9.55,13,2.0,19.15,72.0,6.5,23.1,73.6,8.7,-2.2,-0.3914,-0.9202,-0.5,-0.866,0.0854,0.0,SAFE
2021-07-26,T.B.I.A,7,Monsoon,27.6,26.8,28.3,1.5,33.9,1004.3,8.95,13,2.0,19.15,72.0,6.8,22.0,48.0,6.5,0.3,-0.4071,-0.9134,-0.5,-0.866,0.1533,0.0,SAFE
2021-07-27,T.B.I.A,7,Monsoon,27.7,27.0,29.2,2.2,32.9,1003.6,9.65,13,2.0,19.15,72.0,4.3,17.6,46.5,6.8,-2.5,-0.4228,-0.9062,-0.5,-0.866,0.0154,0.0,SAFE
2021-07-28,T.B.I.A,7,Monsoon,28.2,26.8,31.0,4.2,34.1,1003.9,9.35,13,2.0,19.15,72.0,1.8,12.9,40.9,4.3,-2.5,-0.4383,-0.8988,-0.5,-0.866,0.1542,0.0,SAFE
2021-07-29,T.B.I.A,7,Monsoon,28.0,27.7,29.2,1.5,34.9,1005.0,8.25,13,2.0,19.15,72.0,3.1,9.2,39.1,1.8,1.3,-0.4537,-0.8912,-0.5,-0.866,0.0736,9.1,SAFE
2021-07-30,T.B.I.A,7,Monsoon,28.0,27.7,29.4,1.7,38.2,1005.9,7.35,13,2.0,19.15,72.0,4.5,9.4,35.7,3.1,1.4,-0.469,-0.8832,-0.5,-0.866,0.0,0.0,SAFE
2021-07-31,T.B.I.A,7,Monsoon,27.9,26.4,30.2,3.8,35.4,1006.7,6.55,13,2.0,19.15,72.0,1.5,9.1,28.5,4.5,-3.0,-0.4841,-0.875,-0.5,-0.866,0.0332,3.1,SAFE
2021-08-01,T.B.I.A,8,Monsoon,27.5,26.4,29.2,2.8,33.6,1005.7,7.55,13,2.0,19.15,72.0,3.4,9.4,25.4,1.5,1.9,-0.4991,-0.8666,-0.866,-0.5,0.0193,0.0,SAFE
2021-08-02,T.B.I.A,8,Monsoon,27.3,26.4,28.2,1.8,31.8,1005.7,7.55,13,2.0,19.15,72.0,3.1,8.0,21.7,3.4,-0.3,-0.5139,-0.8578,-0.866,-0.5,0.0922,6.9,SAFE
2021-08-03,T.B.I.A,8,Monsoon,27.3,26.0,29.0,3.0,30.2,1006.6,6.65,13,2.0,19.15,72.0,3.4,9.9,20.8,3.1,0.3,-0.5286,-0.8489,-0.866,-0.5,0.0,2.5,SAFE
2021-08-04,T.B.I.A,8,Monsoon,27.5,27.0,29.0,2.0,33.4,1007.2,6.05,13,2.0,19.15,72.0,1.9,8.4,20.9,3.4,-1.5,-0.5431,-0.8397,-0.866,-0.5,0.0324,0.0,SAFE
2021-08-05,T.B.I.A,8,Monsoon,27.6,26.9,30.2,3.3,29.0,1005.7,7.55,13,2.0,19.15,72.0,2.3,7.6,20.1,1.9,0.4,-0.5575,-0.8302,-0.866,-0.5,0.0777,0.0,SAFE
2021-08-06,T.B.I.A,8,Monsoon,27.6,26.8,32.0,5.2,28.1,1004.9,8.35,13,2.0,19.15,72.0,3.8,8.0,19.4,2.3,1.5,-0.5717,-0.8205,-0.866,-0.5,0.0478,4.7,SAFE
2021-08-07,T.B.I.A,8,Monsoon,27.3,26.8,30.6,3.8,20.6,1005.5,7.75,13,2.0,19.15,72.0,2.8,8.9,20.7,3.8,-1.0,-0.5857,-0.8105,-0.866,-0.5,0.1821,0.0,SAFE
2021-08-08,T.B.I.A,8,Monsoon,27.2,26.5,30.0,3.5,13.9,1006.6,6.65,13,2.0,19.15,72.0,2.0,8.6,19.3,2.8,-0.8,-0.5996,-0.8003,-0.866,-0.5,0.1175,3.7,SAFE
2021-08-09,T.B.I.A,8,Monsoon,27.3,26.3,30.0,3.7,16.2,1007.7,5.55,13,2.0,19.15,72.0,0.8,5.6,17.0,2.0,-1.2,-0.6132,-0.7899,-0.866,-0.5,0.0249,0.0,SAFE
2021-08-10,T.B.I.A,8,Monsoon,27.0,26.5,30.0,3.5,19.2,1007.9,5.35,13,2.0,19.15,72.0,1.6,4.4,15.2,0.8,0.8,-0.6267,-0.7792,-0.866,-0.5,0.0507,6.8,SAFE
2021-08-11,T.B.I.A,8,Monsoon,27.3,26.6,29.4,2.8,20.2,1007.9,5.35,13,2.0,19.15,72.0,1.2,3.6,14.5,1.6,-0.4,-0.64,-0.7683,-0.866,-0.5,0.0558,1.2,SAFE
2021-08-12,T.B.I.A,8,Monsoon,26.9,25.2,27.7,2.5,27.8,1008.5,4.75,13,2.0,19.15,72.0,1.6,4.4,13.8,1.2,0.4,-0.6532,-0.7572,-0.866,-0.5,0.0703,3.6,SAFE
2021-08-13,T.B.I.A,8,Monsoon,27.3,26.5,30.6,4.1,22.3,1007.3,5.95,13,2.0,19.15,72.0,2.0,4.8,12.0,1.6,0.4,-0.6661,-0.7459,-0.866,-0.5,0.0,0.6,SAFE
2021-08-14,T.B.I.A,8,Monsoon,27.0,26.3,28.8,2.5,23.3,1005.7,7.55,13,2.0,19.15,72.0,3.0,6.6,12.2,2.0,1.0,-0.6788,-0.7343,-0.866,-0.5,0.0066,0.0,SAFE
2021-08-15,T.B.I.A,8,Monsoon,26.7,24.8,30.0,5.2,20.8,1005.9,7.35,13,2.0,19.15,72.0,4.7,9.7,14.9,3.0,1.7,-0.6914,-0.7225,-0.866,-0.5,0.0,0.0,SAFE
2021-08-16,T.B.I.A,8,Monsoon,26.8,24.8,27.3,2.5,13.6,1007.1,6.15,13,2.0,19.15,72.0,1.1,8.8,15.2,4.7,-3.6,-0.7037,-0.7105,-0.866,-0.5,0.1663,3.8,SAFE
2021-08-17,T.B.I.A,8,Monsoon,27.0,25.0,29.0,4.0,13.0,1007.3,5.95,13,2.0,19.15,72.0,2.1,7.9,15.7,1.1,1.0,-0.7158,-0.6983,-0.866,-0.5,0.0293,1.2,SAFE
2021-08-18,T.B.I.A,8,Monsoon,26.6,25.0,27.4,2.4,15.2,1005.9,7.35,13,2.0,19.15,72.0,6.4,9.6,20.9,2.1,4.3,-0.7277,-0.6859,-0.866,-0.5,0.0394,7.1,SAFE
2021-08-19,T.B.I.A,8,Monsoon,26.5,24.8,27.3,2.5,20.2,1005.7,7.55,13,2.0,19.15,72.0,14.5,23.0,33.8,6.4,8.1,-0.7394,-0.6733,-0.866,-0.5,0.2145,3.5,LOW
2021-08-20,T.B.I.A,8,Monsoon,26.6,24.8,27.6,2.8,17.2,1005.8,7.45,13,2.0,19.15,72.0,7.3,28.2,39.1,14.5,-7.2,-0.7509,-0.6605,-0.866,-0.5,0.1365,0.0,SAFE
2021-08-21,T.B.I.A,8,Monsoon,26.2,24.0,26.9,2.9,19.2,1006.7,6.55,13,2.0,19.15,72.0,45.6,67.4,81.7,7.3,38.3,-0.7621,-0.6474,-0.866,-0.5,0.2239,0.1,LOW
2021-08-22,T.B.I.A,8,Monsoon,26.8,26.0,27.4,1.4,13.2,1007.3,5.95,13,2.0,19.15,72.0,1.1,54.0,78.1,45.6,-44.5,-0.7731,-0.6342,-0.866,-0.5,0.0924,3.1,SAFE
2021-08-23,T.B.I.A,8,Monsoon,27.4,26.0,30.4,4.4,12.2,1007.2,6.05,13,2.0,19.15,72.0,0.3,47.0,77.3,1.1,-0.8,-0.7839,-0.6208,-0.866,-0.5,0.0501,0.0,SAFE
2021-08-24,T.B.I.A,8,Monsoon,27.5,26.5,30.0,3.5,11.5,1007.1,6.15,13,2.0,19.15,72.0,1.4,2.8,76.6,0.3,1.1,-0.7945,-0.6073,-0.866,-0.5,0.0,9.0,SAFE
2021-08-25,T.B.I.A,8,Monsoon,27.6,26.7,29.8,3.1,15.1,1006.4,6.85,13,2.0,19.15,72.0,1.0,2.7,71.2,1.4,-0.4,-0.8048,-0.5935,-0.866,-0.5,0.0,0.0,SAFE
2021-08-26,T.B.I.A,8,Monsoon,27.3,26.2,28.4,2.2,17.3,1004.9,8.35,13,2.0,19.15,72.0,1.4,3.8,58.1,1.0,0.4,-0.8149,-0.5796,-0.866,-0.5,0.0068,6.6,SAFE
2021-08-27,T.B.I.A,8,Monsoon,27.3,26.5,28.2,1.7,15.5,1004.4,8.85,13,2.0,19.15,72.0,0.8,3.2,51.6,1.4,-0.6,-0.8248,-0.5655,-0.866,-0.5,0.0,0.0,SAFE
2021-08-28,T.B.I.A,8,Monsoon,27.1,26.3,28.6,2.3,11.8,1004.0,9.25,13,2.0,19.15,72.0,0.9,3.1,6.9,0.8,0.1,-0.8344,-0.5512,-0.866,-0.5,0.0,0.0,SAFE
2021-08-29,T.B.I.A,8,Monsoon,27.3,25.2,29.4,4.2,11.3,1003.9,9.35,13,2.0,19.15,72.0,0.5,2.2,6.3,0.9,-0.4,-0.8437,-0.5368,-0.866,-0.5,0.0,0.0,SAFE
2021-08-30,T.B.I.A,8,Monsoon,26.9,15.0,28.0,13.0,16.3,1005.1,8.15,13,2.0,19.15,72.0,1.9,3.3,7.9,0.5,1.4,-0.8528,-0.5222,-0.866,-0.5,0.0171,0.0,SAFE
2021-08-31,T.B.I.A,8,Monsoon,27.1,25.2,28.2,3.0,21.7,1004.9,8.35,13,2.0,19.15,72.0,7.9,10.3,14.4,1.9,6.0,-0.8617,-0.5074,-0.866,-0.5,0.0722,5.1,SAFE
2021-09-01,T.B.I.A,9,Monsoon,26.8,25.2,28.0,2.8,19.7,1005.0,8.25,13,2.0,19.15,72.0,7.1,16.9,20.5,7.9,-0.8,-0.8703,-0.4925,-1.0,-0.0,0.1163,1.0,SAFE
2021-09-02,T.B.I.A,9,Monsoon,27.3,26.2,28.6,2.4,25.9,1004.7,8.55,13,2.0,19.15,72.0,2.7,17.7,21.8,7.1,-4.4,-0.8786,-0.4775,-1.0,-0.0,0.0,0.0,SAFE
2021-09-03,T.B.I.A,9,Monsoon,26.9,26.1,29.1,3.0,22.1,1004.6,8.65,13,2.0,19.15,72.0,11.3,21.1,32.3,2.7,8.6,-0.8867,-0.4623,-1.0,-0.0,0.1494,4.0,LOW
2021-09-04,T.B.I.A,9,Monsoon,26.7,25.9,27.5,1.6,18.2,1005.3,7.95,13,2.0,19.15,72.0,13.0,27.0,44.4,11.3,1.7,-0.8945,-0.447,-1.0,-0.0,0.0803,6.9,SAFE
2021-09-05,T.B.I.A,9,Monsoon,26.8,25.7,27.3,1.6,18.4,1005.8,7.45,13,2.0,19.15,72.0,3.5,27.8,47.4,13.0,-9.5,-0.9021,-0.4315,-1.0,-0.0,0.0,0.0,SAFE
2021-09-06,T.B.I.A,9,Monsoon,27.0,26.1,30.3,4.2,14.9,1005.3,7.95,13,2.0,19.15,72.0,11.8,28.3,57.3,3.5,8.3,-0.9094,-0.4159,-1.0,-0.0,0.175,7.7,LOW
2021-09-07,T.B.I.A,9,Monsoon,27.5,26.3,30.9,4.6,21.1,1003.2,10.05,13,2.0,19.15,72.0,24.0,39.3,73.4,11.8,12.2,-0.9164,-0.4002,-1.0,-0.0,0.3489,0.0,LOW
2021-09-08,T.B.I.A,9,Monsoon,26.9,26.0,27.8,1.8,34.2,1002.1,11.15,13,2.0,19.15,72.0,257.0,292.8,323.3,24.0,233.0,-0.9232,-0.3844,-1.0,-0.0,1.0,16.3,CRITICAL
2021-09-09,T.B.I.A,9,Monsoon,27.5,25.7,30.9,5.2,32.3,1005.3,7.95,13,2.0,19.15,72.0,2.2,283.2,322.8,257.0,-254.8,-0.9296,-0.3685,-1.0,-0.0,0.546,5.2,LOW
2021-09-10,T.B.I.A,9,Monsoon,27.7,25.9,30.9,5.0,29.3,1005.5,7.75,13,2.0,19.15,72.0,3.0,262.2,314.5,2.2,0.8,-0.9358,-0.3524,-1.0,-0.0,0.367,6.1,LOW
2021-09-11,T.B.I.A,9,Monsoon,27.0,26.3,30.5,4.2,25.7,1003.6,9.65,13,2.0,19.15,72.0,51.3,56.5,352.8,3.0,48.3,-0.9418,-0.3363,-1.0,-0.0,0.1868,3.9,LOW
2021-09-12,T.B.I.A,9,Monsoon,27.2,26.3,29.1,2.8,36.2,1002.4,10.85,13,2.0,19.15,72.0,21.4,75.7,370.7,51.3,-29.9,-0.9474,-0.32,-1.0,-0.0,0.3903,7.7,LOW
2021-09-13,T.B.I.A,9,Monsoon,27.5,26.5,28.2,1.7,32.9,1001.4,11.85,13,2.0,19.15,72.0,13.6,86.3,372.5,21.4,-7.8,-0.9528,-0.3037,-1.0,-0.0,0.4265,6.1,LOW
2021-09-14,T.B.I.A,9,Monsoon,27.6,26.9,30.1,3.2,32.2,1002.2,11.05,13,2.0,19.15,72.0,30.7,65.7,379.2,13.6,17.1,-0.9579,-0.2873,-1.0,-0.0,0.4274,8.2,LOW
2021-09-15,T.B.I.A,9,Monsoon,27.7,27.0,29.3,2.3,29.9,1003.4,9.85,13,2.0,19.15,72.0,2.0,46.3,124.2,30.7,-28.7,-0.9627,-0.2707,-1.0,-0.0,0.0575,1.7,SAFE
2021-09-16,T.B.I.A,9,Monsoon,27.4,25.5,29.7,4.2,23.3,1004.5,8.75,13,2.0,19.15,72.0,1.0,33.7,123.0,2.0,-1.0,-0.9672,-0.2541,-1.0,-0.0,0.0,4.7,SAFE
2021-09-17,T.B.I.A,9,Monsoon,27.7,27.1,30.5,3.4,19.8,1005.2,8.05,13,2.0,19.15,72.0,0.6,3.6,120.6,1.0,-0.4,-0.9714,-0.2375,-1.0,-0.0,0.0,0.0,SAFE
2021-09-18,T.B.I.A,9,Monsoon,27.2,26.3,30.3,4.0,18.3,1006.7,6.55,13,2.0,19.15,72.0,2.3,3.9,71.6,0.6,1.7,-0.9753,-0.2207,-1.0,-0.0,0.0,10.9,SAFE
2021-09-19,T.B.I.A,9,Monsoon,27.3,26.3,30.5,4.2,16.7,1008.2,5.05,13,2.0,19.15,72.0,3.9,6.8,54.1,2.3,1.6,-0.979,-0.2039,-1.0,-0.0,0.0318,0.0,SAFE
2021-09-20,T.B.I.A,9,Monsoon,27.2,25.3,30.1,4.8,14.7,1008.1,5.15,13,2.0,19.15,72.0,4.1,10.3,44.6,3.9,0.2,-0.9824,-0.187,-1.0,-0.0,0.2179,11.3,LOW
2021-09-21,T.B.I.A,9,Monsoon,26.9,25.1,30.5,5.4,19.0,1007.1,6.15,13,2.0,19.15,72.0,13.8,21.8,27.7,4.1,9.7,-0.9854,-0.1701,-1.0,-0.0,0.1002,2.5,LOW
2021-09-22,T.B.I.A,9,Monsoon,26.9,25.3,27.6,2.3,19.0,1005.7,7.55,13,2.0,19.15,72.0,5.5,23.4,31.2,13.8,-8.3,-0.9882,-0.1531,-1.0,-0.0,0.1077,0.0,SAFE
2021-09-23,T.B.I.A,9,Monsoon,27.4,26.1,28.0,1.9,15.4,1005.4,7.85,13,2.0,19.15,72.0,0.5,19.8,30.7,5.5,-5.0,-0.9907,-0.1361,-1.0,-0.0,0.19,7.8,SAFE
2021-09-24,T.B.I.A,9,Monsoon,27.5,26.5,29.3,2.8,13.7,1006.9,6.35,13,2.0,19.15,72.0,0.4,6.4,30.5,0.5,-0.1,-0.9929,-0.1191,-1.0,-0.0,0.0,0.8,SAFE
2021-09-25,T.B.I.A,9,Monsoon,27.4,26.3,30.5,4.2,10.6,1006.7,6.55,13,2.0,19.15,72.0,0.4,1.3,28.6,0.4,0.0,-0.9948,-0.102,-1.0,-0.0,0.0,0.0,SAFE
2021-09-26,T.B.I.A,9,Monsoon,27.4,26.3,30.1,3.8,11.3,1005.2,8.05,13,2.0,19.15,72.0,0.0,0.8,24.7,0.4,-0.4,-0.9964,-0.0848,-1.0,-0.0,0.0,0.0,SAFE
2021-09-27,T.B.I.A,9,Monsoon,26.6,25.3,27.3,2.0,10.5,1004.2,9.05,13,2.0,19.15,72.0,30.9,31.3,51.5,0.0,30.9,-0.9977,-0.0677,-1.0,-0.0,0.201,4.3,LOW
2021-09-28,T.B.I.A,9,Monsoon,26.6,25.1,27.4,2.3,16.5,1003.5,9.75,13,2.0,19.15,72.0,11.9,42.8,49.6,30.9,-19.0,-0.9987,-0.0505,-1.0,-0.0,0.0764,0.0,SAFE
2021-09-29,T.B.I.A,9,Monsoon,27.1,25.1,28.5,3.4,26.3,1003.9,9.35,13,2.0,19.15,72.0,24.1,66.9,68.2,11.9,12.2,-0.9994,-0.0333,-1.0,-0.0,0.3074,8.2,LOW
2021-09-30,T.B.I.A,9,Monsoon,27.6,26.7,30.3,3.6,21.6,1006.4,6.85,13,2.0,19.15,72.0,4.0,40.0,71.7,24.1,-20.1,-0.9999,-0.0161,-1.0,-0.0,0.0568,1.8,SAFE
2022-07-01,T.B.I.A,7,Monsoon,27.2,25.0,28.3,3.3,26.7,1003.3,9.95,13,2.0,19.15,72.0,27.9,56.0,99.2,4.0,23.9,0.0108,-0.9999,-0.5,-0.866,0.1154,6.1,LOW
2022-07-02,T.B.I.A,7,Monsoon,28.2,27.2,30.2,3.0,29.4,1001.9,11.35,13,2.0,19.15,72.0,7.2,39.1,106.0,27.9,-20.7,-0.0065,-1.0,-0.5,-0.866,0.2425,0.0,LOW
2022-07-03,T.B.I.A,7,Monsoon,28.3,26.8,29.0,2.2,34.6,1001.7,11.55,13,2.0,19.15,72.0,4.0,39.1,110.0,7.2,-3.2,-0.0237,-0.9997,-0.5,-0.866,0.2197,4.3,LOW
2022-07-04,T.B.I.A,7,Monsoon,27.3,25.0,28.1,3.1,28.4,1002.0,11.25,13,2.0,19.15,72.0,20.7,31.9,99.8,4.0,16.7,-0.0408,-0.9992,-0.5,-0.866,0.181,0.0,LOW
2022-07-05,T.B.I.A,7,Monsoon,27.3,25.2,28.0,2.8,30.9,1000.5,12.75,13,2.0,19.15,72.0,33.5,58.2,121.4,20.7,12.8,-0.058,-0.9983,-0.5,-0.866,0.1355,11.9,LOW
2022-07-06,T.B.I.A,7,Monsoon,27.2,25.4,27.9,2.5,29.2,1001.5,11.75,13,2.0,19.15,72.0,25.9,80.1,123.2,33.5,-7.6,-0.0752,-0.9972,-0.5,-0.866,0.1339,7.2,LOW
2022-07-07,T.B.I.A,7,Monsoon,27.5,25.0,28.2,3.2,31.7,1004.3,8.95,13,2.0,19.15,72.0,28.9,88.3,148.1,25.9,3.0,-0.0923,-0.9957,-0.5,-0.866,0.3015,7.5,LOW
2022-07-08,T.B.I.A,7,Monsoon,28.0,27.2,28.8,1.6,35.5,1003.9,9.35,13,2.0,19.15,72.0,4.3,59.1,124.5,28.9,-24.6,-0.1094,-0.994,-0.5,-0.866,0.071,4.7,SAFE
2022-07-09,T.B.I.A,7,Monsoon,28.0,26.5,28.5,2.0,42.1,1002.7,10.55,13,2.0,19.15,72.0,7.7,40.9,125.0,4.3,3.4,-0.1265,-0.992,-0.5,-0.866,0.0774,0.0,SAFE
2022-07-10,T.B.I.A,7,Monsoon,27.6,25.6,28.6,3.0,36.9,1003.9,9.35,13,2.0,19.15,72.0,6.8,18.8,127.8,7.7,-0.9,-0.1436,-0.9896,-0.5,-0.866,0.1828,9.6,LOW
2022-07-11,T.B.I.A,7,Monsoon,27.0,25.9,28.2,2.3,33.5,1004.8,8.45,13,2.0,19.15,72.0,45.4,59.9,152.5,6.8,38.6,-0.1606,-0.987,-0.5,-0.866,0.4072,13.8,LOW
2022-07-12,T.B.I.A,7,Monsoon,27.1,25.0,28.0,3.0,37.1,1004.5,8.75,13,2.0,19.15,72.0,37.0,89.2,156.0,45.4,-8.4,-0.1775,-0.9841,-0.5,-0.866,0.4768,8.3,LOW
2022-07-13,T.B.I.A,7,Monsoon,26.7,25.0,27.8,2.8,39.2,1001.9,11.35,13,2.0,19.15,72.0,62.8,145.2,192.9,37.0,25.8,-0.1944,-0.9809,-0.5,-0.866,0.4411,18.0,MODERATE
2022-07-14,T.B.I.A,7,Monsoon,27.0,26.0,28.2,2.2,47.7,999.0,14.25,13,2.0,19.15,72.0,54.8,154.6,218.8,62.8,-8.0,-0.2113,-0.9774,-0.5,-0.866,0.4832,4.8,MODERATE
2022-07-15,T.B.I.A,7,Monsoon,27.3,25.0,28.1,3.1,39.4,999.3,13.95,13,2.0,19.15,72.0,9.6,127.2,224.1,54.8,-45.2,-0.2281,-0.9736,-0.5,-0.866,0.3318,0.0,LOW
2022-07-16,T.B.I.A,7,Monsoon,27.8,26.9,28.3,1.4,40.0,1000.0,13.25,13,2.0,19.15,72.0,6.9,71.3,223.3,9.6,-2.7,-0.2448,-0.9696,-0.5,-0.866,0.2018,2.2,LOW
2022-07-17,T.B.I.A,7,Monsoon,27.7,27.1,28.0,0.9,34.9,1003.3,9.95,13,2.0,19.15,72.0,4.1,20.6,220.6,6.9,-2.8,-0.2614,-0.9652,-0.5,-0.866,0.2256,3.3,LOW
2022-07-18,T.B.I.A,7,Monsoon,27.6,26.8,27.9,1.1,32.6,1004.3,8.95,13,2.0,19.15,72.0,6.1,17.1,181.3,4.1,2.0,-0.278,-0.9606,-0.5,-0.866,0.1136,0.0,SAFE
2022-07-19,T.B.I.A,7,Monsoon,27.1,25.1,27.9,2.8,30.9,1005.2,8.05,13,2.0,19.15,72.0,16.1,26.3,160.4,6.1,10.0,-0.2945,-0.9557,-0.5,-0.866,0.3273,4.4,LOW
2022-07-20,T.B.I.A,7,Monsoon,27.3,26.2,28.2,2.0,26.7,1006.1,7.15,13,2.0,19.15,72.0,2.4,24.6,100.0,16.1,-13.7,-0.3109,-0.9505,-0.5,-0.866,0.1189,2.6,SAFE
2022-07-21,T.B.I.A,7,Monsoon,27.5,26.6,28.0,1.4,23.1,1006.1,7.15,13,2.0,19.15,72.0,2.3,20.8,47.5,2.4,-0.1,-0.3272,-0.945,-0.5,-0.866,0.1676,0.0,SAFE
2022-07-22,T.B.I.A,7,Monsoon,27.4,26.7,28.4,1.7,22.4,1006.7,6.55,13,2.0,19.15,72.0,0.9,5.6,38.8,2.3,-1.4,-0.3434,-0.9392,-0.5,-0.866,0.0,2.9,SAFE
2022-07-23,T.B.I.A,7,Monsoon,27.2,25.6,29.2,3.6,26.0,1005.4,7.85,13,2.0,19.15,72.0,10.4,13.6,42.3,0.9,9.5,-0.3595,-0.9332,-0.5,-0.866,0.0872,5.6,SAFE
2022-07-24,T.B.I.A,7,Monsoon,27.6,26.6,28.1,1.5,33.5,1004.5,8.75,13,2.0,19.15,72.0,4.4,15.7,42.6,10.4,-6.0,-0.3755,-0.9268,-0.5,-0.866,0.1545,1.5,SAFE
2022-07-25,T.B.I.A,7,Monsoon,27.7,26.8,29.4,2.6,25.7,1005.5,7.75,13,2.0,19.15,72.0,1.8,16.6,38.3,4.4,-2.6,-0.3914,-0.9202,-0.5,-0.866,0.2166,6.5,LOW
2022-07-26,T.B.I.A,7,Monsoon,27.5,26.8,27.8,1.0,20.8,1007.6,5.65,13,2.0,19.15,72.0,1.3,7.5,23.5,1.8,-0.5,-0.4071,-0.9134,-0.5,-0.866,0.1077,0.0,SAFE
2022-07-27,T.B.I.A,7,Monsoon,27.4,26.9,28.2,1.3,19.7,1007.6,5.65,13,2.0,19.15,72.0,0.8,3.9,21.9,1.3,-0.5,-0.4228,-0.9062,-0.5,-0.866,0.0,0.0,SAFE
2022-07-28,T.B.I.A,7,Monsoon,27.5,26.9,28.4,1.5,11.1,1008.8,4.45,13,2.0,19.15,72.0,0.2,2.3,19.8,0.8,-0.6,-0.4383,-0.8988,-0.5,-0.866,0.0,0.0,SAFE
2022-07-29,T.B.I.A,7,Monsoon,27.8,27.2,28.6,1.4,14.1,1008.1,5.15,13,2.0,19.15,72.0,0.0,1.0,18.9,0.2,-0.2,-0.4537,-0.8912,-0.5,-0.866,0.0,0.0,SAFE
2022-07-30,T.B.I.A,7,Monsoon,27.9,27.3,28.8,1.5,13.7,1007.1,6.15,13,2.0,19.15,72.0,0.0,0.2,8.5,0.0,0.0,-0.469,-0.8832,-0.5,-0.866,0.0,0.0,SAFE
2022-07-31,T.B.I.A,7,Monsoon,27.8,27.0,28.4,1.4,18.2,1005.9,7.35,13,2.0,19.15,72.0,0.1,0.1,4.2,0.0,0.1,-0.4841,-0.875,-0.5,-0.866,0.0,0.0,SAFE
2022-08-01,T.B.I.A,8,Monsoon,27.7,26.6,28.4,1.8,19.4,1005.8,7.45,13,2.0,19.15,72.0,0.3,0.4,2.7,0.1,0.2,-0.4991,-0.8666,-0.866,-0.5,0.0,0.0,SAFE
2022-08-02,T.B.I.A,8,Monsoon,28.1,27.2,31.4,4.2,19.0,1004.9,8.35,13,2.0,19.15,72.0,1.7,2.1,3.1,0.3,1.4,-0.5139,-0.8578,-0.866,-0.5,0.0886,0.0,SAFE
2022-08-03,T.B.I.A,8,Monsoon,27.9,26.9,28.5,1.6,15.6,1004.2,9.05,13,2.0,19.15,72.0,2.0,4.0,4.3,1.7,0.3,-0.5286,-0.8489,-0.866,-0.5,0.0361,4.6,SAFE
2022-08-04,T.B.I.A,8,Monsoon,27.7,26.4,30.2,3.8,12.1,1002.9,10.35,13,2.0,19.15,72.0,3.9,7.6,8.0,2.0,1.9,-0.5431,-0.8397,-0.866,-0.5,0.1042,0.0,SAFE
2022-08-05,T.B.I.A,8,Monsoon,27.1,26.1,29.2,3.1,9.8,1001.5,11.75,13,2.0,19.15,72.0,22.0,27.9,30.0,3.9,18.1,-0.5575,-0.8302,-0.866,-0.5,0.0797,0.0,LOW
2022-08-06,T.B.I.A,8,Monsoon,26.9,26.2,27.7,1.5,12.2,1000.5,12.75,13,2.0,19.15,72.0,16.9,42.8,46.9,22.0,-5.1,-0.5717,-0.8205,-0.866,-0.5,0.2219,8.1,LOW
2022-08-07,T.B.I.A,8,Monsoon,27.0,26.8,27.4,0.6,17.6,999.9,13.35,13,2.0,19.15,72.0,20.9,59.8,67.7,16.9,4.0,-0.5857,-0.8105,-0.866,-0.5,0.3119,0.0,LOW
2022-08-08,T.B.I.A,8,Monsoon,26.8,25.8,29.4,3.6,13.8,998.8,14.45,13,2.0,19.15,72.0,40.8,78.6,108.2,20.9,19.9,-0.5996,-0.8003,-0.866,-0.5,0.4634,5.1,LOW
2022-08-09,T.B.I.A,8,Monsoon,27.4,26.2,28.4,2.2,38.2,998.0,15.25,13,2.0,19.15,72.0,72.3,134.0,178.8,40.8,31.5,-0.6132,-0.7899,-0.866,-0.5,0.7873,6.0,MODERATE
2022-08-10,T.B.I.A,8,Monsoon,27.3,26.7,27.7,1.0,51.3,996.5,16.75,13,2.0,19.15,72.0,11.1,124.2,187.9,72.3,-61.2,-0.6267,-0.7792,-0.866,-0.5,0.2808,6.5,LOW
2022-08-11,T.B.I.A,8,Monsoon,27.4,26.6,27.9,1.3,50.0,997.9,15.35,13,2.0,19.15,72.0,7.8,91.2,191.8,11.1,-3.3,-0.64,-0.7683,-0.866,-0.5,0.2179,9.2,LOW
2022-08-12,T.B.I.A,8,Monsoon,27.4,26.7,27.8,1.1,49.0,1001.3,11.95,13,2.0,19.15,72.0,5.1,24.0,174.9,7.8,-2.7,-0.6532,-0.7572,-0.866,-0.5,0.0,3.7,SAFE
2022-08-13,T.B.I.A,8,Monsoon,27.3,26.8,27.8,1.0,40.5,1003.8,9.45,13,2.0,19.15,72.0,3.4,16.3,161.4,5.1,-1.7,-0.6661,-0.7459,-0.866,-0.5,0.0,0.0,SAFE
2022-08-14,T.B.I.A,8,Monsoon,27.4,26.2,27.8,1.6,38.2,1005.3,7.95,13,2.0,19.15,72.0,1.4,9.9,141.9,3.4,-2.0,-0.6788,-0.7343,-0.866,-0.5,0.0149,11.5,SAFE
2022-08-15,T.B.I.A,8,Monsoon,27.1,26.3,27.5,1.2,40.1,1005.7,7.55,13,2.0,19.15,72.0,6.1,10.9,107.2,1.4,4.7,-0.6914,-0.7225,-0.866,-0.5,0.1705,2.1,LOW
2022-08-16,T.B.I.A,8,Monsoon,26.6,26.1,27.6,1.5,41.2,1004.7,8.55,13,2.0,19.15,72.0,27.4,34.9,62.3,6.1,21.3,-0.7037,-0.7105,-0.866,-0.5,0.1385,2.0,LOW
2022-08-17,T.B.I.A,8,Monsoon,26.9,26.2,27.3,1.1,36.8,1005.5,7.75,13,2.0,19.15,72.0,7.0,40.5,58.2,27.4,-20.4,-0.7158,-0.6983,-0.866,-0.5,0.1927,6.9,LOW
2022-08-18,T.B.I.A,8,Monsoon,27.0,25.8,28.2,2.4,30.8,1006.2,7.05,13,2.0,19.15,72.0,5.7,40.1,56.1,7.0,-1.3,-0.7277,-0.6859,-0.866,-0.5,0.1018,2.9,SAFE
2022-08-19,T.B.I.A,8,Monsoon,27.0,26.4,27.4,1.0,33.1,1006.9,6.35,13,2.0,19.15,72.0,1.8,14.5,52.8,5.7,-3.9,-0.7394,-0.6733,-0.866,-0.5,0.0255,2.6,SAFE
2022-08-20,T.B.I.A,8,Monsoon,26.8,26.2,27.2,1.0,28.8,1006.8,6.45,13,2.0,19.15,72.0,1.2,8.7,50.6,1.8,-0.6,-0.7509,-0.6605,-0.866,-0.5,0.0585,13.2,SAFE
2022-08-21,T.B.I.A,8,Monsoon,26.9,26.6,27.6,1.0,31.0,1006.1,7.15,13,2.0,19.15,72.0,0.6,3.6,49.8,1.2,-0.6,-0.7621,-0.6474,-0.866,-0.5,0.0,0.0,SAFE
2022-08-22,T.B.I.A,8,Monsoon,27.0,26.0,27.4,1.4,34.6,1004.6,8.65,13,2.0,19.15,72.0,0.3,2.1,44.0,0.6,-0.3,-0.7731,-0.6342,-0.866,-0.5,0.0,0.0,SAFE
2022-08-23,T.B.I.A,8,Monsoon,27.0,26.3,29.2,2.9,31.6,1004.7,8.55,13,2.0,19.15,72.0,2.4,3.3,19.0,0.3,2.1,-0.7839,-0.6208,-0.866,-0.5,0.0,0.9,SAFE
2022-08-24,T.B.I.A,8,Monsoon,26.9,26.2,28.2,2.0,35.7,1006.9,6.35,13,2.0,19.15,72.0,2.2,4.9,14.2,2.4,-0.2,-0.7945,-0.6073,-0.866,-0.5,0.0056,5.8,SAFE
2022-08-25,T.B.I.A,8,Monsoon,26.9,26.5,27.4,0.9,21.5,1007.0,6.25,13,2.0,19.15,72.0,0.9,5.5,9.4,2.2,-1.3,-0.8048,-0.5935,-0.866,-0.5,0.0,0.0,SAFE
2022-08-26,T.B.I.A,8,Monsoon,26.7,25.2,27.4,2.2,16.6,1007.3,5.95,13,2.0,19.15,72.0,1.4,4.5,9.0,0.9,0.5,-0.8149,-0.5796,-0.866,-0.5,0.0,0.0,SAFE
2022-08-27,T.B.I.A,8,Monsoon,26.7,25.4,27.2,1.8,16.9,1007.6,5.65,13,2.0,19.15,72.0,0.0,2.3,7.8,1.4,-1.4,-0.8248,-0.5655,-0.866,-0.5,0.0,0.0,SAFE
2022-08-28,T.B.I.A,8,Monsoon,26.8,26.2,27.2,1.0,17.9,1007.6,5.65,13,2.0,19.15,72.0,0.1,1.5,7.3,0.0,0.1,-0.8344,-0.5512,-0.866,-0.5,0.0,0.0,SAFE
2022-08-29,T.B.I.A,8,Monsoon,26.9,26.1,27.7,1.6,13.9,1008.6,4.65,13,2.0,19.15,72.0,0.6,0.7,7.6,0.1,0.5,-0.8437,-0.5368,-0.866,-0.5,0.0,0.0,SAFE
2022-08-30,T.B.I.A,8,Monsoon,27.3,26.2,27.8,1.6,14.9,1008.5,4.75,13,2.0,19.15,72.0,0.0,0.7,5.2,0.6,-0.6,-0.8528,-0.5222,-0.866,-0.5,0.0,0.0,SAFE
2022-08-31,T.B.I.A,8,Monsoon,27.5,27.0,28.1,1.1,17.4,1007.3,5.95,13,2.0,19.15,72.0,0.0,0.6,3.0,0.0,0.0,-0.8617,-0.5074,-0.866,-0.5,0.0,0.0,SAFE
2022-09-01,T.B.I.A,9,Monsoon,27.6,26.7,28.4,1.7,17.3,1006.9,6.35,13,2.0,19.15,72.0,7.8,7.8,9.9,0.0,7.8,-0.8703,-0.4925,-1.0,-0.0,0.0331,0.0,SAFE
2022-09-02,T.B.I.A,9,Monsoon,28.0,27.1,29.0,1.9,13.3,1007.2,6.05,13,2.0,19.15,72.0,2.1,9.9,10.6,7.8,-5.7,-0.8786,-0.4775,-1.0,-0.0,0.0,1.0,SAFE
2022-09-03,T.B.I.A,9,Monsoon,27.9,27.2,29.0,1.8,10.9,1007.4,5.85,13,2.0,19.15,72.0,0.1,10.0,10.7,2.1,-2.0,-0.8867,-0.4623,-1.0,-0.0,0.0617,4.8,SAFE
2022-09-04,T.B.I.A,9,Monsoon,27.9,27.3,28.3,1.0,17.1,1007.6,5.65,13,2.0,19.15,72.0,2.3,4.5,12.9,0.1,2.2,-0.8945,-0.447,-1.0,-0.0,0.0918,0.0,SAFE
2022-09-05,T.B.I.A,9,Monsoon,27.8,27.4,28.2,0.8,20.4,1007.7,5.55,13,2.0,19.15,72.0,0.8,3.2,13.1,2.3,-1.5,-0.9021,-0.4315,-1.0,-0.0,0.0,0.0,SAFE
2022-09-06,T.B.I.A,9,Monsoon,27.8,27.2,28.5,1.3,14.8,1007.4,5.85,13,2.0,19.15,72.0,0.9,4.0,14.0,0.8,0.1,-0.9094,-0.4159,-1.0,-0.0,0.0,0.0,SAFE
2022-09-07,T.B.I.A,9,Monsoon,28.3,27.7,28.9,1.2,18.0,1007.1,6.15,13,2.0,19.15,72.0,0.7,2.4,14.7,0.9,-0.2,-0.9164,-0.4002,-1.0,-0.0,0.0,0.0,SAFE
2022-09-08,T.B.I.A,9,Monsoon,27.3,26.3,28.2,1.9,14.9,1005.9,7.35,13,2.0,19.15,72.0,32.1,33.7,39.0,0.7,31.4,-0.9232,-0.3844,-1.0,-0.0,0.2137,10.3,LOW
2022-09-09,T.B.I.A,9,Monsoon,27.9,27.2,28.7,1.5,13.0,1004.1,9.15,13,2.0,19.15,72.0,0.6,33.4,37.5,32.1,-31.5,-0.9296,-0.3685,-1.0,-0.0,0.1369,12.4,SAFE
2022-09-10,T.B.I.A,9,Monsoon,27.7,27.2,28.3,1.1,9.4,1004.5,8.75,13,2.0,19.15,72.0,4.5,37.2,41.9,0.6,3.9,-0.9358,-0.3524,-1.0,-0.0,0.2038,0.0,LOW
2022-09-11,T.B.I.A,9,Monsoon,27.8,27.1,28.3,1.2,11.5,1002.4,10.85,13,2.0,19.15,72.0,5.5,10.6,45.1,4.5,1.0,-0.9418,-0.3363,-1.0,-0.0,0.1553,1.3,SAFE
2022-09-12,T.B.I.A,9,Monsoon,27.2,26.8,27.6,0.8,14.7,1001.3,11.95,13,2.0,19.15,72.0,16.2,26.2,60.5,5.5,10.7,-0.9474,-0.32,-1.0,-0.0,0.1269,0.0,LOW
2022-09-13,T.B.I.A,9,Monsoon,26.9,26.2,27.4,1.2,28.1,1002.7,10.55,13,2.0,19.15,72.0,71.3,93.0,130.9,16.2,55.1,-0.9528,-0.3037,-1.0,-0.0,0.3777,7.5,MODERATE
2022-09-14,T.B.I.A,9,Monsoon,27.3,26.9,27.7,0.8,36.8,1005.2,8.05,13,2.0,19.15,72.0,25.8,113.3,156.0,71.3,-45.5,-0.9579,-0.2873,-1.0,-0.0,0.2074,13.5,LOW
2022-09-15,T.B.I.A,9,Monsoon,27.1,26.6,27.4,0.8,38.1,1006.8,6.45,13,2.0,19.15,72.0,37.0,134.1,160.9,25.8,11.2,-0.9627,-0.2707,-1.0,-0.0,0.4281,2.5,LOW
2022-09-16,T.B.I.A,9,Monsoon,26.9,26.3,28.2,1.9,30.2,1005.8,7.45,13,2.0,19.15,72.0,48.1,110.9,208.4,37.0,11.1,-0.9672,-0.2541,-1.0,-0.0,0.4561,4.1,LOW
2022-09-17,T.B.I.A,9,Monsoon,26.3,25.6,27.2,1.6,20.7,1006.2,7.05,13,2.0,19.15,72.0,14.0,99.1,217.9,48.1,-34.1,-0.9714,-0.2375,-1.0,-0.0,0.1166,12.1,LOW
2022-09-18,T.B.I.A,9,Monsoon,26.8,25.2,27.9,2.7,16.5,1008.1,5.15,13,2.0,19.15,72.0,16.7,78.8,229.1,14.0,2.7,-0.9753,-0.2207,-1.0,-0.0,0.2197,8.4,LOW
2022-09-19,T.B.I.A,9,Monsoon,27.3,25.9,28.2,2.3,17.3,1008.6,4.65,13,2.0,19.15,72.0,1.3,32.0,214.2,16.7,-15.4,-0.979,-0.2039,-1.0,-0.0,0.1341,0.0,SAFE
2022-09-20,T.B.I.A,9,Monsoon,26.9,25.6,27.8,2.2,17.2,1008.4,4.85,13,2.0,19.15,72.0,2.5,20.5,145.4,1.3,1.2,-0.9824,-0.187,-1.0,-0.0,0.0,5.4,SAFE
2022-09-21,T.B.I.A,9,Monsoon,27.1,26.4,27.7,1.3,17.0,1008.6,4.65,13,2.0,19.15,72.0,1.0,4.8,120.6,2.5,-1.5,-0.9854,-0.1701,-1.0,-0.0,0.0,0.0,SAFE
2022-09-22,T.B.I.A,9,Monsoon,27.3,26.2,27.6,1.4,17.9,1008.6,4.65,13,2.0,19.15,72.0,0.0,3.5,83.6,1.0,-1.0,-0.9882,-0.1531,-1.0,-0.0,0.0,0.0,SAFE
2022-09-23,T.B.I.A,9,Monsoon,27.1,26.0,28.4,2.4,17.6,1008.6,4.65,13,2.0,19.15,72.0,1.5,2.5,37.0,0.0,1.5,-0.9907,-0.1361,-1.0,-0.0,0.1566,0.5,SAFE
2022-09-24,T.B.I.A,9,Monsoon,26.4,24.8,29.0,4.2,14.9,1008.1,5.15,13,2.0,19.15,72.0,7.0,8.5,30.0,1.5,5.5,-0.9929,-0.1191,-1.0,-0.0,0.0051,6.0,SAFE
2022-09-25,T.B.I.A,9,Monsoon,26.5,25.1,27.8,2.7,12.6,1008.3,4.95,13,2.0,19.15,72.0,3.3,11.8,16.6,7.0,-3.7,-0.9948,-0.102,-1.0,-0.0,0.0,14.1,SAFE
2022-09-26,T.B.I.A,9,Monsoon,26.5,25.3,27.7,2.4,10.9,1009.5,3.75,13,2.0,19.15,72.0,2.2,12.5,17.5,3.3,-1.1,-0.9964,-0.0848,-1.0,-0.0,0.0,3.6,SAFE
2022-09-27,T.B.I.A,9,Monsoon,27.1,25.7,28.4,2.7,17.8,1008.5,4.75,13,2.0,19.15,72.0,0.9,6.4,15.9,2.2,-1.3,-0.9977,-0.0677,-1.0,-0.0,0.0174,0.6,SAFE
2022-09-28,T.B.I.A,9,Monsoon,27.1,25.6,28.2,2.6,11.8,1007.6,5.65,13,2.0,19.15,72.0,1.1,4.2,16.0,0.9,0.2,-0.9987,-0.0505,-1.0,-0.0,0.0,3.9,SAFE
2022-09-29,T.B.I.A,9,Monsoon,27.3,25.7,28.3,2.6,11.1,1007.6,5.65,13,2.0,19.15,72.0,3.1,5.1,19.1,1.1,2.0,-0.9994,-0.0333,-1.0,-0.0,0.0138,0.0,SAFE
2022-09-30,T.B.I.A,9,Monsoon,27.5,26.2,30.2,4.0,14.2,1008.3,4.95,13,2.0,19.15,72.0,2.5,6.7,20.1,3.1,-0.6,-0.9999,-0.0161,-1.0,-0.0,0.0709,12.8,SAFE
2023-07-01,T.B.I.A,7,Monsoon,27.5,26.6,28.4,1.8,31.4,1005.6,7.65,13,2.0,19.15,72.0,40.6,46.2,53.7,2.5,38.1,0.0108,-0.9999,-0.5,-0.866,0.2677,5.5,LOW
2023-07-02,T.B.I.A,7,Monsoon,27.6,26.2,28.1,1.9,31.0,1005.6,7.65,13,2.0,19.15,72.0,34.1,77.2,84.5,40.6,-6.5,-0.0065,-1.0,-0.5,-0.866,0.2927,1.8,LOW
2023-07-03,T.B.I.A,7,Monsoon,27.9,27.1,29.2,2.1,22.0,1003.9,9.35,13,2.0,19.15,72.0,15.3,90.0,97.6,34.1,-18.8,-0.0237,-0.9997,-0.5,-0.866,0.0454,0.0,SAFE
2023-07-04,T.B.I.A,7,Monsoon,28.0,27.2,29.0,1.8,21.1,1002.6,10.65,13,2.0,19.15,72.0,16.5,65.9,113.2,15.3,1.2,-0.0408,-0.9992,-0.5,-0.866,0.2358,6.6,LOW
2023-07-05,T.B.I.A,7,Monsoon,28.0,27.2,28.7,1.5,21.4,1000.8,12.45,13,2.0,19.15,72.0,13.1,44.9,125.2,16.5,-3.4,-0.058,-0.9983,-0.5,-0.866,0.1368,6.7,LOW
2023-07-06,T.B.I.A,7,Monsoon,27.2,26.6,27.6,1.0,29.4,1001.8,11.45,13,2.0,19.15,72.0,68.0,97.6,190.1,13.1,54.9,-0.0752,-0.9972,-0.5,-0.866,0.6688,1.6,MODERATE
2023-07-07,T.B.I.A,7,Monsoon,27.6,26.2,28.1,1.9,33.9,1002.4,10.85,13,2.0,19.15,72.0,52.6,133.7,240.2,68.0,-15.4,-0.0923,-0.9957,-0.5,-0.866,0.3782,13.3,LOW
2023-07-08,T.B.I.A,7,Monsoon,28.2,26.6,29.0,2.4,39.9,1003.9,9.35,13,2.0,19.15,72.0,4.4,125.0,204.0,52.6,-48.2,-0.1094,-0.994,-0.5,-0.866,0.033,0.0,SAFE
2023-07-09,T.B.I.A,7,Monsoon,28.3,27.2,29.2,2.0,35.1,1005.1,8.15,13,2.0,19.15,72.0,1.7,58.7,171.6,4.4,-2.7,-0.1265,-0.992,-0.5,-0.866,0.1748,3.1,SAFE
2023-07-10,T.B.I.A,7,Monsoon,28.5,26.2,31.0,4.8,27.1,1005.5,7.75,13,2.0,19.15,72.0,3.4,9.5,159.7,1.7,1.7,-0.1436,-0.9896,-0.5,-0.866,0.081,3.1,SAFE
2023-07-11,T.B.I.A,7,Monsoon,28.5,27.7,29.0,1.3,29.3,1006.5,6.75,13,2.0,19.15,72.0,1.1,6.2,144.3,3.4,-2.3,-0.1606,-0.987,-0.5,-0.866,0.0,9.1,SAFE
2023-07-12,T.B.I.A,7,Monsoon,28.6,28.0,30.6,2.6,25.2,1004.9,8.35,13,2.0,19.15,72.0,1.6,6.1,132.8,1.1,0.5,-0.1775,-0.9841,-0.5,-0.866,0.0,0.0,SAFE
2023-07-13,T.B.I.A,7,Monsoon,27.7,26.7,31.6,4.9,23.4,1005.1,8.15,13,2.0,19.15,72.0,17.0,19.7,81.8,1.6,15.4,-0.1944,-0.9809,-0.5,-0.866,0.2893,0.0,LOW
2023-07-14,T.B.I.A,7,Monsoon,27.2,25.2,28.0,2.8,25.7,1006.0,7.25,13,2.0,19.15,72.0,31.5,50.1,60.7,17.0,14.5,-0.2113,-0.9774,-0.5,-0.866,0.3945,0.0,LOW
2023-07-15,T.B.I.A,7,Monsoon,28.4,27.4,29.2,1.8,29.4,1006.4,6.85,13,2.0,19.15,72.0,1.5,50.0,57.8,31.5,-30.0,-0.2281,-0.9736,-0.5,-0.866,0.0,0.0,SAFE
2023-07-16,T.B.I.A,7,Monsoon,27.6,26.2,28.6,2.4,31.2,1006.2,7.05,13,2.0,19.15,72.0,14.6,47.6,70.7,1.5,13.1,-0.2448,-0.9696,-0.5,-0.866,0.1096,8.6,LOW
2023-07-17,T.B.I.A,7,Monsoon,27.3,25.0,28.0,3.0,36.0,1004.8,8.45,13,2.0,19.15,72.0,19.5,35.6,86.8,14.6,4.9,-0.2614,-0.9652,-0.5,-0.866,0.339,9.9,LOW
2023-07-18,T.B.I.A,7,Monsoon,27.3,25.0,27.9,2.9,32.7,1003.7,9.55,13,2.0,19.15,72.0,43.7,77.8,129.4,19.5,24.2,-0.278,-0.9606,-0.5,-0.866,0.2985,6.1,LOW
2023-07-19,T.B.I.A,7,Monsoon,27.5,25.2,28.2,3.0,36.2,1001.9,11.35,13,2.0,19.15,72.0,33.2,96.4,161.0,43.7,-10.5,-0.2945,-0.9557,-0.5,-0.866,0.2724,10.8,LOW
2023-07-20,T.B.I.A,7,Monsoon,27.7,25.8,29.1,3.3,33.5,1002.0,11.25,13,2.0,19.15,72.0,28.1,105.0,172.1,33.2,-5.1,-0.3109,-0.9505,-0.5,-0.866,0.2816,4.3,LOW
2023-07-21,T.B.I.A,7,Monsoon,27.6,25.0,28.7,3.7,27.9,1003.8,9.45,13,2.0,19.15,72.0,12.7,74.0,153.3,28.1,-15.4,-0.3272,-0.945,-0.5,-0.866,0.0701,3.7,SAFE
2023-07-22,T.B.I.A,7,Monsoon,27.3,25.4,28.5,3.1,31.5,1004.5,8.75,13,2.0,19.15,72.0,39.5,80.3,191.3,12.7,26.8,-0.3434,-0.9392,-0.5,-0.866,0.1523,3.1,LOW
2023-07-23,T.B.I.A,7,Monsoon,27.5,26.6,28.0,1.4,39.6,1003.1,10.15,13,2.0,19.15,72.0,13.0,65.2,189.7,39.5,-26.5,-0.3595,-0.9332,-0.5,-0.866,0.2867,1.5,LOW
2023-07-24,T.B.I.A,7,Monsoon,27.2,26.2,27.7,1.5,34.4,1003.2,10.05,13,2.0,19.15,72.0,40.6,93.1,210.8,13.0,27.6,-0.3755,-0.9268,-0.5,-0.866,0.1625,0.0,LOW
2023-07-25,T.B.I.A,7,Monsoon,27.2,26.8,27.8,1.0,34.7,1005.6,7.65,13,2.0,19.15,72.0,29.7,83.3,196.8,40.6,-10.9,-0.3914,-0.9202,-0.5,-0.866,0.3127,3.6,LOW
2023-07-26,T.B.I.A,7,Monsoon,27.1,25.0,27.7,2.7,32.0,1006.2,7.05,13,2.0,19.15,72.0,35.4,105.7,199.0,29.7,5.7,-0.4071,-0.9134,-0.5,-0.866,0.442,5.9,LOW
2023-07-27,T.B.I.A,7,Monsoon,27.0,25.0,27.9,2.9,31.4,1006.2,7.05,13,2.0,19.15,72.0,31.7,96.8,202.6,35.4,-3.7,-0.4228,-0.9062,-0.5,-0.866,0.1647,6.3,LOW
2023-07-28,T.B.I.A,7,Monsoon,27.3,26.0,28.1,2.1,35.0,1006.7,6.55,13,2.0,19.15,72.0,26.2,93.3,216.1,31.7,-5.5,-0.4383,-0.8988,-0.5,-0.866,0.1872,5.0,LOW
2023-07-29,T.B.I.A,7,Monsoon,27.6,25.6,28.1,2.5,33.9,1006.9,6.35,13,2.0,19.15,72.0,1.7,59.6,178.3,26.2,-24.5,-0.4537,-0.8912,-0.5,-0.866,0.2386,0.3,LOW
2023-07-30,T.B.I.A,7,Monsoon,27.7,27.2,28.2,1.0,36.4,1006.6,6.65,13,2.0,19.15,72.0,3.0,30.9,168.3,1.7,1.3,-0.469,-0.8832,-0.5,-0.866,0.1306,0.0,SAFE
2023-07-31,T.B.I.A,7,Monsoon,27.7,27.3,28.2,0.9,34.7,1005.9,7.35,13,2.0,19.15,72.0,2.3,7.0,130.0,3.0,-0.7,-0.4841,-0.875,-0.5,-0.866,0.0,0.8,SAFE
2023-08-01,T.B.I.A,8,Monsoon,27.5,26.2,28.0,1.8,40.8,1005.9,7.35,13,2.0,19.15,72.0,2.1,7.4,102.4,2.3,-0.2,-0.4991,-0.8666,-0.866,-0.5,0.1612,4.2,SAFE
2023-08-02,T.B.I.A,8,Monsoon,27.6,27.0,28.0,1.0,34.0,1006.4,6.85,13,2.0,19.15,72.0,0.7,5.1,67.7,2.1,-1.4,-0.5139,-0.8578,-0.866,-0.5,0.1512,0.0,SAFE
2023-08-03,T.B.I.A,8,Monsoon,27.7,27.2,28.1,0.9,36.6,1006.0,7.25,13,2.0,19.15,72.0,1.3,4.1,37.3,0.7,0.6,-0.5286,-0.8489,-0.866,-0.5,0.0542,0.6,SAFE
2023-08-04,T.B.I.A,8,Monsoon,27.9,27.4,28.4,1.0,37.3,1007.3,5.95,13,2.0,19.15,72.0,0.9,2.9,12.0,1.3,-0.4,-0.5431,-0.8397,-0.866,-0.5,0.0,0.0,SAFE
2023-08-05,T.B.I.A,8,Monsoon,27.9,26.9,29.8,2.9,29.8,1008.2,5.05,13,2.0,19.15,72.0,1.0,3.2,11.3,0.9,0.1,-0.5575,-0.8302,-0.866,-0.5,0.0,0.0,SAFE
2023-08-06,T.B.I.A,8,Monsoon,27.6,27.1,28.2,1.1,30.5,1008.0,5.25,13,2.0,19.15,72.0,1.1,3.0,9.4,1.0,0.1,-0.5717,-0.8205,-0.866,-0.5,0.0534,0.0,SAFE
2023-08-07,T.B.I.A,8,Monsoon,27.7,26.9,30.0,3.1,32.6,1006.8,6.45,13,2.0,19.15,72.0,1.7,3.8,8.8,1.1,0.6,-0.5857,-0.8105,-0.866,-0.5,0.0077,1.5,SAFE
2023-08-08,T.B.I.A,8,Monsoon,27.7,27.1,30.4,3.3,29.2,1006.8,6.45,13,2.0,19.15,72.0,1.3,4.1,8.0,1.7,-0.4,-0.5996,-0.8003,-0.866,-0.5,0.1246,0.0,SAFE
2023-08-09,T.B.I.A,8,Monsoon,27.7,27.0,31.4,4.4,26.8,1008.8,4.45,13,2.0,19.15,72.0,1.2,4.2,8.5,1.3,-0.1,-0.6132,-0.7899,-0.866,-0.5,0.0,2.0,SAFE
2023-08-10,T.B.I.A,8,Monsoon,27.7,27.1,29.2,2.1,26.4,1009.4,3.85,13,2.0,19.15,72.0,0.7,3.2,7.9,1.2,-0.5,-0.6267,-0.7792,-0.866,-0.5,0.0,0.0,SAFE
2023-08-11,T.B.I.A,8,Monsoon,27.4,26.8,29.0,2.2,22.6,1009.2,4.05,13,2.0,19.15,72.0,0.8,2.7,7.8,0.7,0.1,-0.64,-0.7683,-0.866,-0.5,0.0,0.0,SAFE
2023-08-12,T.B.I.A,8,Monsoon,27.5,25.8,30.2,4.4,25.6,1008.9,4.35,13,2.0,19.15,72.0,0.9,2.4,7.7,0.8,0.1,-0.6532,-0.7572,-0.866,-0.5,0.0,0.0,SAFE
2023-08-13,T.B.I.A,8,Monsoon,27.8,27.1,30.6,3.5,27.2,1007.1,6.15,13,2.0,19.15,72.0,0.0,1.7,6.6,0.9,-0.9,-0.6661,-0.7459,-0.866,-0.5,0.0,0.0,SAFE
2023-08-14,T.B.I.A,8,Monsoon,27.9,27.0,31.2,4.2,28.4,1007.7,5.55,13,2.0,19.15,72.0,0.9,1.8,5.8,0.0,0.9,-0.6788,-0.7343,-0.866,-0.5,0.0,0.0,SAFE
2023-08-15,T.B.I.A,8,Monsoon,27.7,27.1,28.0,0.9,28.1,1008.4,4.85,13,2.0,19.15,72.0,0.4,1.3,4.9,0.9,-0.5,-0.6914,-0.7225,-0.866,-0.5,0.0,0.0,SAFE
2023-08-16,T.B.I.A,8,Monsoon,27.9,27.2,31.2,4.0,24.7,1008.9,4.35,13,2.0,19.15,72.0,0.3,1.6,4.0,0.4,-0.1,-0.7037,-0.7105,-0.866,-0.5,0.0,0.0,SAFE
2023-08-17,T.B.I.A,8,Monsoon,27.8,26.7,31.6,4.9,21.4,1008.9,4.35,13,2.0,19.15,72.0,0.1,0.8,3.4,0.3,-0.2,-0.7158,-0.6983,-0.866,-0.5,0.0,0.0,SAFE
2023-08-18,T.B.I.A,8,Monsoon,27.2,26.5,28.0,1.5,25.4,1008.2,5.05,13,2.0,19.15,72.0,0.3,0.7,2.9,0.1,0.2,-0.7277,-0.6859,-0.866,-0.5,0.0,0.0,SAFE
2023-08-19,T.B.I.A,8,Monsoon,27.4,26.4,30.4,4.0,25.5,1006.9,6.35,13,2.0,19.15,72.0,1.5,1.9,3.5,0.3,1.2,-0.7394,-0.6733,-0.866,-0.5,0.0098,0.0,SAFE
2023-08-20,T.B.I.A,8,Monsoon,27.7,27.1,29.8,2.7,25.0,1006.6,6.65,13,2.0,19.15,72.0,1.0,2.8,4.5,1.5,-0.5,-0.7509,-0.6605,-0.866,-0.5,0.0,0.0,SAFE
2023-08-21,T.B.I.A,8,Monsoon,27.8,26.8,31.8,5.0,28.5,1007.3,5.95,13,2.0,19.15,72.0,0.4,2.9,4.0,1.0,-0.6,-0.7621,-0.6474,-0.866,-0.5,0.0,0.0,SAFE
2023-08-22,T.B.I.A,8,Monsoon,27.2,26.0,28.0,2.0,18.7,1007.0,6.25,13,2.0,19.15,72.0,1.2,2.6,4.8,0.4,0.8,-0.7731,-0.6342,-0.866,-0.5,0.0796,4.4,SAFE
2023-08-23,T.B.I.A,8,Monsoon,27.6,27.0,29.0,2.0,23.4,1006.9,6.35,13,2.0,19.15,72.0,0.3,1.9,4.8,1.2,-0.9,-0.7839,-0.6208,-0.866,-0.5,0.0,0.0,SAFE
2023-08-24,T.B.I.A,8,Monsoon,27.6,26.6,30.0,3.4,26.4,1006.1,7.15,13,2.0,19.15,72.0,2.2,3.7,6.9,0.3,1.9,-0.7945,-0.6073,-0.866,-0.5,0.0,3.2,SAFE
2023-08-25,T.B.I.A,8,Monsoon,27.6,26.8,30.2,3.4,28.7,1006.1,7.15,13,2.0,19.15,72.0,3.1,5.6,9.7,2.2,0.9,-0.8048,-0.5935,-0.866,-0.5,0.0,0.0,SAFE
2023-08-26,T.B.I.A,8,Monsoon,27.3,26.7,27.9,1.2,28.5,1007.5,5.75,13,2.0,19.15,72.0,5.4,10.7,13.6,3.1,2.3,-0.8149,-0.5796,-0.866,-0.5,0.1385,0.0,SAFE
2023-08-27,T.B.I.A,8,Monsoon,27.1,26.2,28.2,2.0,22.4,1008.2,5.05,13,2.0,19.15,72.0,6.9,15.4,19.5,5.4,1.5,-0.8248,-0.5655,-0.866,-0.5,0.0641,1.5,SAFE
2023-08-28,T.B.I.A,8,Monsoon,27.2,26.1,31.2,5.1,19.9,1007.9,5.35,13,2.0,19.15,72.0,3.7,16.0,22.8,6.9,-3.2,-0.8344,-0.5512,-0.866,-0.5,0.0544,0.0,SAFE
2023-08-29,T.B.I.A,8,Monsoon,27.8,26.8,30.2,3.4,16.1,1008.0,5.25,13,2.0,19.15,72.0,0.0,10.6,21.6,3.7,-3.7,-0.8437,-0.5368,-0.866,-0.5,0.0,1.6,SAFE
2023-08-30,T.B.I.A,8,Monsoon,27.6,26.8,30.0,3.2,11.8,1008.8,4.45,13,2.0,19.15,72.0,0.0,3.7,21.3,0.0,0.0,-0.8528,-0.5222,-0.866,-0.5,0.0,0.0,SAFE
2023-08-31,T.B.I.A,8,Monsoon,27.7,26.6,31.6,5.0,9.0,1008.6,4.65,13,2.0,19.15,72.0,0.0,0.0,19.1,0.0,0.0,-0.8617,-0.5074,-0.866,-0.5,0.0,0.0,SAFE
2023-09-01,T.B.I.A,9,Monsoon,27.7,26.9,31.4,4.5,9.3,1008.6,4.65,13,2.0,19.15,72.0,0.0,0.0,16.0,0.0,0.0,-0.8703,-0.4925,-1.0,-0.0,0.0,0.0,SAFE
2023-09-02,T.B.I.A,9,Monsoon,27.6,26.0,28.4,2.4,9.0,1008.5,4.75,13,2.0,19.15,72.0,0.0,0.0,10.6,0.0,0.0,-0.8786,-0.4775,-1.0,-0.0,0.0,0.0,SAFE
2023-09-03,T.B.I.A,9,Monsoon,27.7,25.2,28.4,3.2,16.7,1007.6,5.65,13,2.0,19.15,72.0,0.0,0.0,3.7,0.0,0.0,-0.8867,-0.4623,-1.0,-0.0,0.0,0.0,SAFE
2023-09-04,T.B.I.A,9,Monsoon,27.9,27.2,28.6,1.4,16.8,1006.5,6.75,13,2.0,19.15,72.0,0.0,0.0,0.0,0.0,0.0,-0.8945,-0.447,-1.0,-0.0,0.0,0.0,SAFE
2023-09-05,T.B.I.A,9,Monsoon,27.6,26.9,28.3,1.4,18.4,1006.2,7.05,13,2.0,19.15,72.0,0.0,0.0,0.0,0.0,0.0,-0.9021,-0.4315,-1.0,-0.0,0.0,0.0,SAFE
2023-09-06,T.B.I.A,9,Monsoon,28.0,25.2,28.6,3.4,20.6,1006.1,7.15,13,2.0,19.15,72.0,0.0,0.0,0.0,0.0,0.0,-0.9094,-0.4159,-1.0,-0.0,0.0,0.0,SAFE
2023-09-07,T.B.I.A,9,Monsoon,27.6,25.0,29.0,4.0,25.7,1005.5,7.75,13,2.0,19.15,72.0,11.9,11.9,11.9,0.0,11.9,-0.9164,-0.4002,-1.0,-0.0,0.045,10.5,SAFE
2023-09-08,T.B.I.A,9,Monsoon,27.9,25.0,28.8,3.8,31.5,1005.8,7.45,13,2.0,19.15,72.0,21.7,33.6,33.6,11.9,9.8,-0.9232,-0.3844,-1.0,-0.0,0.0342,1.7,LOW
2023-09-09,T.B.I.A,9,Monsoon,28.5,28.1,28.8,0.7,31.8,1006.1,7.15,13,2.0,19.15,72.0,0.9,34.5,34.5,21.7,-20.8,-0.9296,-0.3685,-1.0,-0.0,0.0926,0.0,SAFE
2023-09-10,T.B.I.A,9,Monsoon,28.1,27.7,29.0,1.3,21.9,1005.8,7.45,13,2.0,19.15,72.0,0.0,22.6,34.5,0.9,-0.9,-0.9358,-0.3524,-1.0,-0.0,0.0,0.0,SAFE
2023-09-11,T.B.I.A,9,Monsoon,28.0,27.1,29.2,2.1,24.5,1006.6,6.65,13,2.0,19.15,72.0,0.4,1.3,34.9,0.0,0.4,-0.9418,-0.3363,-1.0,-0.0,0.0,0.0,SAFE
2023-09-12,T.B.I.A,9,Monsoon,28.3,26.6,30.2,3.6,19.2,1007.0,6.25,13,2.0,19.15,72.0,0.0,0.4,34.9,0.4,-0.4,-0.9474,-0.32,-1.0,-0.0,0.0,0.0,SAFE
2023-09-13,T.B.I.A,9,Monsoon,28.2,27.2,31.4,4.2,19.1,1006.5,6.75,13,2.0,19.15,72.0,0.9,1.3,35.8,0.0,0.9,-0.9528,-0.3037,-1.0,-0.0,0.0,0.0,SAFE
2023-09-14,T.B.I.A,9,Monsoon,27.9,26.4,28.6,2.2,24.6,1006.7,6.55,13,2.0,19.15,72.0,1.7,2.6,25.6,0.9,0.8,-0.9579,-0.2873,-1.0,-0.0,0.0,5.2,SAFE
2023-09-15,T.B.I.A,9,Monsoon,28.2,26.6,28.9,2.3,18.2,1006.9,6.35,13,2.0,19.15,72.0,0.0,2.6,3.9,1.7,-1.7,-0.9627,-0.2707,-1.0,-0.0,0.0,0.0,SAFE
2023-09-16,T.B.I.A,9,Monsoon,28.2,26.0,31.2,5.2,23.5,1006.2,7.05,13,2.0,19.15,72.0,0.4,2.1,3.4,0.0,0.4,-0.9672,-0.2541,-1.0,-0.0,0.0,0.0,SAFE
2023-09-17,T.B.I.A,9,Monsoon,28.2,27.2,29.2,2.0,30.3,1005.1,8.15,13,2.0,19.15,72.0,1.2,1.6,4.6,0.4,0.8,-0.9714,-0.2375,-1.0,-0.0,0.0859,0.0,SAFE
2023-09-18,T.B.I.A,9,Monsoon,27.7,25.2,30.2,5.0,30.1,1005.0,8.25,13,2.0,19.15,72.0,9.0,10.6,13.2,1.2,7.8,-0.9753,-0.2207,-1.0,-0.0,0.0,4.8,SAFE
2023-09-19,T.B.I.A,9,Monsoon,27.6,26.8,30.2,3.4,28.4,1006.6,6.65,13,2.0,19.15,72.0,12.7,22.9,25.9,9.0,3.7,-0.979,-0.2039,-1.0,-0.0,0.0132,3.8,SAFE
2023-09-20,T.B.I.A,9,Monsoon,27.6,26.3,31.6,5.3,18.6,1006.7,6.55,13,2.0,19.15,72.0,11.3,33.0,36.3,12.7,-1.4,-0.9824,-0.187,-1.0,-0.0,0.19,0.4,LOW
2023-09-21,T.B.I.A,9,Monsoon,27.5,26.6,29.8,3.2,17.4,1007.6,5.65,13,2.0,19.15,72.0,17.0,41.0,51.6,11.3,5.7,-0.9854,-0.1701,-1.0,-0.0,0.1339,2.9,LOW
2023-09-22,T.B.I.A,9,Monsoon,27.7,27.0,30.2,3.2,11.4,1007.6,5.65,13,2.0,19.15,72.0,6.8,35.1,58.4,17.0,-10.2,-0.9882,-0.1531,-1.0,-0.0,0.0,0.0,SAFE
2023-09-23,T.B.I.A,9,Monsoon,27.0,25.5,29.4,3.9,12.5,1008.4,4.85,13,2.0,19.15,72.0,39.6,63.4,97.6,6.8,32.8,-0.9907,-0.1361,-1.0,-0.0,0.4941,0.0,LOW
2023-09-24,T.B.I.A,9,Monsoon,26.8,24.8,27.9,3.1,15.5,1009.0,4.25,13,2.0,19.15,72.0,32.5,78.9,128.9,39.6,-7.1,-0.9929,-0.1191,-1.0,-0.0,0.2486,6.0,LOW
2023-09-25,T.B.I.A,9,Monsoon,26.9,25.3,29.2,3.9,14.0,1008.0,5.25,13,2.0,19.15,72.0,27.2,99.3,147.1,32.5,-5.3,-0.9948,-0.102,-1.0,-0.0,0.4553,11.3,LOW
2023-09-26,T.B.I.A,9,Monsoon,27.3,26.3,28.5,2.2,10.5,1008.1,5.15,13,2.0,19.15,72.0,9.6,69.3,144.0,27.2,-17.6,-0.9964,-0.0848,-1.0,-0.0,0.2995,0.0,LOW
2023-09-27,T.B.I.A,9,Monsoon,27.6,25.0,28.8,3.8,13.5,1007.2,6.05,13,2.0,19.15,72.0,8.8,45.6,141.5,9.6,-0.8,-0.9977,-0.0677,-1.0,-0.0,0.0206,0.0,SAFE
2023-09-28,T.B.I.A,9,Monsoon,27.6,25.9,28.9,3.0,18.2,1006.1,7.15,13,2.0,19.15,72.0,35.4,53.8,159.9,8.8,26.6,-0.9987,-0.0505,-1.0,-0.0,0.3795,0.0,LOW
2023-09-29,T.B.I.A,9,Monsoon,28.4,25.9,29.5,3.6,18.4,1005.4,7.85,13,2.0,19.15,72.0,23.2,67.4,176.3,35.4,-12.2,-0.9994,-0.0333,-1.0,-0.0,0.162,7.5,LOW
2023-09-30,T.B.I.A,9,Monsoon,29.7,28.3,32.2,3.9,16.1,1005.4,7.85,13,2.0,19.15,72.0,0.3,58.9,137.0,23.2,-22.9,-0.9999,-0.0161,-1.0,-0.0,0.0,4.3,SAFE
2024-07-01,T.B.I.A,7,Monsoon,29.4,28.2,31.0,2.8,40.7,1001.5,11.75,13,2.0,19.15,72.0,10.4,33.9,114.9,0.3,10.1,-0.0065,-1.0,-0.5,-0.866,0.0716,0.8,SAFE
2024-07-02,T.B.I.A,7,Monsoon,29.7,27.3,31.4,4.1,44.6,1001.2,12.05,13,2.0,19.15,72.0,5.3,16.0,93.0,10.4,-5.1,-0.0237,-0.9997,-0.5,-0.866,0.1056,0.0,SAFE
2024-07-03,T.B.I.A,7,Monsoon,29.5,29.0,31.2,2.2,34.7,1002.0,11.25,13,2.0,19.15,72.0,1.2,16.9,84.6,5.3,-4.1,-0.0408,-0.9992,-0.5,-0.866,0.0,0.9,SAFE
2024-07-04,T.B.I.A,7,Monsoon,29.2,28.7,29.5,0.8,37.9,1003.4,9.85,13,2.0,19.15,72.0,3.1,9.6,78.9,1.2,1.9,-0.058,-0.9983,-0.5,-0.866,0.011,0.0,SAFE
2024-07-05,T.B.I.A,7,Monsoon,29.1,28.3,30.2,1.9,35.2,1001.6,11.65,13,2.0,19.15,72.0,3.8,8.1,47.3,3.1,0.7,-0.0752,-0.9972,-0.5,-0.866,0.1646,1.3,SAFE
2024-07-06,T.B.I.A,7,Monsoon,29.4,28.6,31.2,2.6,34.3,1000.7,12.55,13,2.0,19.15,72.0,3.1,10.0,27.2,3.8,-0.7,-0.0923,-0.9957,-0.5,-0.866,0.055,5.1,SAFE
2024-07-07,T.B.I.A,7,Monsoon,29.2,28.0,30.0,2.0,38.6,1001.7,11.55,13,2.0,19.15,72.0,1.5,8.4,28.4,3.1,-1.6,-0.1094,-0.994,-0.5,-0.866,0.0,0.0,SAFE
2024-07-08,T.B.I.A,7,Monsoon,28.3,26.2,29.2,3.0,19.7,1002.2,11.05,13,2.0,19.15,72.0,4.4,9.0,22.4,1.5,2.9,-0.1265,-0.992,-0.5,-0.866,0.1225,0.0,SAFE
2024-07-09,T.B.I.A,7,Monsoon,27.8,26.2,29.0,2.8,18.8,1003.0,10.25,13,2.0,19.15,72.0,15.4,21.3,32.5,4.4,11.0,-0.1436,-0.9896,-0.5,-0.866,0.143,10.3,LOW
2024-07-10,T.B.I.A,7,Monsoon,28.1,26.0,29.4,3.4,21.7,1004.9,8.35,13,2.0,19.15,72.0,13.3,33.1,44.6,15.4,-2.1,-0.1606,-0.987,-0.5,-0.866,0.0,0.0,SAFE
2024-07-11,T.B.I.A,7,Monsoon,27.8,26.0,28.4,2.4,27.4,1005.1,8.15,13,2.0,19.15,72.0,20.9,49.6,62.4,13.3,7.6,-0.1775,-0.9841,-0.5,-0.866,0.2372,9.8,LOW
2024-07-12,T.B.I.A,7,Monsoon,27.8,25.2,28.7,3.5,28.3,1003.1,10.15,13,2.0,19.15,72.0,24.1,58.3,82.7,20.9,3.2,-0.1944,-0.9809,-0.5,-0.866,0.2624,2.3,LOW
2024-07-13,T.B.I.A,7,Monsoon,27.4,26.2,28.1,1.9,33.1,1002.7,10.55,13,2.0,19.15,72.0,31.7,76.7,111.3,24.1,7.6,-0.2113,-0.9774,-0.5,-0.866,0.289,4.2,LOW
2024-07-14,T.B.I.A,7,Monsoon,27.1,25.6,28.4,2.8,25.2,1001.5,11.75,13,2.0,19.15,72.0,43.4,99.2,153.2,31.7,11.7,-0.2281,-0.9736,-0.5,-0.866,0.4728,10.3,LOW
2024-07-15,T.B.I.A,7,Monsoon,27.6,26.3,29.2,2.9,26.5,1000.9,12.35,13,2.0,19.15,72.0,12.5,87.6,161.3,43.4,-30.9,-0.2448,-0.9696,-0.5,-0.866,0.1366,0.0,LOW
2024-07-16,T.B.I.A,7,Monsoon,27.7,26.9,29.2,2.3,25.4,1000.4,12.85,13,2.0,19.15,72.0,48.3,104.2,194.2,12.5,35.8,-0.2614,-0.9652,-0.5,-0.866,0.4465,5.9,LOW
2024-07-17,T.B.I.A,7,Monsoon,28.1,27.2,30.0,2.8,30.5,1001.2,12.05,13,2.0,19.15,72.0,17.0,77.8,197.9,48.3,-31.3,-0.278,-0.9606,-0.5,-0.866,0.0505,1.3,SAFE
2024-07-18,T.B.I.A,7,Monsoon,27.5,26.0,28.2,2.2,33.4,1002.1,11.15,13,2.0,19.15,72.0,27.0,92.3,204.0,17.0,10.0,-0.2945,-0.9557,-0.5,-0.866,0.3295,0.0,LOW
2024-07-19,T.B.I.A,7,Monsoon,27.5,26.2,28.1,1.9,36.5,1000.3,12.95,13,2.0,19.15,72.0,21.0,65.0,200.9,27.0,-6.0,-0.3109,-0.9505,-0.5,-0.866,0.4209,6.8,LOW
2024-07-20,T.B.I.A,7,Monsoon,27.7,26.0,28.2,2.2,36.8,1000.9,12.35,13,2.0,19.15,72.0,27.4,75.4,196.6,21.0,6.4,-0.3272,-0.945,-0.5,-0.866,0.159,1.8,LOW
2024-07-21,T.B.I.A,7,Monsoon,27.6,25.0,28.4,3.4,37.9,1001.6,11.65,13,2.0,19.15,72.0,48.5,96.9,201.7,27.4,21.1,-0.3434,-0.9392,-0.5,-0.866,0.3214,4.5,LOW
2024-07-22,T.B.I.A,7,Monsoon,27.7,25.4,28.3,2.9,38.2,1002.9,10.35,13,2.0,19.15,72.0,14.8,90.7,204.0,48.5,-33.7,-0.3595,-0.9332,-0.5,-0.866,0.1488,0.0,LOW
2024-07-23,T.B.I.A,7,Monsoon,27.7,26.6,28.3,1.7,38.9,1003.5,9.75,13,2.0,19.15,72.0,18.1,81.4,173.8,14.8,3.3,-0.3755,-0.9268,-0.5,-0.866,0.2396,10.7,LOW
2024-07-24,T.B.I.A,7,Monsoon,27.6,25.4,28.2,2.8,38.8,1001.7,11.55,13,2.0,19.15,72.0,19.6,52.5,176.4,18.1,1.5,-0.3914,-0.9202,-0.5,-0.866,0.0785,7.2,LOW
2024-07-25,T.B.I.A,7,Monsoon,27.5,25.0,28.8,3.8,39.7,1001.0,12.25,13,2.0,19.15,72.0,22.0,59.7,171.4,19.6,2.4,-0.4071,-0.9134,-0.5,-0.866,0.2571,8.6,LOW
2024-07-26,T.B.I.A,7,Monsoon,28.5,27.2,28.8,1.6,37.1,1001.9,11.35,13,2.0,19.15,72.0,1.3,42.9,151.7,22.0,-20.7,-0.4228,-0.9062,-0.5,-0.866,0.1731,0.0,SAFE
2024-07-27,T.B.I.A,7,Monsoon,28.1,27.2,28.6,1.4,40.7,1002.6,10.65,13,2.0,19.15,72.0,2.2,25.5,126.5,1.3,0.9,-0.4383,-0.8988,-0.5,-0.866,0.1187,0.0,SAFE
2024-07-28,T.B.I.A,7,Monsoon,27.9,26.2,28.2,2.0,37.6,1000.8,12.45,13,2.0,19.15,72.0,7.3,10.8,85.3,2.2,5.1,-0.4537,-0.8912,-0.5,-0.866,0.0,10.9,SAFE
2024-07-29,T.B.I.A,7,Monsoon,27.8,27.2,28.4,1.2,39.8,999.3,13.95,13,2.0,19.15,72.0,21.7,31.2,92.2,7.3,14.4,-0.469,-0.8832,-0.5,-0.866,0.2731,1.1,LOW
2024-07-30,T.B.I.A,7,Monsoon,27.8,26.8,29.0,2.2,29.2,1002.4,10.85,13,2.0,19.15,72.0,8.8,37.8,82.9,21.7,-12.9,-0.4841,-0.875,-0.5,-0.866,0.2125,0.0,LOW
2024-07-31,T.B.I.A,7,Monsoon,27.9,27.0,29.2,2.2,27.6,1004.5,8.75,13,2.0,19.15,72.0,5.1,35.6,68.4,8.8,-3.7,-0.4991,-0.8666,-0.5,-0.866,0.1794,4.3,LOW
2024-08-01,T.B.I.A,8,Monsoon,28.2,27.5,30.0,2.5,31.4,1004.4,8.85,13,2.0,19.15,72.0,3.4,17.3,49.8,5.1,-1.7,-0.5139,-0.8578,-0.866,-0.5,0.0954,6.8,SAFE
2024-08-02,T.B.I.A,8,Monsoon,27.7,27.2,30.2,3.0,36.4,1004.1,9.15,13,2.0,19.15,72.0,19.2,27.7,67.7,3.4,15.8,-0.5286,-0.8489,-0.866,-0.5,0.174,2.2,LOW
2024-08-03,T.B.I.A,8,Monsoon,27.5,25.2,28.2,3.0,39.8,1004.1,9.15,13,2.0,19.15,72.0,12.1,34.7,77.6,19.2,-7.1,-0.5431,-0.8397,-0.866,-0.5,0.2343,8.9,LOW
2024-08-04,T.B.I.A,8,Monsoon,27.6,26.0,28.2,2.2,34.8,1004.4,8.85,13,2.0,19.15,72.0,12.3,43.6,82.6,12.1,0.2,-0.5575,-0.8302,-0.866,-0.5,0.3422,7.0,LOW
2024-08-05,T.B.I.A,8,Monsoon,27.9,27.0,30.2,3.2,29.0,1005.3,7.95,13,2.0,19.15,72.0,1.1,25.5,62.0,12.3,-11.2,-0.5717,-0.8205,-0.866,-0.5,0.0,0.0,SAFE
2024-08-06,T.B.I.A,8,Monsoon,27.7,27.1,29.2,2.1,28.2,1005.8,7.45,13,2.0,19.15,72.0,2.0,15.4,55.2,1.1,0.9,-0.5857,-0.8105,-0.866,-0.5,0.1596,0.0,SAFE
2024-08-07,T.B.I.A,8,Monsoon,27.6,27.0,28.0,1.0,29.2,1006.5,6.75,13,2.0,19.15,72.0,1.1,4.2,51.2,2.0,-0.9,-0.5996,-0.8003,-0.866,-0.5,0.0161,5.3,SAFE
2024-08-08,T.B.I.A,8,Monsoon,27.7,26.8,28.4,1.6,25.7,1006.8,6.45,13,2.0,19.15,72.0,1.7,4.8,49.5,1.1,0.6,-0.6132,-0.7899,-0.866,-0.5,0.0154,0.0,SAFE
2024-08-09,T.B.I.A,8,Monsoon,27.9,26.7,30.2,3.5,23.9,1007.4,5.85,13,2.0,19.15,72.0,3.7,6.5,34.0,1.7,2.0,-0.6267,-0.7792,-0.866,-0.5,0.0,0.0,SAFE
2024-08-10,T.B.I.A,8,Monsoon,27.8,27.3,28.2,0.9,26.9,1008.0,5.25,13,2.0,19.15,72.0,0.9,6.3,22.8,3.7,-2.8,-0.64,-0.7683,-0.866,-0.5,0.0,0.0,SAFE
2024-08-11,T.B.I.A,8,Monsoon,27.9,27.3,29.6,2.3,23.3,1006.1,7.15,13,2.0,19.15,72.0,0.1,4.7,10.6,0.9,-0.8,-0.6532,-0.7572,-0.866,-0.5,0.0,0.0,SAFE
2024-08-12,T.B.I.A,8,Monsoon,27.8,27.3,28.3,1.0,26.1,1006.1,7.15,13,2.0,19.15,72.0,0.5,1.5,10.0,0.1,0.4,-0.6661,-0.7459,-0.866,-0.5,0.0,0.0,SAFE
2024-08-13,T.B.I.A,8,Monsoon,27.7,27.2,28.1,0.9,19.6,1006.8,6.45,13,2.0,19.15,72.0,0.3,0.9,8.3,0.5,-0.2,-0.6788,-0.7343,-0.866,-0.5,0.0,0.0,SAFE
2024-08-14,T.B.I.A,8,Monsoon,28.0,26.8,30.4,3.6,14.4,1006.6,6.65,13,2.0,19.15,72.0,1.7,2.5,8.9,0.3,1.4,-0.6914,-0.7225,-0.866,-0.5,0.0,0.0,SAFE
2024-08-15,T.B.I.A,8,Monsoon,27.8,27.1,30.2,3.1,14.2,1005.9,7.35,13,2.0,19.15,72.0,0.0,2.0,7.2,1.7,-1.7,-0.7037,-0.7105,-0.866,-0.5,0.0,0.0,SAFE
2024-08-16,T.B.I.A,8,Monsoon,28.2,27.0,31.2,4.2,15.4,1004.3,8.95,13,2.0,19.15,72.0,0.0,1.7,3.5,0.0,0.0,-0.7158,-0.6983,-0.866,-0.5,0.0,0.0,SAFE
2024-08-17,T.B.I.A,8,Monsoon,28.4,27.0,31.4,4.4,12.6,1005.7,7.55,13,2.0,19.15,72.0,0.7,0.7,3.3,0.0,0.7,-0.7277,-0.6859,-0.866,-0.5,0.0,0.0,SAFE
2024-08-18,T.B.I.A,8,Monsoon,28.2,27.2,32.2,5.0,10.4,1006.6,6.65,13,2.0,19.15,72.0,0.0,0.7,3.2,0.7,-0.7,-0.7394,-0.6733,-0.866,-0.5,0.0,0.0,SAFE
2024-08-19,T.B.I.A,8,Monsoon,28.3,27.8,29.2,1.4,12.5,1005.9,7.35,13,2.0,19.15,72.0,0.0,0.7,2.7,0.0,0.0,-0.7509,-0.6605,-0.866,-0.5,0.0,0.0,SAFE
2024-08-20,T.B.I.A,8,Monsoon,28.2,26.8,29.2,2.4,10.6,1005.3,7.95,13,2.0,19.15,72.0,2.2,2.2,4.6,0.0,2.2,-0.7621,-0.6474,-0.866,-0.5,0.0,0.0,SAFE
2024-08-21,T.B.I.A,8,Monsoon,28.5,27.2,31.2,4.0,12.1,1005.7,7.55,13,2.0,19.15,72.0,2.1,4.3,5.0,2.2,-0.1,-0.7731,-0.6342,-0.866,-0.5,0.1431,1.0,SAFE
2024-08-22,T.B.I.A,8,Monsoon,28.3,27.1,29.0,1.9,7.5,1005.0,8.25,13,2.0,19.15,72.0,0.4,4.7,5.4,2.1,-1.7,-0.7839,-0.6208,-0.866,-0.5,0.0,0.0,SAFE
2024-08-23,T.B.I.A,8,Monsoon,28.4,27.6,31.0,3.4,13.2,1005.2,8.05,13,2.0,19.15,72.0,16.8,19.3,22.2,0.4,16.4,-0.7945,-0.6073,-0.866,-0.5,0.19,0.0,LOW
2024-08-24,T.B.I.A,8,Monsoon,27.8,27.0,28.3,1.3,29.5,1006.1,7.15,13,2.0,19.15,72.0,44.1,61.3,65.6,16.8,27.3,-0.8048,-0.5935,-0.866,-0.5,0.4739,7.5,LOW
2024-08-25,T.B.I.A,8,Monsoon,27.7,25.7,28.5,2.8,37.0,1004.7,8.55,13,2.0,19.15,72.0,6.7,67.6,72.3,44.1,-37.4,-0.8149,-0.5796,-0.866,-0.5,0.1157,3.7,SAFE
2024-08-26,T.B.I.A,8,Monsoon,28.1,27.2,28.4,1.2,48.2,1002.9,10.35,13,2.0,19.15,72.0,3.9,54.7,76.2,6.7,-2.8,-0.8248,-0.5655,-0.866,-0.5,0.0546,0.0,SAFE
2024-08-27,T.B.I.A,8,Monsoon,28.0,26.6,28.4,1.8,42.7,1003.8,9.45,13,2.0,19.15,72.0,2.9,13.5,76.9,3.9,-1.0,-0.8344,-0.5512,-0.866,-0.5,0.1396,0.0,SAFE
2024-09-05,T.B.I.A,9,Monsoon,27.5,26.4,28.2,1.8,26.4,1005.3,7.95,13,2.0,19.15,72.0,11.4,18.2,86.2,2.9,8.5,-0.9094,-0.4159,-1.0,-0.0,0.1511,0.0,LOW
2024-09-06,T.B.I.A,9,Monsoon,27.8,26.9,29.2,2.3,25.3,1006.2,7.05,13,2.0,19.15,72.0,2.8,17.1,88.6,11.4,-8.6,-0.9164,-0.4002,-1.0,-0.0,0.0333,0.0,SAFE
2024-09-07,T.B.I.A,9,Monsoon,27.5,26.6,28.0,1.4,24.4,1007.3,5.95,13,2.0,19.15,72.0,1.2,15.4,73.0,2.8,-1.6,-0.9232,-0.3844,-1.0,-0.0,0.1885,0.8,SAFE
2024-09-08,T.B.I.A,9,Monsoon,27.6,26.5,28.2,1.7,18.4,1007.3,5.95,13,2.0,19.15,72.0,1.6,5.6,30.5,1.2,0.4,-0.9296,-0.3685,-1.0,-0.0,0.0074,0.0,SAFE
2024-09-09,T.B.I.A,9,Monsoon,27.8,27.0,29.4,2.4,14.7,1005.0,8.25,13,2.0,19.15,72.0,1.6,4.4,25.4,1.6,0.0,-0.9358,-0.3524,-1.0,-0.0,0.0314,0.0,SAFE
2024-09-10,T.B.I.A,9,Monsoon,27.8,27.1,30.2,3.1,18.3,1004.2,9.05,13,2.0,19.15,72.0,2.3,5.5,23.8,1.6,0.7,-0.9418,-0.3363,-1.0,-0.0,0.0353,7.5,SAFE
2024-09-11,T.B.I.A,9,Monsoon,27.5,26.2,29.2,3.0,33.4,1004.6,8.65,13,2.0,19.15,72.0,3.2,7.1,24.1,2.3,0.9,-0.9474,-0.32,-1.0,-0.0,0.0,6.6,SAFE
2024-09-12,T.B.I.A,9,Monsoon,27.5,25.0,28.4,3.4,21.6,1006.6,6.65,13,2.0,19.15,72.0,0.5,6.0,13.2,3.2,-2.7,-0.9528,-0.3037,-1.0,-0.0,0.033,0.1,SAFE
2024-09-13,T.B.I.A,9,Monsoon,27.7,26.2,28.3,2.1,24.4,1007.2,6.05,13,2.0,19.15,72.0,0.3,4.0,10.7,0.5,-0.2,-0.9579,-0.2873,-1.0,-0.0,0.0,0.0,SAFE
2024-09-14,T.B.I.A,9,Monsoon,27.0,25.7,28.4,2.7,22.2,1006.7,6.55,13,2.0,19.15,72.0,3.4,4.2,12.9,0.3,3.1,-0.9627,-0.2707,-1.0,-0.0,0.0834,10.2,SAFE
2024-09-15,T.B.I.A,9,Monsoon,27.3,24.0,28.5,4.5,19.4,1007.0,6.25,13,2.0,19.15,72.0,3.2,6.9,14.5,3.4,-0.2,-0.9672,-0.2541,-1.0,-0.0,0.0429,3.1,SAFE
2024-09-16,T.B.I.A,9,Monsoon,27.3,26.7,28.0,1.3,16.5,1008.7,4.55,13,2.0,19.15,72.0,0.3,6.9,13.2,3.2,-2.9,-0.9714,-0.2375,-1.0,-0.0,0.0082,0.0,SAFE
2024-09-17,T.B.I.A,9,Monsoon,27.3,25.3,28.4,3.1,16.2,1008.7,4.55,13,2.0,19.15,72.0,0.8,4.3,11.7,0.3,0.5,-0.9753,-0.2207,-1.0,-0.0,0.0,0.0,SAFE
2024-09-18,T.B.I.A,9,Monsoon,27.9,26.2,28.5,2.3,11.8,1006.7,6.55,13,2.0,19.15,72.0,0.0,1.1,8.5,0.8,-0.8,-0.979,-0.2039,-1.0,-0.0,0.0,0.0,SAFE
2024-09-19,T.B.I.A,9,Monsoon,28.5,27.4,31.4,4.0,8.2,1007.0,6.25,13,2.0,19.15,72.0,0.0,0.8,8.0,0.0,0.0,-0.9824,-0.187,-1.0,-0.0,0.0,0.0,SAFE
2024-09-20,T.B.I.A,9,Monsoon,28.6,27.2,32.0,4.8,10.1,1007.4,5.85,13,2.0,19.15,72.0,0.0,0.0,7.7,0.0,0.0,-0.9854,-0.1701,-1.0,-0.0,0.0,0.0,SAFE
2024-09-21,T.B.I.A,9,Monsoon,28.7,26.8,30.2,3.4,13.2,1008.1,5.15,13,2.0,19.15,72.0,0.0,0.0,4.3,0.0,0.0,-0.9882,-0.1531,-1.0,-0.0,0.0,0.0,SAFE
2024-09-22,T.B.I.A,9,Monsoon,29.1,27.6,32.2,4.6,17.1,1007.5,5.75,13,2.0,19.15,72.0,0.0,0.0,1.1,0.0,0.0,-0.9907,-0.1361,-1.0,-0.0,0.0,0.0,SAFE
2024-09-23,T.B.I.A,9,Monsoon,28.3,27.1,29.0,1.9,22.9,1006.7,6.55,13,2.0,19.15,72.0,3.2,3.2,4.0,0.0,3.2,-0.9929,-0.1191,-1.0,-0.0,0.0,0.0,SAFE
2024-09-24,T.B.I.A,9,Monsoon,27.9,26.2,29.4,3.2,25.3,1004.9,8.35,13,2.0,19.15,72.0,17.3,20.5,20.5,3.2,14.1,-0.9948,-0.102,-1.0,-0.0,0.1482,0.0,LOW
2024-09-25,T.B.I.A,9,Monsoon,27.5,26.8,28.5,1.7,24.5,1004.2,9.05,13,2.0,19.15,72.0,23.7,44.2,44.2,17.3,6.4,-0.9964,-0.0848,-1.0,-0.0,0.0,2.2,SAFE
2024-09-26,T.B.I.A,9,Monsoon,27.1,26.2,28.0,1.8,28.3,1003.2,10.05,13,2.0,19.15,72.0,138.0,179.0,182.2,23.7,114.3,-0.9977,-0.0677,-1.0,-0.0,1.0,21.1,HIGH
2024-09-27,T.B.I.A,9,Monsoon,27.0,25.2,27.9,2.7,32.3,1004.2,9.05,13,2.0,19.15,72.0,170.1,331.8,352.3,138.0,32.1,-0.9987,-0.0505,-1.0,-0.0,1.0,17.4,HIGH
2024-09-28,T.B.I.A,9,Monsoon,27.5,26.2,28.2,2.0,20.8,1007.0,6.25,13,2.0,19.15,72.0,1.8,309.9,354.1,170.1,-168.3,-0.9994,-0.0333,-1.0,-0.0,0.5657,7.7,LOW
2024-09-29,T.B.I.A,9,Monsoon,27.8,25.4,30.2,4.8,14.6,1009.1,4.15,13,2.0,19.15,72.0,1.4,173.3,355.5,1.8,-0.4,-0.9999,-0.0161,-1.0,-0.0,0.2388,2.9,LOW
2024-09-30,T.B.I.A,9,Monsoon,28.2,26.4,30.2,3.8,12.0,1009.9,3.35,13,2.0,19.15,72.0,0.2,3.4,352.5,1.4,-1.2,-1.0,0.0011,-1.0,-0.0,0.0,0.0,SAFE
