date_of_record,month,season,station_name,state,district,avg_temp,min_temp,max_temp,wind_speed,air_pressure,elevation,latitude,longitude,rainfall
2015-07-01 00:00:00,July,Monsoon,Bombay / Juhu,MH,Mumbai Suburban,29.8,27.5,32.8,,,4,19.1167,72.8333,6.1
2015-07-02 00:00:00,July,Monsoon,Bombay / Juhu,MH,Mumbai Suburban,29.9,27.6,32.7,,,4,19.1167,72.8333,0
2015-07-03 00:00:00,July,Monsoon,Bombay / Juhu,MH,Mumbai Suburban,30.1,27.8,33,,,4,19.1167,72.8333,
2015-07-04 00:00:00,July,Monsoon,Bombay / Juhu,MH,Mumbai Suburban,30,28,32.7,,,4,19.1167,72.8333,
2015-07-05 00:00:00,July,Monsoon,Bombay / Juhu,MH,Mumbai Suburban,29.9,27.6,32.6,,,4,19.1167,72.8333,
2015-07-06 00:00:00,July,Monsoon,Bombay / Juhu,MH,Mumbai Suburban,29.8,28,32.3,,,4,19.1167,72.8333,
2015-07-07 00:00:00,July,Monsoon,Bombay / Juhu,MH,Mumbai Suburban,29.8,28.2,32.7,,,4,19.1167,72.8333,
2015-07-08 00:00:00,July,Monsoon,Bombay / Juhu,MH,Mumbai Suburban,29.9,26.2,,,,4,19.1167,72.8333,4.1
2015-07-09 00:00:00,July,Monsoon,Bombay / Juhu,MH,Mumbai Suburban,30.1,27.8,32.9,,,4,19.1167,72.8333,0.3
2015-07-10 00:00:00,July,Monsoon,Bombay / Juhu,MH,Mumbai Suburban,29.9,28.2,32.3,,,4,19.1167,72.8333,0.5
2015-07-11 00:00:00,July,Monsoon,Bombay / Juhu,MH,Mumbai Suburban,29.5,26.6,32.2,,,4,19.1167,72.8333,2
2015-07-12 00:00:00,July,Monsoon,Bombay / Juhu,MH,Mumbai Suburban,29.8,26.2,32.6,,,4,19.1167,72.8333,6.1
2015-07-13 00:00:00,July,Monsoon,Bombay / Juhu,MH,Mumbai Suburban,29.9,28,32.6,,,4,19.1167,72.8333,0
2015-07-14 00:00:00,July,Monsoon,Bombay / Juhu,MH,Mumbai Suburban,30,26.4,32.8,,,4,19.1167,72.8333,2
2015-07-15 00:00:00,July,Monsoon,Bombay / Juhu,MH,Mumbai Suburban,30.1,27.6,33,,,4,19.1167,72.8333,1
2015-07-16 00:00:00,July,Monsoon,Bombay / Juhu,MH,Mumbai Suburban,29.8,27.8,32.3,,,4,19.1167,72.8333,0
2015-07-17 00:00:00,July,Monsoon,Bombay / Juhu,MH,Mumbai Suburban,29.6,26.2,31.5,,,4,19.1167,72.8333,5.1
2015-07-18 00:00:00,July,Monsoon,Bombay / Juhu,MH,Mumbai Suburban,29.6,26.2,32,,,4,19.1167,72.8333,3
2015-07-19 00:00:00,July,Monsoon,Bombay / Juhu,MH,Mumbai Suburban,29.6,26.2,,,,4,19.1167,72.8333,5.1
2015-07-20 00:00:00,July,Monsoon,Bombay / Juhu,MH,Mumbai Suburban,29,,31.6,,,4,19.1167,72.8333,0.5
2015-07-21 00:00:00,July,Monsoon,Bombay / Juhu,MH,Mumbai Suburban,27.9,24.2,,,,4,19.1167,72.8333,61
2015-07-22 00:00:00,July,Monsoon,Bombay / Juhu,MH,Mumbai Suburban,27.1,24.5,29,,,4,19.1167,72.8333,49
2015-07-23 00:00:00,July,Monsoon,Bombay / Juhu,MH,Mumbai Suburban,27.4,24.4,30,,,4,19.1167,72.8333,46
2015-07-24 00:00:00,July,Monsoon,Bombay / Juhu,MH,Mumbai Suburban,28.1,24.7,30.3,,,4,19.1167,72.8333,37.1
2015-07-25 00:00:00,July,Monsoon,Bombay / Juhu,MH,Mumbai Suburban,28.7,25,30.7,,,4,19.1167,72.8333,29
2015-07-26 00:00:00,July,Monsoon,Bombay / Juhu,MH,Mumbai Suburban,28.6,25.2,31.2,,,4,19.1167,72.8333,8.9
2015-07-27 00:00:00,July,Monsoon,Bombay / Juhu,MH,Mumbai Suburban,27.8,,,,,4,19.1167,72.8333,7.9
2015-07-28 00:00:00,July,Monsoon,Bombay / Juhu,MH,Mumbai Suburban,28,25.4,29.6,,,4,19.1167,72.8333,27.9
2015-07-29 00:00:00,July,Monsoon,Bombay / Juhu,MH,Mumbai Suburban,27.7,24.4,29.5,,,4,19.1167,72.8333,32
2015-07-30 00:00:00,July,Monsoon,Bombay / Juhu,MH,Mumbai Suburban,27.8,23.6,31.2,,,4,19.1167,72.8333,17
2015-07-31 00:00:00,July,Monsoon,Bombay / Juhu,MH,Mumbai Suburban,28.9,25,31.5,,,4,19.1167,72.8333,8.9
2015-08-01 00:00:00,August,Monsoon,Bombay / Juhu,MH,Mumbai Suburban,29.1,26.2,31.5,,,4,19.1167,72.8333,2
2015-08-02 00:00:00,August,Monsoon,Bombay / Juhu,MH,Mumbai Suburban,29.1,26.6,31.9,,,4,19.1167,72.8333,2
2015-08-03 00:00:00,August,Monsoon,Bombay / Juhu,MH,Mumbai Suburban,28.9,26.6,,,,4,19.1167,72.8333,0.5
2015-08-04 00:00:00,August,Monsoon,Bombay / Juhu,MH,Mumbai Suburban,28.8,26.8,30.6,,,4,19.1167,72.8333,0
2015-08-05 00:00:00,August,Monsoon,Bombay / Juhu,MH,Mumbai Suburban,28.1,26,29.3,,,4,19.1167,72.8333,2
2015-08-06 00:00:00,August,Monsoon,Bombay / Juhu,MH,Mumbai Suburban,28.4,23.2,30.8,,,4,19.1167,72.8333,22.1
2015-08-07 00:00:00,August,Monsoon,Bombay / Juhu,MH,Mumbai Suburban,28.9,26.4,31.8,,,4,19.1167,72.8333,1
2015-08-08 00:00:00,August,Monsoon,Bombay / Juhu,MH,Mumbai Suburban,27.6,24.6,30.4,10.4,1005.4,4,19.1167,72.8333,5.1
2015-08-09 00:00:00,August,Monsoon,Bombay / Juhu,MH,Mumbai Suburban,27.1,24,29,,1003.9,4,19.1167,72.8333,8.9
2015-08-10 00:00:00,August,Monsoon,Bombay / Juhu,MH,Mumbai Suburban,26.6,24.2,29.5,6.4,1003.9,4,19.1167,72.8333,8.9
2015-08-11 00:00:00,August,Monsoon,Bombay / Juhu,MH,Mumbai Suburban,27.7,24.2,31.2,6.2,1005.8,4,19.1167,72.8333,2
2015-08-12 00:00:00,August,Monsoon,Bombay / Juhu,MH,Mumbai Suburban,27.9,23.8,30.8,,,4,19.1167,72.8333,6.1
2015-08-13 00:00:00,August,Monsoon,Bombay / Juhu,MH,Mumbai Suburban,28.2,24.8,31,,,4,19.1167,72.8333,2
2015-08-14 00:00:00,August,Monsoon,Bombay / Juhu,MH,Mumbai Suburban,28.2,25,31.5,,,4,19.1167,72.8333,3
2015-08-15 00:00:00,August,Monsoon,Bombay / Juhu,MH,Mumbai Suburban,28.3,24.8,30.8,,,4,19.1167,72.8333,6.1
2015-08-16 00:00:00,August,Monsoon,Bombay / Juhu,MH,Mumbai Suburban,28.2,25.4,31.7,,,4,19.1167,72.8333,7.1
2015-08-17 00:00:00,August,Monsoon,Bombay / Juhu,MH,Mumbai Suburban,28.1,25,31.3,,1007.5,4,19.1167,72.8333,11.9
2015-08-18 00:00:00,August,Monsoon,Bombay / Juhu,MH,Mumbai Suburban,28.7,24.8,31.9,7.7,1008.2,4,19.1167,72.8333,10.9
2015-08-19 00:00:00,August,Monsoon,Bombay / Juhu,MH,Mumbai Suburban,29.3,25.3,32,,,4,19.1167,72.8333,0
2015-08-20 00:00:00,August,Monsoon,Bombay / Juhu,MH,Mumbai Suburban,29.3,25.7,32,,,4,19.1167,72.8333,
2015-08-21 00:00:00,August,Monsoon,Bombay / Juhu,MH,Mumbai Suburban,29.1,25.2,32.2,,,4,19.1167,72.8333,0.3
2015-08-22 00:00:00,August,Monsoon,Bombay / Juhu,MH,Mumbai Suburban,29.1,24,31.6,,,4,19.1167,72.8333,5.1
2015-08-23 00:00:00,August,Monsoon,Bombay / Juhu,MH,Mumbai Suburban,29.3,26.6,31.8,,,4,19.1167,72.8333,0
2015-08-24 00:00:00,August,Monsoon,Bombay / Juhu,MH,Mumbai Suburban,28.7,25.8,32.5,,,4,19.1167,72.8333,
2015-08-25 00:00:00,August,Monsoon,Bombay / Juhu,MH,Mumbai Suburban,27.4,25.3,30.2,,,4,19.1167,72.8333,3
2015-08-26 00:00:00,August,Monsoon,Bombay / Juhu,MH,Mumbai Suburban,29.2,24.7,31.8,,,4,19.1167,72.8333,8.9
2015-08-27 00:00:00,August,Monsoon,Bombay / Juhu,MH,Mumbai Suburban,29.1,,31.7,,,4,19.1167,72.8333,0
2015-08-28 00:00:00,August,Monsoon,Bombay / Juhu,MH,Mumbai Suburban,26.6,24.5,28.8,,,4,19.1167,72.8333,7.9
2015-08-29 00:00:00,August,Monsoon,Bombay / Juhu,MH,Mumbai Suburban,27.7,24.4,31.5,,,4,19.1167,72.8333,6.1
2015-08-30 00:00:00,August,Monsoon,Bombay / Juhu,MH,Mumbai Suburban,26.7,24.2,29.6,,,4,19.1167,72.8333,10.9
2015-08-31 00:00:00,August,Monsoon,Bombay / Juhu,MH,Mumbai Suburban,28,23.8,31,,,4,19.1167,72.8333,9.9
2015-09-01 00:00:00,September,Monsoon,Bombay / Juhu,MH,Mumbai Suburban,28.6,24.6,31.8,,,4,19.1167,72.8333,4.1
2015-09-02 00:00:00,September,Monsoon,Bombay / Juhu,MH,Mumbai Suburban,27.9,23.3,31.3,,,4,19.1167,72.8333,4.1
2015-09-03 00:00:00,September,Monsoon,Bombay / Juhu,MH,Mumbai Suburban,28.4,23.8,32,,,4,19.1167,72.8333,0.5
2015-09-04 00:00:00,September,Monsoon,Bombay / Juhu,MH,Mumbai Suburban,29.1,23.8,32,,,4,19.1167,72.8333,0
2015-09-05 00:00:00,September,Monsoon,Bombay / Juhu,MH,Mumbai Suburban,29.1,23,32.2,,,4,19.1167,72.8333,
2015-09-06 00:00:00,September,Monsoon,Bombay / Juhu,MH,Mumbai Suburban,29.2,23.8,32.4,,,4,19.1167,72.8333,
2015-09-07 00:00:00,September,Monsoon,Bombay / Juhu,MH,Mumbai Suburban,28.8,24.4,32.2,,,4,19.1167,72.8333,
2015-09-08 00:00:00,September,Monsoon,Bombay / Juhu,MH,Mumbai Suburban,28.9,23.8,32,,,4,19.1167,72.8333,
2015-09-09 00:00:00,September,Monsoon,Bombay / Juhu,MH,Mumbai Suburban,28.6,24.4,31.5,,,4,19.1167,72.8333,0
2015-09-10 00:00:00,September,Monsoon,Bombay / Juhu,MH,Mumbai Suburban,27.5,24.8,31.1,,,4,19.1167,72.8333,3
2015-09-11 00:00:00,September,Monsoon,Bombay / Juhu,MH,Mumbai Suburban,29.1,24,32,,1008.6,4,19.1167,72.8333,32
2015-09-12 00:00:00,September,Monsoon,Bombay / Juhu,MH,Mumbai Suburban,28.3,,32.5,,,4,19.1167,72.8333,0
2015-09-13 00:00:00,September,Monsoon,Bombay / Juhu,MH,Mumbai Suburban,27.9,23.7,31.5,,,4,19.1167,72.8333,17
2015-09-14 00:00:00,September,Monsoon,Bombay / Juhu,MH,Mumbai Suburban,28.3,23.8,31.5,,,4,19.1167,72.8333,21.1
2015-09-15 00:00:00,September,Monsoon,Bombay / Juhu,MH,Mumbai Suburban,28.7,24.2,,,,4,19.1167,72.8333,33
2015-09-16 00:00:00,September,Monsoon,Bombay / Juhu,MH,Mumbai Suburban,29.4,24.5,31,,1005.8,4,19.1167,72.8333,4.1
2015-09-17 00:00:00,September,Monsoon,Bombay / Juhu,MH,Mumbai Suburban,29.6,26,32,12.4,1004.7,4,19.1167,72.8333,2
2015-09-18 00:00:00,September,Monsoon,Bombay / Juhu,MH,Mumbai Suburban,28.9,28,30,17.1,1003.2,4,19.1167,72.8333,0.5
2015-09-19 00:00:00,September,Monsoon,Bombay / Juhu,MH,Mumbai Suburban,28.4,25,31.1,16.3,1003.7,4,19.1167,72.8333,5.1
2015-09-20 00:00:00,September,Monsoon,Bombay / Juhu,MH,Mumbai Suburban,27.6,24,30,14.4,1004.2,4,19.1167,72.8333,32
2015-09-21 00:00:00,September,Monsoon,Bombay / Juhu,MH,Mumbai Suburban,28.6,24.7,32.3,13.8,1005.1,4,19.1167,72.8333,27.9
2015-09-22 00:00:00,September,Monsoon,Bombay / Juhu,MH,Mumbai Suburban,28.6,24.6,32,8.8,1007.6,4,19.1167,72.8333,15
2015-09-23 00:00:00,September,Monsoon,Bombay / Juhu,MH,Mumbai Suburban,29.1,25.2,32.2,8.2,1010.1,4,19.1167,72.8333,3
2015-09-24 00:00:00,September,Monsoon,Bombay / Juhu,MH,Mumbai Suburban,28.7,24,32,,1009.4,4,19.1167,72.8333,0
2015-09-25 00:00:00,September,Monsoon,Bombay / Juhu,MH,Mumbai Suburban,28.2,23.7,31.8,8.1,1008.9,4,19.1167,72.8333,
2015-09-26 00:00:00,September,Monsoon,Bombay / Juhu,MH,Mumbai Suburban,27.9,23.8,31.7,7.8,1009.2,4,19.1167,72.8333,
2015-09-27 00:00:00,September,Monsoon,Bombay / Juhu,MH,Mumbai Suburban,28.4,21.3,32,,1009.3,4,19.1167,72.8333,
2015-09-28 00:00:00,September,Monsoon,Bombay / Juhu,MH,Mumbai Suburban,29.8,23.2,34.8,7.3,1007.9,4,19.1167,72.8333,
2015-09-29 00:00:00,September,Monsoon,Bombay / Juhu,MH,Mumbai Suburban,31.9,24.3,36.2,7.9,1007.2,4,19.1167,72.8333,
2015-09-30 00:00:00,September,Monsoon,Bombay / Juhu,MH,Mumbai Suburban,32.8,24.4,37.4,9.3,1008.3,4,19.1167,72.8333,
2016-07-01 00:00:00,July,Monsoon,Bombay / Juhu,MH,Mumbai Suburban,27.8,23.6,30,10.5,,4,19.1167,72.8333,71.1
2016-07-02 00:00:00,July,Monsoon,Bombay / Juhu,MH,Mumbai Suburban,27.2,24.6,28,16.7,1001.7,4,19.1167,72.8333,77
2016-07-03 00:00:00,July,Monsoon,Bombay / Juhu,MH,Mumbai Suburban,27.9,24.8,30,16.4,1002.2,4,19.1167,72.8333,93
2016-07-04 00:00:00,July,Monsoon,Bombay / Juhu,MH,Mumbai Suburban,27.6,24.5,30.4,13.3,1003.6,4,19.1167,72.8333,25.9
2016-07-05 00:00:00,July,Monsoon,Bombay / Juhu,MH,Mumbai Suburban,27.4,24.1,31,12.4,1003.7,4,19.1167,72.8333,46
2016-07-06 00:00:00,July,Monsoon,Bombay / Juhu,MH,Mumbai Suburban,28.7,24.2,30,12.8,1004.1,4,19.1167,72.8333,9.9
2016-07-07 00:00:00,July,Monsoon,Bombay / Juhu,MH,Mumbai Suburban,28.9,25.9,29.2,13.9,1005,4,19.1167,72.8333,8.9
2016-07-08 00:00:00,July,Monsoon,Bombay / Juhu,MH,Mumbai Suburban,28.4,28,29.4,14.4,1004,4,19.1167,72.8333,1
2016-07-09 00:00:00,July,Monsoon,Bombay / Juhu,MH,Mumbai Suburban,28.8,25.4,30,16.9,1002.6,4,19.1167,72.8333,10.9
2016-07-10 00:00:00,July,Monsoon,Bombay / Juhu,MH,Mumbai Suburban,28.7,27,29,20.8,1002.2,4,19.1167,72.8333,99.1
2016-07-11 00:00:00,July,Monsoon,Bombay / Juhu,MH,Mumbai Suburban,28.3,26.1,29,20.8,,4,19.1167,72.8333,7.1
2016-07-12 00:00:00,July,Monsoon,Bombay / Juhu,MH,Mumbai Suburban,28.4,27,30,16.6,1002.9,4,19.1167,72.8333,7.1
2016-07-13 00:00:00,July,Monsoon,Bombay / Juhu,MH,Mumbai Suburban,28.2,24,30.4,16.6,,4,19.1167,72.8333,16
2016-07-14 00:00:00,July,Monsoon,Bombay / Juhu,MH,Mumbai Suburban,27,25,30.4,12.2,1004,4,19.1167,72.8333,13
2016-07-15 00:00:00,July,Monsoon,Bombay / Juhu,MH,Mumbai Suburban,28.2,24.3,31.4,12.8,1004.9,4,19.1167,72.8333,10.9
2016-07-16 00:00:00,July,Monsoon,Bombay / Juhu,MH,Mumbai Suburban,28.1,26,30.8,14.6,1005.4,4,19.1167,72.8333,2
2016-07-17 00:00:00,July,Monsoon,Bombay / Juhu,MH,Mumbai Suburban,27.6,23.9,31.6,11.8,1007.5,4,19.1167,72.8333,13
2016-07-18 00:00:00,July,Monsoon,Bombay / Juhu,MH,Mumbai Suburban,27.3,24.4,29,13.5,1008.2,4,19.1167,72.8333,15
2016-07-19 00:00:00,July,Monsoon,Bombay / Juhu,MH,Mumbai Suburban,26.4,23.4,27,13.2,1008.1,4,19.1167,72.8333,57.9
2016-07-20 00:00:00,July,Monsoon,Bombay / Juhu,MH,Mumbai Suburban,27.5,24,30,12.5,,4,19.1167,72.8333,64
2016-07-21 00:00:00,July,Monsoon,Bombay / Juhu,MH,Mumbai Suburban,26.1,23.7,27.8,7.2,1006.1,4,19.1167,72.8333,10.9
2016-07-22 00:00:00,July,Monsoon,Bombay / Juhu,MH,Mumbai Suburban,27.6,23.6,29.2,12.8,1004.6,4,19.1167,72.8333,15
2016-07-23 00:00:00,July,Monsoon,Bombay / Juhu,MH,Mumbai Suburban,27.5,23.6,31.7,11.7,1003.9,4,19.1167,72.8333,9.9
2016-07-24 00:00:00,July,Monsoon,Bombay / Juhu,MH,Mumbai Suburban,27.7,24.2,30,9.2,1004.2,4,19.1167,72.8333,6.1
2016-07-25 00:00:00,July,Monsoon,Bombay / Juhu,MH,Mumbai Suburban,27.7,24.7,29.4,8.5,1004.8,4,19.1167,72.8333,7.9
2016-07-26 00:00:00,July,Monsoon,Bombay / Juhu,MH,Mumbai Suburban,26.4,25,28,8.7,1005.6,4,19.1167,72.8333,0
2016-07-27 00:00:00,July,Monsoon,Bombay / Juhu,MH,Mumbai Suburban,25.9,23.4,29,8.7,1006.4,4,19.1167,72.8333,68.1
2016-07-28 00:00:00,July,Monsoon,Bombay / Juhu,MH,Mumbai Suburban,25.8,22.9,29.4,8.4,1006.7,4,19.1167,72.8333,17
2016-07-29 00:00:00,July,Monsoon,Bombay / Juhu,MH,Mumbai Suburban,25.8,22.4,28,7.7,1006.1,4,19.1167,72.8333,110
2016-07-30 00:00:00,July,Monsoon,Bombay / Juhu,MH,Mumbai Suburban,27.1,23,29,11.3,1005.3,4,19.1167,72.8333,115.1
2016-07-31 00:00:00,July,Monsoon,Bombay / Juhu,MH,Mumbai Suburban,26.5,25,28,12.9,1006.2,4,19.1167,72.8333,15
2016-08-01 00:00:00,August,Monsoon,Bombay / Juhu,MH,Mumbai Suburban,27,23.2,28,21.5,1004.9,4,19.1167,72.8333,111
2016-08-02 00:00:00,August,Monsoon,Bombay / Juhu,MH,Mumbai Suburban,27.8,24.6,28,20.7,1002,4,19.1167,72.8333,25.9
2016-08-03 00:00:00,August,Monsoon,Bombay / Juhu,MH,Mumbai Suburban,27.9,26,29,18.9,1001.8,4,19.1167,72.8333,13
2016-08-04 00:00:00,August,Monsoon,Bombay / Juhu,MH,Mumbai Suburban,28.3,24.5,30.6,18,1002.8,4,19.1167,72.8333,15
2016-08-05 00:00:00,August,Monsoon,Bombay / Juhu,MH,Mumbai Suburban,26.9,24,28,17.3,1002.6,4,19.1167,72.8333,17
2016-08-06 00:00:00,August,Monsoon,Bombay / Juhu,MH,Mumbai Suburban,27.7,24.5,29,18.8,1003.7,4,19.1167,72.8333,142
2016-08-07 00:00:00,August,Monsoon,Bombay / Juhu,MH,Mumbai Suburban,28.4,25.2,30,17.2,1004.8,4,19.1167,72.8333,13
2016-08-08 00:00:00,August,Monsoon,Bombay / Juhu,MH,Mumbai Suburban,28.3,25.5,30.6,18.7,1005.8,4,19.1167,72.8333,3
2016-08-09 00:00:00,August,Monsoon,Bombay / Juhu,MH,Mumbai Suburban,28.2,26,30.6,18.4,1005.7,4,19.1167,72.8333,2
2016-08-10 00:00:00,August,Monsoon,Bombay / Juhu,MH,Mumbai Suburban,28.2,24.9,30,19.5,1006.2,4,19.1167,72.8333,10.9
2016-08-11 00:00:00,August,Monsoon,Bombay / Juhu,MH,Mumbai Suburban,27.8,24.9,30.4,16.4,1007.7,4,19.1167,72.8333,4.1
2016-08-12 00:00:00,August,Monsoon,Bombay / Juhu,MH,Mumbai Suburban,28.1,25.1,30.4,16,,4,19.1167,72.8333,3
2016-08-13 00:00:00,August,Monsoon,Bombay / Juhu,MH,Mumbai Suburban,28.5,25.9,30.6,16.1,1007.1,4,19.1167,72.8333,1
2016-08-14 00:00:00,August,Monsoon,Bombay / Juhu,MH,Mumbai Suburban,28.2,25.8,29.8,19.7,1006.8,4,19.1167,72.8333,0
2016-08-15 00:00:00,August,Monsoon,Bombay / Juhu,MH,Mumbai Suburban,28.5,26,30.6,18.7,1006.7,4,19.1167,72.8333,3
2016-08-16 00:00:00,August,Monsoon,Bombay / Juhu,MH,Mumbai Suburban,28.6,26.2,30.6,17.1,,4,19.1167,72.8333,2
2016-08-17 00:00:00,August,Monsoon,Bombay / Juhu,MH,Mumbai Suburban,28.3,26,31.2,15.7,1004.9,4,19.1167,72.8333,0
2016-08-18 00:00:00,August,Monsoon,Bombay / Juhu,MH,Mumbai Suburban,28.5,24.4,31,14.7,1004.8,4,19.1167,72.8333,8.9
2016-08-19 00:00:00,August,Monsoon,Bombay / Juhu,MH,Mumbai Suburban,28.3,25.7,31,15,,4,19.1167,72.8333,0
2016-08-20 00:00:00,August,Monsoon,Bombay / Juhu,MH,Mumbai Suburban,28.6,25.4,30.2,14,1005.1,4,19.1167,72.8333,1
2016-08-21 00:00:00,August,Monsoon,Bombay / Juhu,MH,Mumbai Suburban,28.6,25.8,30.6,14.1,1005.3,4,19.1167,72.8333,5.1
2016-08-22 00:00:00,August,Monsoon,Bombay / Juhu,MH,Mumbai Suburban,27.8,27,30.2,14.1,1006.1,4,19.1167,72.8333,2
2016-08-23 00:00:00,August,Monsoon,Bombay / Juhu,MH,Mumbai Suburban,27.2,23.8,29,12.8,,4,19.1167,72.8333,8.9
2016-08-24 00:00:00,August,Monsoon,Bombay / Juhu,MH,Mumbai Suburban,28.1,24.7,30.6,14.1,,4,19.1167,72.8333,10.9
2016-08-25 00:00:00,August,Monsoon,Bombay / Juhu,MH,Mumbai Suburban,28.3,24.8,31.8,14.8,,4,19.1167,72.8333,5.1
2016-08-26 00:00:00,August,Monsoon,Bombay / Juhu,MH,Mumbai Suburban,26.3,24.4,28,7.8,1006.6,4,19.1167,72.8333,1
2016-08-27 00:00:00,August,Monsoon,Bombay / Juhu,MH,Mumbai Suburban,25.7,24,27,7.8,1006.5,4,19.1167,72.8333,56.9
2016-08-28 00:00:00,August,Monsoon,Bombay / Juhu,MH,Mumbai Suburban,26.8,23.7,28,11.4,1006.4,4,19.1167,72.8333,52.1
2016-08-29 00:00:00,August,Monsoon,Bombay / Juhu,MH,Mumbai Suburban,27.9,25,30.8,11.9,1006.2,4,19.1167,72.8333,40.9
2016-08-30 00:00:00,August,Monsoon,Bombay / Juhu,MH,Mumbai Suburban,27.9,25.5,29.8,11.9,1005.4,4,19.1167,72.8333,2
2016-08-31 00:00:00,August,Monsoon,Bombay / Juhu,MH,Mumbai Suburban,28.2,25,30.8,11.9,1005.8,4,19.1167,72.8333,2
2016-09-01 00:00:00,September,Monsoon,Bombay / Juhu,MH,Mumbai Suburban,28.2,25.4,,,,4,19.1167,72.8333,0.5
2016-09-02 00:00:00,September,Monsoon,Bombay / Juhu,MH,Mumbai Suburban,27.2,25.2,30,12.2,,4,19.1167,72.8333,4.1
2016-09-03 00:00:00,September,Monsoon,Bombay / Juhu,MH,Mumbai Suburban,27.4,23.6,30.2,10.5,1007.6,4,19.1167,72.8333,22.1
2016-09-04 00:00:00,September,Monsoon,Bombay / Juhu,MH,Mumbai Suburban,28.4,23.9,31.2,14.1,1009.8,4,19.1167,72.8333,1
2016-09-05 00:00:00,September,Monsoon,Bombay / Juhu,MH,Mumbai Suburban,28.4,25.2,31.2,14.4,1010.6,4,19.1167,72.8333,0
2016-09-06 00:00:00,September,Monsoon,Bombay / Juhu,MH,Mumbai Suburban,28.4,25.2,31.2,12.3,1010.6,4,19.1167,72.8333,
2016-09-07 00:00:00,September,Monsoon,Bombay / Juhu,MH,Mumbai Suburban,27.6,25.4,30.6,13.4,1009.6,4,19.1167,72.8333,0.3
2016-09-08 00:00:00,September,Monsoon,Bombay / Juhu,MH,Mumbai Suburban,27.9,24,31.4,10.2,,4,19.1167,72.8333,5.1
2016-09-09 00:00:00,September,Monsoon,Bombay / Juhu,MH,Mumbai Suburban,27.2,24,31.8,10.7,1010.8,4,19.1167,72.8333,0
2016-09-10 00:00:00,September,Monsoon,Bombay / Juhu,MH,Mumbai Suburban,27.8,22.6,30.8,10.6,1009.9,4,19.1167,72.8333,26.9
2016-09-11 00:00:00,September,Monsoon,Bombay / Juhu,MH,Mumbai Suburban,27.8,24.2,30.8,10.9,1008.6,4,19.1167,72.8333,0.8
2016-09-12 00:00:00,September,Monsoon,Bombay / Juhu,MH,Mumbai Suburban,28.3,23.4,31.4,10.1,1008,4,19.1167,72.8333,7.9
2016-09-13 00:00:00,September,Monsoon,Bombay / Juhu,MH,Mumbai Suburban,28,23.6,30,9.4,1008.4,4,19.1167,72.8333,0
2016-09-14 00:00:00,September,Monsoon,Bombay / Juhu,MH,Mumbai Suburban,28.9,23.9,31,9.2,1008.1,4,19.1167,72.8333,6.1
2016-09-15 00:00:00,September,Monsoon,Bombay / Juhu,MH,Mumbai Suburban,26.2,25,29,11.3,1006.7,4,19.1167,72.8333,2
2016-09-16 00:00:00,September,Monsoon,Bombay / Juhu,MH,Mumbai Suburban,26.9,23.4,28,8.9,1005,4,19.1167,72.8333,81
2016-09-17 00:00:00,September,Monsoon,Bombay / Juhu,MH,Mumbai Suburban,26.7,23,29,11.5,,4,19.1167,72.8333,50
2016-09-18 00:00:00,September,Monsoon,Bombay / Juhu,MH,Mumbai Suburban,26.3,23.6,27,14.5,1005.4,4,19.1167,72.8333,56.9
2016-09-19 00:00:00,September,Monsoon,Bombay / Juhu,MH,Mumbai Suburban,26.6,23,29,12.2,1008.1,4,19.1167,72.8333,35.1
2016-09-20 00:00:00,September,Monsoon,Bombay / Juhu,MH,Mumbai Suburban,25.2,23,28,10.4,1008.2,4,19.1167,72.8333,23.1
2016-09-21 00:00:00,September,Monsoon,Bombay / Juhu,MH,Mumbai Suburban,25.9,22,27,10.7,1008,4,19.1167,72.8333,143
2016-09-22 00:00:00,September,Monsoon,Bombay / Juhu,MH,Mumbai Suburban,27.1,22.8,29,12,1007.8,4,19.1167,72.8333,103.9
2016-09-23 00:00:00,September,Monsoon,Bombay / Juhu,MH,Mumbai Suburban,27,24.2,28,12.1,1005.9,4,19.1167,72.8333,39.9
2016-09-24 00:00:00,September,Monsoon,Bombay / Juhu,MH,Mumbai Suburban,27.3,23,29,11,1004.9,4,19.1167,72.8333,93
2016-09-25 00:00:00,September,Monsoon,Bombay / Juhu,MH,Mumbai Suburban,27.4,23.4,29.2,10.4,1006.3,4,19.1167,72.8333,1
2016-09-26 00:00:00,September,Monsoon,Bombay / Juhu,MH,Mumbai Suburban,28.7,24.8,31,11.4,1008.3,4,19.1167,72.8333,7.1
2016-09-27 00:00:00,September,Monsoon,Bombay / Juhu,MH,Mumbai Suburban,28.1,25.2,29.4,12.2,1009.2,4,19.1167,72.8333,0
2016-09-28 00:00:00,September,Monsoon,Bombay / Juhu,MH,Mumbai Suburban,28.3,24.4,30,10.9,,4,19.1167,72.8333,2
2016-09-29 00:00:00,September,Monsoon,Bombay / Juhu,MH,Mumbai Suburban,28.3,24.4,31,10.9,1008.1,4,19.1167,72.8333,0
2016-09-30 00:00:00,September,Monsoon,Bombay / Juhu,MH,Mumbai Suburban,28,22.5,30.8,9.9,1007.6,4,19.1167,72.8333,0
2017-07-01 00:00:00,July,Monsoon,Bombay / Juhu,MH,Mumbai Suburban,28.4,24.4,31,18,1002.2,4,19.1167,72.8333,93
2017-07-02 00:00:00,July,Monsoon,Bombay / Juhu,MH,Mumbai Suburban,28.2,24.2,31,16.4,1003.1,4,19.1167,72.8333,49
2017-07-03 00:00:00,July,Monsoon,Bombay / Juhu,MH,Mumbai Suburban,29.8,25.2,31.6,16.5,1005,4,19.1167,72.8333,18
2017-07-04 00:00:00,July,Monsoon,Bombay / Juhu,MH,Mumbai Suburban,29.3,26,32,15.5,1005.9,4,19.1167,72.8333,4.1
2017-07-05 00:00:00,July,Monsoon,Bombay / Juhu,MH,Mumbai Suburban,29.7,24.9,31,18.2,1005.8,4,19.1167,72.8333,7.1
2017-07-06 00:00:00,July,Monsoon,Bombay / Juhu,MH,Mumbai Suburban,29.5,27.2,32,18.5,1006,4,19.1167,72.8333,1
2017-07-07 00:00:00,July,Monsoon,Bombay / Juhu,MH,Mumbai Suburban,29.7,25.5,32.2,15.6,1006.5,4,19.1167,72.8333,6.1
2017-07-08 00:00:00,July,Monsoon,Bombay / Juhu,MH,Mumbai Suburban,29.4,28.4,31.4,15.1,1006.8,4,19.1167,72.8333,0
2017-07-09 00:00:00,July,Monsoon,Bombay / Juhu,MH,Mumbai Suburban,29.4,24.6,32,11.4,1006.1,4,19.1167,72.8333,9.9
2017-07-10 00:00:00,July,Monsoon,Bombay / Juhu,MH,Mumbai Suburban,29.4,26.2,32.4,11.7,1007.2,4,19.1167,72.8333,0
2017-07-11 00:00:00,July,Monsoon,Bombay / Juhu,MH,Mumbai Suburban,29.7,26,32,15.4,1007.3,4,19.1167,72.8333,3
2017-07-12 00:00:00,July,Monsoon,Bombay / Juhu,MH,Mumbai Suburban,29.7,27.4,32,17.3,1006.5,4,19.1167,72.8333,0.5
2017-07-13 00:00:00,July,Monsoon,Bombay / Juhu,MH,Mumbai Suburban,28.8,26,31,16.9,1005.1,4,19.1167,72.8333,0.3
2017-07-14 00:00:00,July,Monsoon,Bombay / Juhu,MH,Mumbai Suburban,28.2,24.2,30,18.8,1004.2,4,19.1167,72.8333,25.9
2017-07-15 00:00:00,July,Monsoon,Bombay / Juhu,MH,Mumbai Suburban,27.4,23.4,29,18.2,,4,19.1167,72.8333,68.1
2017-07-16 00:00:00,July,Monsoon,Bombay / Juhu,MH,Mumbai Suburban,27.9,23,30.4,19.5,1004,4,19.1167,72.8333,72.9
2017-07-17 00:00:00,July,Monsoon,Bombay / Juhu,MH,Mumbai Suburban,25.5,23,27,14.2,1003.7,4,19.1167,72.8333,56.9
2017-07-18 00:00:00,July,Monsoon,Bombay / Juhu,MH,Mumbai Suburban,26.4,22.5,27,12.7,1001.8,4,19.1167,72.8333,163.1
2017-07-19 00:00:00,July,Monsoon,Bombay / Juhu,MH,Mumbai Suburban,27.1,24.2,29,10.8,1000,4,19.1167,72.8333,79
2017-07-20 00:00:00,July,Monsoon,Bombay / Juhu,MH,Mumbai Suburban,27.5,24.6,30,13.1,999,4,19.1167,72.8333,22.1
2017-07-21 00:00:00,July,Monsoon,Bombay / Juhu,MH,Mumbai Suburban,27.4,24.5,29,19.8,1000.5,4,19.1167,72.8333,40.9
2017-07-22 00:00:00,July,Monsoon,Bombay / Juhu,MH,Mumbai Suburban,27.7,24.2,30,20.7,1002.7,4,19.1167,72.8333,87.1
2017-07-23 00:00:00,July,Monsoon,Bombay / Juhu,MH,Mumbai Suburban,28.5,24.2,30,17.5,1003.4,4,19.1167,72.8333,27.9
2017-07-24 00:00:00,July,Monsoon,Bombay / Juhu,MH,Mumbai Suburban,28.8,26.6,31,20.7,1004.1,4,19.1167,72.8333,0
2017-07-25 00:00:00,July,Monsoon,Bombay / Juhu,MH,Mumbai Suburban,28.4,24.8,30,16,1004.1,4,19.1167,72.8333,5.1
2017-07-26 00:00:00,July,Monsoon,Bombay / Juhu,MH,Mumbai Suburban,28.6,26.4,30,16.5,1004.4,4,19.1167,72.8333,8.9
2017-07-27 00:00:00,July,Monsoon,Bombay / Juhu,MH,Mumbai Suburban,28.3,25.9,30,16.9,1005,4,19.1167,72.8333,4.1
2017-07-28 00:00:00,July,Monsoon,Bombay / Juhu,MH,Mumbai Suburban,28.3,25.6,30,16.9,1006.2,4,19.1167,72.8333,5.1
2017-07-29 00:00:00,July,Monsoon,Bombay / Juhu,MH,Mumbai Suburban,28.6,25,31,16.8,1007.1,4,19.1167,72.8333,4.1
2017-07-30 00:00:00,July,Monsoon,Bombay / Juhu,MH,Mumbai Suburban,28.1,25.6,31,15.2,1007.5,4,19.1167,72.8333,2
2017-07-31 00:00:00,July,Monsoon,Bombay / Juhu,MH,Mumbai Suburban,27.8,24.9,30.2,13.2,1007.2,4,19.1167,72.8333,2
2017-08-01 00:00:00,August,Monsoon,Bombay / Juhu,MH,Mumbai Suburban,28.3,24.8,31,14.9,1007.3,4,19.1167,72.8333,13
2017-08-02 00:00:00,August,Monsoon,Bombay / Juhu,MH,Mumbai Suburban,28.6,26.5,30.8,14.8,1007.5,4,19.1167,72.8333,2
2017-08-03 00:00:00,August,Monsoon,Bombay / Juhu,MH,Mumbai Suburban,28.6,25.5,30.6,15.9,1005.9,4,19.1167,72.8333,6.1
2017-08-04 00:00:00,August,Monsoon,Bombay / Juhu,MH,Mumbai Suburban,29.1,26.1,32,16.1,1004,4,19.1167,72.8333,2
2017-08-05 00:00:00,August,Monsoon,Bombay / Juhu,MH,Mumbai Suburban,29.1,26,31,14.6,1003.8,4,19.1167,72.8333,3
2017-08-06 00:00:00,August,Monsoon,Bombay / Juhu,MH,Mumbai Suburban,29.1,26.5,32,13.4,1004.1,4,19.1167,72.8333,0
2017-08-07 00:00:00,August,Monsoon,Bombay / Juhu,MH,Mumbai Suburban,30.8,28,33,11,1004.9,4,19.1167,72.8333,0.8
2017-08-08 00:00:00,August,Monsoon,Bombay / Juhu,MH,Mumbai Suburban,29,25.6,31.6,13.4,1005.9,4,19.1167,72.8333,22.1
2017-08-09 00:00:00,August,Monsoon,Bombay / Juhu,MH,Mumbai Suburban,28.8,26.2,31.6,13.3,1005.9,4,19.1167,72.8333,0.3
2017-08-10 00:00:00,August,Monsoon,Bombay / Juhu,MH,Mumbai Suburban,28.8,26.4,39,14.5,1006.2,4,19.1167,72.8333,0.5
2017-08-11 00:00:00,August,Monsoon,Bombay / Juhu,MH,Mumbai Suburban,29.1,26.5,31.6,15.2,1007.1,4,19.1167,72.8333,1
2017-08-12 00:00:00,August,Monsoon,Bombay / Juhu,MH,Mumbai Suburban,28.8,25.1,31.4,16.9,1007.8,4,19.1167,72.8333,5.1
2017-08-13 00:00:00,August,Monsoon,Bombay / Juhu,MH,Mumbai Suburban,28.2,25.4,30.6,15.3,1008.2,4,19.1167,72.8333,4.1
2017-08-14 00:00:00,August,Monsoon,Bombay / Juhu,MH,Mumbai Suburban,26.8,24.5,29,11.1,1009.5,4,19.1167,72.8333,10.9
2017-08-15 00:00:00,August,Monsoon,Bombay / Juhu,MH,Mumbai Suburban,27.6,23.7,29,8,1009.1,4,19.1167,72.8333,54.1
2017-08-16 00:00:00,August,Monsoon,Bombay / Juhu,MH,Mumbai Suburban,28.7,24.6,31,12.4,1007.4,4,19.1167,72.8333,5.1
2017-08-17 00:00:00,August,Monsoon,Bombay / Juhu,MH,Mumbai Suburban,29.3,26,32,13.8,1005.4,4,19.1167,72.8333,0.3
2017-08-18 00:00:00,August,Monsoon,Bombay / Juhu,MH,Mumbai Suburban,29.3,26,31,14.4,1004,4,19.1167,72.8333,0.5
2017-08-19 00:00:00,August,Monsoon,Bombay / Juhu,MH,Mumbai Suburban,27.3,25.6,29,9.5,1004.2,4,19.1167,72.8333,4.1
2017-08-20 00:00:00,August,Monsoon,Bombay / Juhu,MH,Mumbai Suburban,24.6,22.6,28,12.1,1003.2,4,19.1167,72.8333,54.1
2017-08-21 00:00:00,August,Monsoon,Bombay / Juhu,MH,Mumbai Suburban,25.5,21.8,28,8.4,1001.7,4,19.1167,72.8333,119.9
2017-08-22 00:00:00,August,Monsoon,Bombay / Juhu,MH,Mumbai Suburban,27.7,22.2,31,11.7,1003.1,4,19.1167,72.8333,14
2017-08-23 00:00:00,August,Monsoon,Bombay / Juhu,MH,Mumbai Suburban,30.8,29,33,11.5,1006,4,19.1167,72.8333,0
2017-08-24 00:00:00,August,Monsoon,Bombay / Juhu,MH,Mumbai Suburban,28.9,25.6,31,14,1006.5,4,19.1167,72.8333,15
2017-08-25 00:00:00,August,Monsoon,Bombay / Juhu,MH,Mumbai Suburban,26.9,25,29,14.4,1004.8,4,19.1167,72.8333,3
2017-08-26 00:00:00,August,Monsoon,Bombay / Juhu,MH,Mumbai Suburban,27.5,24.2,29,12.2,1002.7,4,19.1167,72.8333,89.9
2017-08-27 00:00:00,August,Monsoon,Bombay / Juhu,MH,Mumbai Suburban,28,26.4,30,13.4,1001.8,4,19.1167,72.8333,31
2017-08-28 00:00:00,August,Monsoon,Bombay / Juhu,MH,Mumbai Suburban,27.1,24.2,29,9.8,1000,4,19.1167,72.8333,59.9
2017-08-29 00:00:00,August,Monsoon,Bombay / Juhu,MH,Mumbai Suburban,25.8,24.1,27,23.1,997.7,4,19.1167,72.8333,87.9
2017-08-30 00:00:00,August,Monsoon,Bombay / Juhu,MH,Mumbai Suburban,27.6,23.2,30.4,16.1,1002.2,4,19.1167,72.8333,331
2017-08-31 00:00:00,August,Monsoon,Bombay / Juhu,MH,Mumbai Suburban,28.6,25.8,32,15.1,1006.3,4,19.1167,72.8333,8.9
2017-09-01 00:00:00,September,Monsoon,Bombay / Juhu,MH,Mumbai Suburban,27.9,26,31,12.5,1007.7,4,19.1167,72.8333,0
2017-09-02 00:00:00,September,Monsoon,Bombay / Juhu,MH,Mumbai Suburban,27.8,26,31,11.2,1007.3,4,19.1167,72.8333,7.9
2017-09-03 00:00:00,September,Monsoon,Bombay / Juhu,MH,Mumbai Suburban,27.6,25,30.2,9.2,1007.8,4,19.1167,72.8333,13
2017-09-04 00:00:00,September,Monsoon,Bombay / Juhu,MH,Mumbai Suburban,29,25.5,31.4,9.7,1009.2,4,19.1167,72.8333,1
2017-09-05 00:00:00,September,Monsoon,Bombay / Juhu,MH,Mumbai Suburban,28.9,25.3,31.4,9.8,1009.2,4,19.1167,72.8333,0
2017-09-06 00:00:00,September,Monsoon,Bombay / Juhu,MH,Mumbai Suburban,28.9,25.6,31.4,8.8,1008,4,19.1167,72.8333,
2017-09-07 00:00:00,September,Monsoon,Bombay / Juhu,MH,Mumbai Suburban,29.4,25,32,9.5,1007,4,19.1167,72.8333,
2017-09-08 00:00:00,September,Monsoon,Bombay / Juhu,MH,Mumbai Suburban,29.2,27,32.4,10.5,1006.7,4,19.1167,72.8333,
2017-09-09 00:00:00,September,Monsoon,Bombay / Juhu,MH,Mumbai Suburban,29.1,26.4,31,10.3,1005.8,4,19.1167,72.8333,
2017-09-10 00:00:00,September,Monsoon,Bombay / Juhu,MH,Mumbai Suburban,29.4,26.4,31.8,8.9,1006,4,19.1167,72.8333,
2017-09-11 00:00:00,September,Monsoon,Bombay / Juhu,MH,Mumbai Suburban,31.1,27.5,35,10,1006.4,4,19.1167,72.8333,0
2017-09-12 00:00:00,September,Monsoon,Bombay / Juhu,MH,Mumbai Suburban,31.1,27.8,35,8.2,1006.9,4,19.1167,72.8333,0.3
2017-09-13 00:00:00,September,Monsoon,Bombay / Juhu,MH,Mumbai Suburban,28.5,23.6,31,8.6,,4,19.1167,72.8333,103.1
2017-09-14 00:00:00,September,Monsoon,Bombay / Juhu,MH,Mumbai Suburban,29.1,25,32.4,7.3,1007.3,4,19.1167,72.8333,0.5
2017-09-15 00:00:00,September,Monsoon,Bombay / Juhu,MH,Mumbai Suburban,28.1,24,31.4,7.2,1006.8,4,19.1167,72.8333,64
2017-09-16 00:00:00,September,Monsoon,Bombay / Juhu,MH,Mumbai Suburban,27.8,26,31,7.9,1005.7,4,19.1167,72.8333,4.1
2017-09-17 00:00:00,September,Monsoon,Bombay / Juhu,MH,Mumbai Suburban,27.2,25,29,8.7,1005.6,4,19.1167,72.8333,32
2017-09-18 00:00:00,September,Monsoon,Bombay / Juhu,MH,Mumbai Suburban,28.5,25.4,31.4,11.5,1004.7,4,19.1167,72.8333,1
2017-09-19 00:00:00,September,Monsoon,Bombay / Juhu,MH,Mumbai Suburban,27.2,24.6,31,11.5,1003.6,4,19.1167,72.8333,0
2017-09-20 00:00:00,September,Monsoon,Bombay / Juhu,MH,Mumbai Suburban,24.9,23.8,27,12.5,1005,4,19.1167,72.8333,304
2017-09-21 00:00:00,September,Monsoon,Bombay / Juhu,MH,Mumbai Suburban,26.8,24,29,10,1005.6,4,19.1167,72.8333,63
2017-09-22 00:00:00,September,Monsoon,Bombay / Juhu,MH,Mumbai Suburban,27.7,24.5,31,9.9,1007.6,4,19.1167,72.8333,0.3
2017-09-23 00:00:00,September,Monsoon,Bombay / Juhu,MH,Mumbai Suburban,28.6,25.5,,,,4,19.1167,72.8333,0
2017-09-24 00:00:00,September,Monsoon,Bombay / Juhu,MH,Mumbai Suburban,28.7,25.7,,,,4,19.1167,72.8333,
2017-09-25 00:00:00,September,Monsoon,Bombay / Juhu,MH,Mumbai Suburban,28.9,25.7,,,,4,19.1167,72.8333,
2017-09-26 00:00:00,September,Monsoon,Bombay / Juhu,MH,Mumbai Suburban,29.1,24.5,,,,4,19.1167,72.8333,0
2017-09-27 00:00:00,September,Monsoon,Bombay / Juhu,MH,Mumbai Suburban,30,26.6,34,10.5,,4,19.1167,72.8333,
2017-09-28 00:00:00,September,Monsoon,Bombay / Juhu,MH,Mumbai Suburban,30.1,27.4,33,9.6,1007.2,4,19.1167,72.8333,
2017-09-29 00:00:00,September,Monsoon,Bombay / Juhu,MH,Mumbai Suburban,28.7,26,31.2,9.9,1007.2,4,19.1167,72.8333,0.5
2017-09-30 00:00:00,September,Monsoon,Bombay / Juhu,MH,Mumbai Suburban,29.8,25.4,33,8.3,,4,19.1167,72.8333,3
2018-07-01 00:00:00,July,Monsoon,Bombay / Juhu,MH,Mumbai Suburban,28.9,23.7,32.6,14.5,1005,4,19.1167,72.8333,2
2018-07-02 00:00:00,July,Monsoon,Bombay / Juhu,MH,Mumbai Suburban,27.3,25,30,15.3,1004.4,4,19.1167,72.8333,0.5
2018-07-03 00:00:00,July,Monsoon,Bombay / Juhu,MH,Mumbai Suburban,26.6,22.3,28,9.2,1004.6,4,19.1167,72.8333,131.1
2018-07-04 00:00:00,July,Monsoon,Bombay / Juhu,MH,Mumbai Suburban,28,23.2,30.6,16.8,1004.5,4,19.1167,72.8333,118.1
2018-07-05 00:00:00,July,Monsoon,Bombay / Juhu,MH,Mumbai Suburban,29.1,23.6,31,16.4,1004.8,4,19.1167,72.8333,42.9
2018-07-06 00:00:00,July,Monsoon,Bombay / Juhu,MH,Mumbai Suburban,29.2,24.2,31.2,15.5,1004.8,4,19.1167,72.8333,17
2018-07-07 00:00:00,July,Monsoon,Bombay / Juhu,MH,Mumbai Suburban,27.6,25,29,15.1,1003.7,4,19.1167,72.8333,6.1
2018-07-08 00:00:00,July,Monsoon,Bombay / Juhu,MH,Mumbai Suburban,25.5,22.6,28,11.6,1003.1,4,19.1167,72.8333,131.1
2018-07-09 00:00:00,July,Monsoon,Bombay / Juhu,MH,Mumbai Suburban,25.6,22.2,28,9.6,1002.7,4,19.1167,72.8333,121.9
2018-07-10 00:00:00,July,Monsoon,Bombay / Juhu,MH,Mumbai Suburban,26.9,22.4,28,15,1002.7,4,19.1167,72.8333,183.9
2018-07-11 00:00:00,July,Monsoon,Bombay / Juhu,MH,Mumbai Suburban,28.8,25.2,31,16.5,1002.9,4,19.1167,72.8333,114
2018-07-12 00:00:00,July,Monsoon,Bombay / Juhu,MH,Mumbai Suburban,28.9,28,30,17.9,1002.1,4,19.1167,72.8333,5.1
2018-07-13 00:00:00,July,Monsoon,Bombay / Juhu,MH,Mumbai Suburban,28.2,26,30.4,17.1,1001.4,4,19.1167,72.8333,3
2018-07-14 00:00:00,July,Monsoon,Bombay / Juhu,MH,Mumbai Suburban,28.1,26,29.2,19.2,1000.7,4,19.1167,72.8333,16
2018-07-15 00:00:00,July,Monsoon,Bombay / Juhu,MH,Mumbai Suburban,27.3,25.6,29,19.8,999.3,4,19.1167,72.8333,38.1
2018-07-16 00:00:00,July,Monsoon,Bombay / Juhu,MH,Mumbai Suburban,27.7,25,29,22.8,1000.2,4,19.1167,72.8333,95
2018-07-17 00:00:00,July,Monsoon,Bombay / Juhu,MH,Mumbai Suburban,27.8,26,29.4,19.8,1001.4,4,19.1167,72.8333,38.1
2018-07-18 00:00:00,July,Monsoon,Bombay / Juhu,MH,Mumbai Suburban,28.4,25.8,31,18.5,1002.9,4,19.1167,72.8333,9.9
2018-07-19 00:00:00,July,Monsoon,Bombay / Juhu,MH,Mumbai Suburban,28.4,26.1,31.2,17.8,1003.4,4,19.1167,72.8333,2
2018-07-20 00:00:00,July,Monsoon,Bombay / Juhu,MH,Mumbai Suburban,27.7,25.3,29.4,16.4,1003.1,4,19.1167,72.8333,5.1
2018-07-21 00:00:00,July,Monsoon,Bombay / Juhu,MH,Mumbai Suburban,27.9,25,30,17.8,1004,4,19.1167,72.8333,18
2018-07-22 00:00:00,July,Monsoon,Bombay / Juhu,MH,Mumbai Suburban,28,25.8,29.4,20.4,1004.2,4,19.1167,72.8333,0
2018-07-23 00:00:00,July,Monsoon,Bombay / Juhu,MH,Mumbai Suburban,28,27,29.4,16,1003.5,4,19.1167,72.8333,0
2018-07-24 00:00:00,July,Monsoon,Bombay / Juhu,MH,Mumbai Suburban,28.1,26.2,30,16.8,1005,4,19.1167,72.8333,4.1
2018-07-25 00:00:00,July,Monsoon,Bombay / Juhu,MH,Mumbai Suburban,28.5,26.6,31,16.8,1005.8,4,19.1167,72.8333,1
2018-07-26 00:00:00,July,Monsoon,Bombay / Juhu,MH,Mumbai Suburban,28.1,26.8,29.6,18.8,1006.3,4,19.1167,72.8333,1
2018-07-27 00:00:00,July,Monsoon,Bombay / Juhu,MH,Mumbai Suburban,27.8,26,29.6,19.7,1005.3,4,19.1167,72.8333,1
2018-07-28 00:00:00,July,Monsoon,Bombay / Juhu,MH,Mumbai Suburban,28.5,26.8,30.4,17.4,1005.5,4,19.1167,72.8333,1
2018-07-29 00:00:00,July,Monsoon,Bombay / Juhu,MH,Mumbai Suburban,28.5,26.8,30.4,17.3,1005.6,4,19.1167,72.8333,0
2018-07-30 00:00:00,July,Monsoon,Bombay / Juhu,MH,Mumbai Suburban,28.7,27.4,31,17.2,1005.2,4,19.1167,72.8333,
2018-07-31 00:00:00,July,Monsoon,Bombay / Juhu,MH,Mumbai Suburban,28.6,27.2,31.4,18.1,1005.4,4,19.1167,72.8333,0
2018-08-01 00:00:00,August,Monsoon,Bombay / Juhu,MH,Mumbai Suburban,28.4,27,31.4,19.5,1005.9,4,19.1167,72.8333,
2018-08-02 00:00:00,August,Monsoon,Bombay / Juhu,MH,Mumbai Suburban,28.4,27,31,17.1,1007.4,4,19.1167,72.8333,2
2018-08-03 00:00:00,August,Monsoon,Bombay / Juhu,MH,Mumbai Suburban,28.2,26.5,30.6,17.9,1008.4,4,19.1167,72.8333,3
2018-08-04 00:00:00,August,Monsoon,Bombay / Juhu,MH,Mumbai Suburban,27.9,26.8,30,18.1,1007.7,4,19.1167,72.8333,8.9
2018-08-05 00:00:00,August,Monsoon,Bombay / Juhu,MH,Mumbai Suburban,28.5,26.6,30.2,18.4,1007.8,4,19.1167,72.8333,7.9
2018-08-06 00:00:00,August,Monsoon,Bombay / Juhu,MH,Mumbai Suburban,27.9,26.2,29.2,19,1006.3,4,19.1167,72.8333,4.1
2018-08-07 00:00:00,August,Monsoon,Bombay / Juhu,MH,Mumbai Suburban,28.3,26.6,30,17.3,1004.3,4,19.1167,72.8333,2
2018-08-08 00:00:00,August,Monsoon,Bombay / Juhu,MH,Mumbai Suburban,28.4,26.8,30,18.2,1003.3,4,19.1167,72.8333,0.8
2018-08-09 00:00:00,August,Monsoon,Bombay / Juhu,MH,Mumbai Suburban,27.7,26.5,29,18.4,1006.3,4,19.1167,72.8333,2
2018-08-10 00:00:00,August,Monsoon,Bombay / Juhu,MH,Mumbai Suburban,28.1,26.8,30,16.5,1008.3,4,19.1167,72.8333,4.1
2018-08-11 00:00:00,August,Monsoon,Bombay / Juhu,MH,Mumbai Suburban,27.8,26.2,29.4,18.5,1006.9,4,19.1167,72.8333,15
2018-08-12 00:00:00,August,Monsoon,Bombay / Juhu,MH,Mumbai Suburban,27.2,25.2,29,19,1003.9,4,19.1167,72.8333,14
2018-08-13 00:00:00,August,Monsoon,Bombay / Juhu,MH,Mumbai Suburban,27.5,23.2,28,19.1,1002.6,4,19.1167,72.8333,10.9
2018-08-14 00:00:00,August,Monsoon,Bombay / Juhu,MH,Mumbai Suburban,28.2,24.6,30,17.4,1003.7,4,19.1167,72.8333,6.1
2018-08-15 00:00:00,August,Monsoon,Bombay / Juhu,MH,Mumbai Suburban,27.6,22.2,29,16.8,1003.7,4,19.1167,72.8333,0.5
2018-08-16 00:00:00,August,Monsoon,Bombay / Juhu,MH,Mumbai Suburban,27.3,25,29,16.1,1003.1,4,19.1167,72.8333,7.1
2018-08-17 00:00:00,August,Monsoon,Bombay / Juhu,MH,Mumbai Suburban,27.4,23.8,29,18.4,1002.3,4,19.1167,72.8333,10.9
2018-08-18 00:00:00,August,Monsoon,Bombay / Juhu,MH,Mumbai Suburban,27.3,24.6,29.2,17.2,1003.7,4,19.1167,72.8333,4.1
2018-08-19 00:00:00,August,Monsoon,Bombay / Juhu,MH,Mumbai Suburban,27.6,25,30,16.9,1004.8,4,19.1167,72.8333,7.9
2018-08-20 00:00:00,August,Monsoon,Bombay / Juhu,MH,Mumbai Suburban,27.2,24.2,29,16.6,1005.1,4,19.1167,72.8333,16
2018-08-21 00:00:00,August,Monsoon,Bombay / Juhu,MH,Mumbai Suburban,26.7,24.6,28,16.4,1005,4,19.1167,72.8333,5.1
2018-08-22 00:00:00,August,Monsoon,Bombay / Juhu,MH,Mumbai Suburban,26.9,23.8,28.6,14.8,1006.1,4,19.1167,72.8333,24.9
2018-08-23 00:00:00,August,Monsoon,Bombay / Juhu,MH,Mumbai Suburban,27.4,25,30,15.3,1007.5,4,19.1167,72.8333,23.1
2018-08-24 00:00:00,August,Monsoon,Bombay / Juhu,MH,Mumbai Suburban,27.5,24,30.2,13.5,1007.4,4,19.1167,72.8333,8.9
2018-08-25 00:00:00,August,Monsoon,Bombay / Juhu,MH,Mumbai Suburban,27.5,24.4,29,16.8,1006.6,4,19.1167,72.8333,5.1
2018-08-26 00:00:00,August,Monsoon,Bombay / Juhu,MH,Mumbai Suburban,27,23.5,29.4,14.4,1004.8,4,19.1167,72.8333,11.9
2018-08-27 00:00:00,August,Monsoon,Bombay / Juhu,MH,Mumbai Suburban,27.2,25,30.4,12.7,1005,4,19.1167,72.8333,8.9
2018-08-28 00:00:00,August,Monsoon,Bombay / Juhu,MH,Mumbai Suburban,27.2,23.6,29,10.4,1005.3,4,19.1167,72.8333,13
2018-08-29 00:00:00,August,Monsoon,Bombay / Juhu,MH,Mumbai Suburban,28.1,25.3,30.6,13.3,1007,4,19.1167,72.8333,0.3
2018-08-30 00:00:00,August,Monsoon,Bombay / Juhu,MH,Mumbai Suburban,28.1,25.4,30,14.5,1007.2,4,19.1167,72.8333,0
2018-08-31 00:00:00,August,Monsoon,Bombay / Juhu,MH,Mumbai Suburban,28.1,25,30.4,16,1007.8,4,19.1167,72.8333,7.1
2018-09-01 00:00:00,September,Monsoon,Bombay / Juhu,MH,Mumbai Suburban,28.1,25.6,30.6,16.4,1008.3,4,19.1167,72.8333,2
2018-09-02 00:00:00,September,Monsoon,Bombay / Juhu,MH,Mumbai Suburban,27.6,25,30,17.9,1008.3,4,19.1167,72.8333,16
2018-09-03 00:00:00,September,Monsoon,Bombay / Juhu,MH,Mumbai Suburban,27.9,24.6,30,16.7,1008.5,4,19.1167,72.8333,3
2018-09-04 00:00:00,September,Monsoon,Bombay / Juhu,MH,Mumbai Suburban,28.3,24.6,30.8,16.5,1009.4,4,19.1167,72.8333,5.1
2018-09-05 00:00:00,September,Monsoon,Bombay / Juhu,MH,Mumbai Suburban,28.2,24.2,30.6,16.2,1009.1,4,19.1167,72.8333,0
2018-09-06 00:00:00,September,Monsoon,Bombay / Juhu,MH,Mumbai Suburban,28.2,24.4,30.4,15.5,1008.1,4,19.1167,72.8333,0.8
2018-09-07 00:00:00,September,Monsoon,Bombay / Juhu,MH,Mumbai Suburban,27.9,23.6,30.2,14.3,1007.8,4,19.1167,72.8333,0
2018-09-08 00:00:00,September,Monsoon,Bombay / Juhu,MH,Mumbai Suburban,28.2,23.9,30.8,13.5,1008,4,19.1167,72.8333,1
2018-09-09 00:00:00,September,Monsoon,Bombay / Juhu,MH,Mumbai Suburban,27.7,23.8,31,11,1009,4,19.1167,72.8333,0.5
2018-09-10 00:00:00,September,Monsoon,Bombay / Juhu,MH,Mumbai Suburban,28.1,23.6,31,10.2,1011.6,4,19.1167,72.8333,7.9
2018-09-11 00:00:00,September,Monsoon,Bombay / Juhu,MH,Mumbai Suburban,28.1,23.2,31.2,9.9,1012.3,4,19.1167,72.8333,0
2018-09-12 00:00:00,September,Monsoon,Bombay / Juhu,MH,Mumbai Suburban,28.1,23.2,31,12,1010.6,4,19.1167,72.8333,2
2018-09-13 00:00:00,September,Monsoon,Bombay / Juhu,MH,Mumbai Suburban,27.6,23.5,31.2,11.5,1009.3,4,19.1167,72.8333,0
2018-09-14 00:00:00,September,Monsoon,Bombay / Juhu,MH,Mumbai Suburban,27.4,23.9,30,8.5,1009.7,4,19.1167,72.8333,8.9
2018-09-15 00:00:00,September,Monsoon,Bombay / Juhu,MH,Mumbai Suburban,28.3,25,32.1,10.2,1010.3,4,19.1167,72.8333,0.5
2018-09-16 00:00:00,September,Monsoon,Bombay / Juhu,MH,Mumbai Suburban,28.4,25.4,30.3,7.8,1009.1,4,19.1167,72.8333,1
2018-09-17 00:00:00,September,Monsoon,Bombay / Juhu,MH,Mumbai Suburban,27.8,24.6,32,9.3,1008.4,4,19.1167,72.8333,0
2018-09-18 00:00:00,September,Monsoon,Bombay / Juhu,MH,Mumbai Suburban,28.8,24.2,31.6,9.4,1008.7,4,19.1167,72.8333,
2018-09-19 00:00:00,September,Monsoon,Bombay / Juhu,MH,Mumbai Suburban,27.6,23.4,29,8.6,1008.9,4,19.1167,72.8333,8.9
2018-09-20 00:00:00,September,Monsoon,Bombay / Juhu,MH,Mumbai Suburban,28.2,25.4,31.1,8.2,1006.6,4,19.1167,72.8333,0
2018-09-21 00:00:00,September,Monsoon,Bombay / Juhu,MH,Mumbai Suburban,29,25.6,31.8,10.9,1005.5,4,19.1167,72.8333,2
2018-09-22 00:00:00,September,Monsoon,Bombay / Juhu,MH,Mumbai Suburban,28.6,28,31.4,13.8,1007.1,4,19.1167,72.8333,0.3
2018-09-23 00:00:00,September,Monsoon,Bombay / Juhu,MH,Mumbai Suburban,28.7,26.6,32.4,11.3,1010.6,4,19.1167,72.8333,0
2018-09-24 00:00:00,September,Monsoon,Bombay / Juhu,MH,Mumbai Suburban,28.7,25.5,32,10.1,1011.3,4,19.1167,72.8333,0
2018-09-25 00:00:00,September,Monsoon,Bombay / Juhu,MH,Mumbai Suburban,28.9,24.4,31.8,9.7,1010.7,4,19.1167,72.8333,
2018-09-26 00:00:00,September,Monsoon,Bombay / Juhu,MH,Mumbai Suburban,29.7,24.4,32,10.1,1008.8,4,19.1167,72.8333,
2018-09-27 00:00:00,September,Monsoon,Bombay / Juhu,MH,Mumbai Suburban,29.6,25.5,33,10.5,1008.4,4,19.1167,72.8333,
2018-09-28 00:00:00,September,Monsoon,Bombay / Juhu,MH,Mumbai Suburban,29.4,25,32.4,8.6,1008.9,4,19.1167,72.8333,7.1
2018-09-29 00:00:00,September,Monsoon,Bombay / Juhu,MH,Mumbai Suburban,30.1,23.4,33,9.6,1009.6,4,19.1167,72.8333,4.1
2018-09-30 00:00:00,September,Monsoon,Bombay / Juhu,MH,Mumbai Suburban,32,25.4,36,9,1008.8,4,19.1167,72.8333,0
2019-07-01 00:00:00,July,Monsoon,Bombay / Juhu,MH,Mumbai Suburban,26.3,24,28,13.9,1002.5,4,19.1167,72.8333,91.9
2019-07-02 00:00:00,July,Monsoon,Bombay / Juhu,MH,Mumbai Suburban,26.6,23.4,28,6.8,1003.6,4,19.1167,72.8333,374.9
2019-07-03 00:00:00,July,Monsoon,Bombay / Juhu,MH,Mumbai Suburban,27.4,24,30,7.6,1003.8,4,19.1167,72.8333,34
2019-07-04 00:00:00,July,Monsoon,Bombay / Juhu,MH,Mumbai Suburban,28.1,25,30,10,1003.2,4,19.1167,72.8333,4.1
2019-07-05 00:00:00,July,Monsoon,Bombay / Juhu,MH,Mumbai Suburban,28.6,25.6,30,13.7,1001.8,4,19.1167,72.8333,23.1
2019-07-06 00:00:00,July,Monsoon,Bombay / Juhu,MH,Mumbai Suburban,28.3,24,30,18.2,1000.8,4,19.1167,72.8333,78
2019-07-07 00:00:00,July,Monsoon,Bombay / Juhu,MH,Mumbai Suburban,29.2,25,30.2,19.2,1001.7,4,19.1167,72.8333,40.9
2019-07-08 00:00:00,July,Monsoon,Bombay / Juhu,MH,Mumbai Suburban,28.2,25.1,29,18.4,1003.1,4,19.1167,72.8333,31
2019-07-09 00:00:00,July,Monsoon,Bombay / Juhu,MH,Mumbai Suburban,28.9,26,31.8,17.5,1002.3,4,19.1167,72.8333,130
2019-07-10 00:00:00,July,Monsoon,Bombay / Juhu,MH,Mumbai Suburban,27.3,26,29,13.2,1002.6,4,19.1167,72.8333,7.1
2019-07-11 00:00:00,July,Monsoon,Bombay / Juhu,MH,Mumbai Suburban,28.6,25,31,16.6,1004.9,4,19.1167,72.8333,50
2019-07-12 00:00:00,July,Monsoon,Bombay / Juhu,MH,Mumbai Suburban,29.3,23,32,14.7,1006.2,4,19.1167,72.8333,24.9
2019-07-13 00:00:00,July,Monsoon,Bombay / Juhu,MH,Mumbai Suburban,28.6,25.4,30.4,14.7,1007.2,4,19.1167,72.8333,4.1
2019-07-14 00:00:00,July,Monsoon,Bombay / Juhu,MH,Mumbai Suburban,29.4,25.4,31,14.8,1006.8,4,19.1167,72.8333,10.9
2019-07-15 00:00:00,July,Monsoon,Bombay / Juhu,MH,Mumbai Suburban,29.6,28.2,31,14.5,1005.6,4,19.1167,72.8333,3
2019-07-16 00:00:00,July,Monsoon,Bombay / Juhu,MH,Mumbai Suburban,29.1,26.2,30.2,13,1006.3,4,19.1167,72.8333,3
2019-07-17 00:00:00,July,Monsoon,Bombay / Juhu,MH,Mumbai Suburban,29.5,27.2,32.4,12.2,1006.1,4,19.1167,72.8333,4.1
2019-07-18 00:00:00,July,Monsoon,Bombay / Juhu,MH,Mumbai Suburban,29.9,26.6,32,11.7,1004.2,4,19.1167,72.8333,7.1
2019-07-19 00:00:00,July,Monsoon,Bombay / Juhu,MH,Mumbai Suburban,30.1,26.6,33.4,11.2,1002.5,4,19.1167,72.8333,2
2019-07-20 00:00:00,July,Monsoon,Bombay / Juhu,MH,Mumbai Suburban,28.6,26.2,32.2,9.1,1001.8,4,19.1167,72.8333,0.3
2019-07-21 00:00:00,July,Monsoon,Bombay / Juhu,MH,Mumbai Suburban,29.2,25.2,32.6,6.5,1000.3,4,19.1167,72.8333,6.1
2019-07-22 00:00:00,July,Monsoon,Bombay / Juhu,MH,Mumbai Suburban,29.8,25,33.4,12.8,999.7,4,19.1167,72.8333,16
2019-07-23 00:00:00,July,Monsoon,Bombay / Juhu,MH,Mumbai Suburban,28.7,27.8,31,12,1000.3,4,19.1167,72.8333,0
2019-07-24 00:00:00,July,Monsoon,Bombay / Juhu,MH,Mumbai Suburban,27.4,25.1,29,14.6,1003.3,4,19.1167,72.8333,84.1
2019-07-25 00:00:00,July,Monsoon,Bombay / Juhu,MH,Mumbai Suburban,27.9,24.9,30,14.2,1005.8,4,19.1167,72.8333,38.1
2019-07-26 00:00:00,July,Monsoon,Bombay / Juhu,MH,Mumbai Suburban,28.1,26,30.8,17.7,1004.5,4,19.1167,72.8333,43.9
2019-07-27 00:00:00,July,Monsoon,Bombay / Juhu,MH,Mumbai Suburban,27.8,24,30,20.5,1004.5,4,19.1167,72.8333,218.9
2019-07-28 00:00:00,July,Monsoon,Bombay / Juhu,MH,Mumbai Suburban,29,24.5,30,17.8,1004.6,4,19.1167,72.8333,27.9
2019-07-29 00:00:00,July,Monsoon,Bombay / Juhu,MH,Mumbai Suburban,28.1,26,29,18.1,1003.7,4,19.1167,72.8333,0.5
2019-07-30 00:00:00,July,Monsoon,Bombay / Juhu,MH,Mumbai Suburban,27,24,29,16.6,1004.4,4,19.1167,72.8333,39.1
2019-07-31 00:00:00,July,Monsoon,Bombay / Juhu,MH,Mumbai Suburban,28.1,23.4,29,18.7,1005.7,4,19.1167,72.8333,65
2019-08-01 00:00:00,August,Monsoon,Bombay / Juhu,MH,Mumbai Suburban,28.4,25.4,30.8,19.2,1004.9,4,19.1167,72.8333,13
2019-08-02 00:00:00,August,Monsoon,Bombay / Juhu,MH,Mumbai Suburban,26.7,24.2,29,20.6,1003.6,4,19.1167,72.8333,42.9
2019-08-03 00:00:00,August,Monsoon,Bombay / Juhu,MH,Mumbai Suburban,26.4,24.6,28,17.9,1003,4,19.1167,72.8333,134.1
2019-08-04 00:00:00,August,Monsoon,Bombay / Juhu,MH,Mumbai Suburban,27.3,25,28,20.7,1002.5,4,19.1167,72.8333,0
2019-08-05 00:00:00,August,Monsoon,Bombay / Juhu,MH,Mumbai Suburban,28.3,24,29,17.5,1002.2,4,19.1167,72.8333,62
2019-08-06 00:00:00,August,Monsoon,Bombay / Juhu,MH,Mumbai Suburban,28.1,24.8,29,19.3,1001.8,4,19.1167,72.8333,8.9
2019-08-07 00:00:00,August,Monsoon,Bombay / Juhu,MH,Mumbai Suburban,28.1,25.4,29,19.1,1000.9,4,19.1167,72.8333,7.9
2019-08-08 00:00:00,August,Monsoon,Bombay / Juhu,MH,Mumbai Suburban,28.3,26.2,29,18.7,1000.1,4,19.1167,72.8333,1
2019-08-09 00:00:00,August,Monsoon,Bombay / Juhu,MH,Mumbai Suburban,28.1,26,29,19.5,1000.1,4,19.1167,72.8333,4.1
2019-08-10 00:00:00,August,Monsoon,Bombay / Juhu,MH,Mumbai Suburban,28.6,26.6,29.8,21.8,1001.5,4,19.1167,72.8333,3
2019-08-11 00:00:00,August,Monsoon,Bombay / Juhu,MH,Mumbai Suburban,28.4,25.6,30.6,19.4,1004,4,19.1167,72.8333,5.1
2019-08-12 00:00:00,August,Monsoon,Bombay / Juhu,MH,Mumbai Suburban,28.4,24.8,31.2,16.7,1004.9,4,19.1167,72.8333,6.1
2019-08-13 00:00:00,August,Monsoon,Bombay / Juhu,MH,Mumbai Suburban,28.3,26,30,14,1005.1,4,19.1167,72.8333,1
2019-08-14 00:00:00,August,Monsoon,Bombay / Juhu,MH,Mumbai Suburban,28.2,26,30,12.8,1005.8,4,19.1167,72.8333,3
2019-08-15 00:00:00,August,Monsoon,Bombay / Juhu,MH,Mumbai Suburban,28.3,25.2,30.6,16.1,1006.5,4,19.1167,72.8333,7.9
2019-08-16 00:00:00,August,Monsoon,Bombay / Juhu,MH,Mumbai Suburban,28.4,25.2,30.4,17.8,1006.2,4,19.1167,72.8333,6.1
2019-08-17 00:00:00,August,Monsoon,Bombay / Juhu,MH,Mumbai Suburban,28.5,25.8,31,16.7,1006.1,4,19.1167,72.8333,5.1
2019-08-18 00:00:00,August,Monsoon,Bombay / Juhu,MH,Mumbai Suburban,28.6,25.6,31,12.9,1007.6,4,19.1167,72.8333,4.1
2019-08-19 00:00:00,August,Monsoon,Bombay / Juhu,MH,Mumbai Suburban,28.6,25.8,30.2,12.4,1008.9,4,19.1167,72.8333,2
2019-08-20 00:00:00,August,Monsoon,Bombay / Juhu,MH,Mumbai Suburban,29.1,25.5,31.4,12,1008.9,4,19.1167,72.8333,1
2019-08-21 00:00:00,August,Monsoon,Bombay / Juhu,MH,Mumbai Suburban,28.8,26,31,14.8,1008,4,19.1167,72.8333,6.1
2019-08-22 00:00:00,August,Monsoon,Bombay / Juhu,MH,Mumbai Suburban,28.9,27,31,14.3,1007.3,4,19.1167,72.8333,1
2019-08-23 00:00:00,August,Monsoon,Bombay / Juhu,MH,Mumbai Suburban,28.9,26.4,31.6,12.9,1007.2,4,19.1167,72.8333,2
2019-08-24 00:00:00,August,Monsoon,Bombay / Juhu,MH,Mumbai Suburban,28.6,25.4,31.2,13.8,1006.8,4,19.1167,72.8333,1
2019-08-25 00:00:00,August,Monsoon,Bombay / Juhu,MH,Mumbai Suburban,27.8,25,30.2,10.1,1005.8,4,19.1167,72.8333,10.9
2019-08-26 00:00:00,August,Monsoon,Bombay / Juhu,MH,Mumbai Suburban,28.4,24.6,31,11.6,1005.6,4,19.1167,72.8333,7.1
2019-08-27 00:00:00,August,Monsoon,Bombay / Juhu,MH,Mumbai Suburban,28.6,25.8,31.2,12.5,1004.5,4,19.1167,72.8333,0
2019-08-28 00:00:00,August,Monsoon,Bombay / Juhu,MH,Mumbai Suburban,28.5,25,31.4,12.2,1004.6,4,19.1167,72.8333,6.1
2019-08-29 00:00:00,August,Monsoon,Bombay / Juhu,MH,Mumbai Suburban,28.7,25.4,32.4,11.7,1005.1,4,19.1167,72.8333,3
2019-08-30 00:00:00,August,Monsoon,Bombay / Juhu,MH,Mumbai Suburban,28.3,25.2,30,12.7,1003.6,4,19.1167,72.8333,3
2019-08-31 00:00:00,August,Monsoon,Bombay / Juhu,MH,Mumbai Suburban,27.9,25.7,29.2,15.4,1002.1,4,19.1167,72.8333,13
2019-09-01 00:00:00,September,Monsoon,Bombay / Juhu,MH,Mumbai Suburban,27.2,25.4,28,12.2,1003.3,4,19.1167,72.8333,16
2019-09-02 00:00:00,September,Monsoon,Bombay / Juhu,MH,Mumbai Suburban,27.8,24.9,31.2,11.5,1004.7,4,19.1167,72.8333,17
2019-09-03 00:00:00,September,Monsoon,Bombay / Juhu,MH,Mumbai Suburban,26.4,24.6,29,14.5,1004.1,4,19.1167,72.8333,131.1
2019-09-04 00:00:00,September,Monsoon,Bombay / Juhu,MH,Mumbai Suburban,25.9,24,27,15.1,1002.9,4,19.1167,72.8333,118.1
2019-09-05 00:00:00,September,Monsoon,Bombay / Juhu,MH,Mumbai Suburban,27,24.2,29,14.5,1001.7,4,19.1167,72.8333,242.1
2019-09-06 00:00:00,September,Monsoon,Bombay / Juhu,MH,Mumbai Suburban,27.3,24.8,29,15.5,1002.3,4,19.1167,72.8333,45
2019-09-07 00:00:00,September,Monsoon,Bombay / Juhu,MH,Mumbai Suburban,26.8,24.8,29,15.8,1002.5,4,19.1167,72.8333,23.1
2019-09-08 00:00:00,September,Monsoon,Bombay / Juhu,MH,Mumbai Suburban,26.9,23.6,28.8,13.6,1004.2,4,19.1167,72.8333,119.1
2019-09-09 00:00:00,September,Monsoon,Bombay / Juhu,MH,Mumbai Suburban,27.1,24.3,29,16.1,1004.2,4,19.1167,72.8333,25.9
2019-09-10 00:00:00,September,Monsoon,Bombay / Juhu,MH,Mumbai Suburban,27.7,24.4,30,14.2,1004.3,4,19.1167,72.8333,54.1
2019-09-11 00:00:00,September,Monsoon,Bombay / Juhu,MH,Mumbai Suburban,27.2,24.2,29.2,11.7,1006.9,4,19.1167,72.8333,7.1
2019-09-12 00:00:00,September,Monsoon,Bombay / Juhu,MH,Mumbai Suburban,27.4,26,29,14.2,1008.2,4,19.1167,72.8333,5.1
2019-09-13 00:00:00,September,Monsoon,Bombay / Juhu,MH,Mumbai Suburban,27.2,23,29.2,12.9,1008.7,4,19.1167,72.8333,40.9
2019-09-14 00:00:00,September,Monsoon,Bombay / Juhu,MH,Mumbai Suburban,28.6,24.6,30.6,16.6,1008.2,4,19.1167,72.8333,23.1
2019-09-15 00:00:00,September,Monsoon,Bombay / Juhu,MH,Mumbai Suburban,26.4,23.5,30,11,1009,4,19.1167,72.8333,31
2019-09-16 00:00:00,September,Monsoon,Bombay / Juhu,MH,Mumbai Suburban,28.3,24.3,29,12.4,1008,4,19.1167,72.8333,8.9
2019-09-17 00:00:00,September,Monsoon,Bombay / Juhu,MH,Mumbai Suburban,27.4,26,29.4,11.9,1006.9,4,19.1167,72.8333,5.1
2019-09-18 00:00:00,September,Monsoon,Bombay / Juhu,MH,Mumbai Suburban,27.3,24.6,31,12.2,1006.9,4,19.1167,72.8333,7.9
2019-09-19 00:00:00,September,Monsoon,Bombay / Juhu,MH,Mumbai Suburban,27.6,23.6,31,8,1005.8,4,19.1167,72.8333,69.1
2019-09-20 00:00:00,September,Monsoon,Bombay / Juhu,MH,Mumbai Suburban,27.1,24.7,29,12.1,1005.4,4,19.1167,72.8333,3
2019-09-21 00:00:00,September,Monsoon,Bombay / Juhu,MH,Mumbai Suburban,27.9,24.6,31.7,16.5,1005.1,4,19.1167,72.8333,55.1
2019-09-22 00:00:00,September,Monsoon,Bombay / Juhu,MH,Mumbai Suburban,28.7,25,33,13.4,1006.9,4,19.1167,72.8333,0.8
2019-09-23 00:00:00,September,Monsoon,Bombay / Juhu,MH,Mumbai Suburban,29.1,25.6,32,9.6,1008.7,4,19.1167,72.8333,0
2019-09-24 00:00:00,September,Monsoon,Bombay / Juhu,MH,Mumbai Suburban,28.9,25.2,31,9.4,1007.9,4,19.1167,72.8333,0.5
2019-09-25 00:00:00,September,Monsoon,Bombay / Juhu,MH,Mumbai Suburban,27.7,24,30,8.6,1007.2,4,19.1167,72.8333,30
2019-09-26 00:00:00,September,Monsoon,Bombay / Juhu,MH,Mumbai Suburban,27.8,25,32,10.2,1008.3,4,19.1167,72.8333,1
2019-09-27 00:00:00,September,Monsoon,Bombay / Juhu,MH,Mumbai Suburban,27.6,23.8,30.8,14.7,1011.7,4,19.1167,72.8333,29
2019-09-28 00:00:00,September,Monsoon,Bombay / Juhu,MH,Mumbai Suburban,28,24.8,31,12.2,1011.1,4,19.1167,72.8333,1
2019-09-29 00:00:00,September,Monsoon,Bombay / Juhu,MH,Mumbai Suburban,28.4,25,32.2,13,1011.5,4,19.1167,72.8333,0.3
2019-09-30 00:00:00,September,Monsoon,Bombay / Juhu,MH,Mumbai Suburban,28.3,26,31.4,12.1,1011.1,4,19.1167,72.8333,4.1
2020-07-01 00:00:00,July,Monsoon,Bombay / Juhu,MH,Mumbai Suburban,28.7,26,32.2,12.4,1003,4,19.1167,72.8333,8.9
2020-07-02 00:00:00,July,Monsoon,Bombay / Juhu,MH,Mumbai Suburban,28.9,25.4,31.6,11.4,1002.7,4,19.1167,72.8333,7.1
2020-07-03 00:00:00,July,Monsoon,Bombay / Juhu,MH,Mumbai Suburban,27.1,26,29,9.1,1002,4,19.1167,72.8333,10.9
2020-07-04 00:00:00,July,Monsoon,Bombay / Juhu,MH,Mumbai Suburban,26.6,25.6,27.2,13,1000.4,4,19.1167,72.8333,157
2020-07-05 00:00:00,July,Monsoon,Bombay / Juhu,MH,Mumbai Suburban,28.1,24.8,29.2,16.2,1000.1,4,19.1167,72.8333,200.9
2020-07-06 00:00:00,July,Monsoon,Bombay / Juhu,MH,Mumbai Suburban,28.9,25,31,19.9,998.5,4,19.1167,72.8333,116.1
2020-07-07 00:00:00,July,Monsoon,Bombay / Juhu,MH,Mumbai Suburban,28.5,25,31,12.9,999.8,4,19.1167,72.8333,30
2020-07-08 00:00:00,July,Monsoon,Bombay / Juhu,MH,Mumbai Suburban,28.9,25.8,31.4,12.6,1003.1,4,19.1167,72.8333,57.9
2020-07-09 00:00:00,July,Monsoon,Bombay / Juhu,MH,Mumbai Suburban,29.1,26.2,31.8,12.7,1003.5,4,19.1167,72.8333,20.1
2020-07-10 00:00:00,July,Monsoon,Bombay / Juhu,MH,Mumbai Suburban,29.7,26.4,32,13.6,1003.8,4,19.1167,72.8333,6.1
2020-07-11 00:00:00,July,Monsoon,Bombay / Juhu,MH,Mumbai Suburban,29.1,26.8,32.2,12.2,1003.9,4,19.1167,72.8333,1
2020-07-12 00:00:00,July,Monsoon,Bombay / Juhu,MH,Mumbai Suburban,26.6,25,28.8,8.9,1004.5,4,19.1167,72.8333,22.1
2020-07-13 00:00:00,July,Monsoon,Bombay / Juhu,MH,Mumbai Suburban,27.2,23.8,29.8,9.9,1003.5,4,19.1167,72.8333,70.1
2020-07-14 00:00:00,July,Monsoon,Bombay / Juhu,MH,Mumbai Suburban,26.7,25,28.4,8.6,1003.3,4,19.1167,72.8333,26.9
2020-07-15 00:00:00,July,Monsoon,Bombay / Juhu,MH,Mumbai Suburban,26.3,24.4,27.2,6.6,1001.9,4,19.1167,72.8333,97
2020-07-16 00:00:00,July,Monsoon,Bombay / Juhu,MH,Mumbai Suburban,26.3,24.4,27,10.1,998.9,4,19.1167,72.8333,191
2020-07-17 00:00:00,July,Monsoon,Bombay / Juhu,MH,Mumbai Suburban,26.7,24.6,29.6,11,998.6,4,19.1167,72.8333,154.9
2020-07-18 00:00:00,July,Monsoon,Bombay / Juhu,MH,Mumbai Suburban,28.5,25,32,10.9,1002.2,4,19.1167,72.8333,54.1
2020-07-19 00:00:00,July,Monsoon,Bombay / Juhu,MH,Mumbai Suburban,29.4,25.8,32.4,11.1,1005,4,19.1167,72.8333,7.9
2020-07-20 00:00:00,July,Monsoon,Bombay / Juhu,MH,Mumbai Suburban,29.6,26.5,32.6,9.5,1003.6,4,19.1167,72.8333,6.1
2020-07-21 00:00:00,July,Monsoon,Bombay / Juhu,MH,Mumbai Suburban,29.4,26.4,33,10.1,1004.1,4,19.1167,72.8333,4.1
2020-07-22 00:00:00,July,Monsoon,Bombay / Juhu,MH,Mumbai Suburban,29.4,26.2,32.2,9.3,1005.6,4,19.1167,72.8333,0
2020-07-23 00:00:00,July,Monsoon,Bombay / Juhu,MH,Mumbai Suburban,28.7,25.4,31,8.5,1004.7,4,19.1167,72.8333,49
2020-07-24 00:00:00,July,Monsoon,Bombay / Juhu,MH,Mumbai Suburban,27.8,24.8,29,5.6,1005.6,4,19.1167,72.8333,18
2020-07-25 00:00:00,July,Monsoon,Bombay / Juhu,MH,Mumbai Suburban,28.7,25.4,32,9.7,1005.8,4,19.1167,72.8333,9.9
2020-07-26 00:00:00,July,Monsoon,Bombay / Juhu,MH,Mumbai Suburban,28.2,25.2,32,9.9,1006.7,4,19.1167,72.8333,8.9
2020-07-27 00:00:00,July,Monsoon,Bombay / Juhu,MH,Mumbai Suburban,26.9,25,29,9,1007.6,4,19.1167,72.8333,101.1
2020-07-28 00:00:00,July,Monsoon,Bombay / Juhu,MH,Mumbai Suburban,26.5,25,28,9.5,1006.4,4,19.1167,72.8333,29
2020-07-29 00:00:00,July,Monsoon,Bombay / Juhu,MH,Mumbai Suburban,27.8,24.6,30.6,6.8,1004,4,19.1167,72.8333,8.9
2020-07-30 00:00:00,July,Monsoon,Bombay / Juhu,MH,Mumbai Suburban,27.3,25,30,7.3,1003.8,4,19.1167,72.8333,18
2020-07-31 00:00:00,July,Monsoon,Bombay / Juhu,MH,Mumbai Suburban,28.5,25.4,32,7.7,1003.5,4,19.1167,72.8333,8.9
2020-08-01 00:00:00,August,Monsoon,Bombay / Juhu,MH,Mumbai Suburban,28.8,25.6,32,11,1003.1,4,19.1167,72.8333,0.5
2020-08-02 00:00:00,August,Monsoon,Bombay / Juhu,MH,Mumbai Suburban,29,26.2,33.2,13.5,1001.9,4,19.1167,72.8333,0.3
2020-08-03 00:00:00,August,Monsoon,Bombay / Juhu,MH,Mumbai Suburban,27.9,26,31.6,13.9,999.8,4,19.1167,72.8333,3
2020-08-04 00:00:00,August,Monsoon,Bombay / Juhu,MH,Mumbai Suburban,27.4,24.8,29,18.6,996.3,4,19.1167,72.8333,0
2020-08-05 00:00:00,August,Monsoon,Bombay / Juhu,MH,Mumbai Suburban,26.2,24,29,18.1,993.6,4,19.1167,72.8333,84.1
2020-08-06 00:00:00,August,Monsoon,Bombay / Juhu,MH,Mumbai Suburban,26.4,23,28,19.7,995.2,4,19.1167,72.8333,16
2020-08-07 00:00:00,August,Monsoon,Bombay / Juhu,MH,Mumbai Suburban,27.9,24.2,30,15.4,1000.9,4,19.1167,72.8333,79
2020-08-08 00:00:00,August,Monsoon,Bombay / Juhu,MH,Mumbai Suburban,28.2,25.4,30.2,12.8,1003.9,4,19.1167,72.8333,11.9
2020-08-09 00:00:00,August,Monsoon,Bombay / Juhu,MH,Mumbai Suburban,29,25,31,14.3,1003.5,4,19.1167,72.8333,19.1
2020-08-10 00:00:00,August,Monsoon,Bombay / Juhu,MH,Mumbai Suburban,28.6,27,30.2,14.1,1003,4,19.1167,72.8333,0.5
2020-08-11 00:00:00,August,Monsoon,Bombay / Juhu,MH,Mumbai Suburban,28.1,26,29.4,13.7,1004.9,4,19.1167,72.8333,5.1
2020-08-12 00:00:00,August,Monsoon,Bombay / Juhu,MH,Mumbai Suburban,27.3,25.4,28.8,16.1,1006,4,19.1167,72.8333,31
2020-08-13 00:00:00,August,Monsoon,Bombay / Juhu,MH,Mumbai Suburban,27.8,26,30,16.8,1004,4,19.1167,72.8333,41.9
2020-08-14 00:00:00,August,Monsoon,Bombay / Juhu,MH,Mumbai Suburban,26.8,24.8,28,16.3,1002.2,4,19.1167,72.8333,40.9
2020-08-15 00:00:00,August,Monsoon,Bombay / Juhu,MH,Mumbai Suburban,27.8,24.6,29.4,15.1,1001.7,4,19.1167,72.8333,59.9
2020-08-16 00:00:00,August,Monsoon,Bombay / Juhu,MH,Mumbai Suburban,28.1,25.8,29.4,26.4,1002.8,4,19.1167,72.8333,19.1
2020-08-17 00:00:00,August,Monsoon,Bombay / Juhu,MH,Mumbai Suburban,27.3,25.4,29,14.7,1002.5,4,19.1167,72.8333,7.9
2020-08-18 00:00:00,August,Monsoon,Bombay / Juhu,MH,Mumbai Suburban,27.7,24.6,30,13.2,1004,4,19.1167,72.8333,45
2020-08-19 00:00:00,August,Monsoon,Bombay / Juhu,MH,Mumbai Suburban,27.9,25,30,13.7,1003.6,4,19.1167,72.8333,10.9
2020-08-20 00:00:00,August,Monsoon,Bombay / Juhu,MH,Mumbai Suburban,27.4,23.2,28,12.1,1002.5,4,19.1167,72.8333,23.1
2020-08-21 00:00:00,August,Monsoon,Bombay / Juhu,MH,Mumbai Suburban,26.6,24.8,28,13.4,1003.8,4,19.1167,72.8333,32
2020-08-22 00:00:00,August,Monsoon,Bombay / Juhu,MH,Mumbai Suburban,27.7,24.8,29,16.3,1004.6,4,19.1167,72.8333,65
2020-08-23 00:00:00,August,Monsoon,Bombay / Juhu,MH,Mumbai Suburban,28.2,26,30,14.8,1005.1,4,19.1167,72.8333,14
2020-08-24 00:00:00,August,Monsoon,Bombay / Juhu,MH,Mumbai Suburban,28.1,25,30.8,15.9,1005.9,4,19.1167,72.8333,7.9
2020-08-25 00:00:00,August,Monsoon,Bombay / Juhu,MH,Mumbai Suburban,28,24.4,31,13.5,1008.2,4,19.1167,72.8333,13
2020-08-26 00:00:00,August,Monsoon,Bombay / Juhu,MH,Mumbai Suburban,28.4,25.7,31,12.1,1008.6,4,19.1167,72.8333,4.1
2020-08-27 00:00:00,August,Monsoon,Bombay / Juhu,MH,Mumbai Suburban,28.2,26.8,30,13.3,1007.3,4,19.1167,72.8333,2
2020-08-28 00:00:00,August,Monsoon,Bombay / Juhu,MH,Mumbai Suburban,26.3,25,27.4,10.6,1005.7,4,19.1167,72.8333,5.1
2020-08-29 00:00:00,August,Monsoon,Bombay / Juhu,MH,Mumbai Suburban,26,24.2,27,9.7,1005.1,4,19.1167,72.8333,85.1
2020-08-30 00:00:00,August,Monsoon,Bombay / Juhu,MH,Mumbai Suburban,26.5,23.8,28,11.8,1005.4,4,19.1167,72.8333,53.1
2020-08-31 00:00:00,August,Monsoon,Bombay / Juhu,MH,Mumbai Suburban,27.1,24,30,12.6,1007.2,4,19.1167,72.8333,46
2020-09-01 00:00:00,September,Monsoon,Bombay / Juhu,MH,Mumbai Suburban,27.6,24.2,30.2,7.8,1008.9,4,19.1167,72.8333,8.9
2020-09-02 00:00:00,September,Monsoon,Bombay / Juhu,MH,Mumbai Suburban,28.6,24.8,31,6.4,1008.1,4,19.1167,72.8333,10.9
2020-09-03 00:00:00,September,Monsoon,Bombay / Juhu,MH,Mumbai Suburban,29,25.4,32,9,1007.1,4,19.1167,72.8333,0
2020-09-04 00:00:00,September,Monsoon,Bombay / Juhu,MH,Mumbai Suburban,29.8,25,33.6,7.1,1006.1,4,19.1167,72.8333,0
2020-09-05 00:00:00,September,Monsoon,Bombay / Juhu,MH,Mumbai Suburban,30.6,25.4,33.2,7.7,1005.4,4,19.1167,72.8333,7.1
2020-09-06 00:00:00,September,Monsoon,Bombay / Juhu,MH,Mumbai Suburban,29.8,27.8,32.8,7.8,1004.5,4,19.1167,72.8333,0
2020-09-07 00:00:00,September,Monsoon,Bombay / Juhu,MH,Mumbai Suburban,28.6,25.4,32,9.4,1006.2,4,19.1167,72.8333,10.9
2020-09-08 00:00:00,September,Monsoon,Bombay / Juhu,MH,Mumbai Suburban,30.1,26,33,8.6,1006.6,4,19.1167,72.8333,0.5
2020-09-09 00:00:00,September,Monsoon,Bombay / Juhu,MH,Mumbai Suburban,29.9,26.6,33,8.4,1005,4,19.1167,72.8333,0
2020-09-10 00:00:00,September,Monsoon,Bombay / Juhu,MH,Mumbai Suburban,29.7,26.6,32.8,9.1,1003.5,4,19.1167,72.8333,6.1
2020-09-11 00:00:00,September,Monsoon,Bombay / Juhu,MH,Mumbai Suburban,28.8,26,33,9.3,1002.3,4,19.1167,72.8333,0
2020-09-12 00:00:00,September,Monsoon,Bombay / Juhu,MH,Mumbai Suburban,28,25.2,32,13.8,1003.9,4,19.1167,72.8333,10.9
2020-09-13 00:00:00,September,Monsoon,Bombay / Juhu,MH,Mumbai Suburban,28.4,25,31,12,1006.4,4,19.1167,72.8333,25.9
2020-09-14 00:00:00,September,Monsoon,Bombay / Juhu,MH,Mumbai Suburban,27.2,25.4,31,8,1006.3,4,19.1167,72.8333,3
2020-09-15 00:00:00,September,Monsoon,Bombay / Juhu,MH,Mumbai Suburban,27.8,24.6,31,7.2,1006,4,19.1167,72.8333,7.1
2020-09-16 00:00:00,September,Monsoon,Bombay / Juhu,MH,Mumbai Suburban,28,25,30.8,5.9,1006.3,4,19.1167,72.8333,3
2020-09-17 00:00:00,September,Monsoon,Bombay / Juhu,MH,Mumbai Suburban,27.3,24.8,28.6,7.1,1006.8,4,19.1167,72.8333,15
2020-09-18 00:00:00,September,Monsoon,Bombay / Juhu,MH,Mumbai Suburban,26.9,26,29.6,5.6,1005.9,4,19.1167,72.8333,0
2020-09-19 00:00:00,September,Monsoon,Bombay / Juhu,MH,Mumbai Suburban,27.8,25,30,4.6,1003.4,4,19.1167,72.8333,2
2020-09-20 00:00:00,September,Monsoon,Bombay / Juhu,MH,Mumbai Suburban,29.2,25,33,7.3,1001.5,4,19.1167,72.8333,11.9
2020-09-21 00:00:00,September,Monsoon,Bombay / Juhu,MH,Mumbai Suburban,27.8,25,31.8,6.1,1000.6,4,19.1167,72.8333,0
2020-09-22 00:00:00,September,Monsoon,Bombay / Juhu,MH,Mumbai Suburban,26.8,25,28,7.1,1000.8,4,19.1167,72.8333,23.1
2020-09-23 00:00:00,September,Monsoon,Bombay / Juhu,MH,Mumbai Suburban,25.8,24.6,28,10,1002.6,4,19.1167,72.8333,286
2020-09-24 00:00:00,September,Monsoon,Bombay / Juhu,MH,Mumbai Suburban,27.7,23.8,30,6.5,1006.7,4,19.1167,72.8333,109
2020-09-25 00:00:00,September,Monsoon,Bombay / Juhu,MH,Mumbai Suburban,28.3,25.2,30,8.9,1007.7,4,19.1167,72.8333,2
2020-09-26 00:00:00,September,Monsoon,Bombay / Juhu,MH,Mumbai Suburban,28.9,25.4,31.6,10.8,1007.3,4,19.1167,72.8333,0
2020-09-27 00:00:00,September,Monsoon,Bombay / Juhu,MH,Mumbai Suburban,28.8,25,32,9.1,1008.5,4,19.1167,72.8333,0
2020-09-28 00:00:00,September,Monsoon,Bombay / Juhu,MH,Mumbai Suburban,28.6,25,31.8,8.4,1008.9,4,19.1167,72.8333,
2020-09-29 00:00:00,September,Monsoon,Bombay / Juhu,MH,Mumbai Suburban,28.9,24.9,32.4,6.9,1008.3,4,19.1167,72.8333,
2020-09-30 00:00:00,September,Monsoon,Bombay / Juhu,MH,Mumbai Suburban,29.1,24.4,32,8.8,1007.4,4,19.1167,72.8333,
2021-07-01 00:00:00,July,Monsoon,Bombay / Juhu,MH,Mumbai Suburban,29.4,27.4,31,17.5,1004.9,4,19.1167,72.8333,2.1
2021-07-02 00:00:00,July,Monsoon,Bombay / Juhu,MH,Mumbai Suburban,29.3,27.3,32,18,1005.2,4,19.1167,72.8333,1.7
2021-07-03 00:00:00,July,Monsoon,Bombay / Juhu,MH,Mumbai Suburban,29.4,27.2,32,15.8,1006.3,4,19.1167,72.8333,2.6
2021-07-04 00:00:00,July,Monsoon,Bombay / Juhu,MH,Mumbai Suburban,29.3,26.7,32,12,1006.9,4,19.1167,72.8333,2.2
2021-07-05 00:00:00,July,Monsoon,Bombay / Juhu,MH,Mumbai Suburban,29.3,27,32,10.6,1006.6,4,19.1167,72.8333,1.8
2021-07-06 00:00:00,July,Monsoon,Bombay / Juhu,MH,Mumbai Suburban,29.2,26.6,32,9.3,1005.4,4,19.1167,72.8333,1
2021-07-07 00:00:00,July,Monsoon,Bombay / Juhu,MH,Mumbai Suburban,29.7,27.6,33,10.1,1005.5,4,19.1167,72.8333,0.9
2021-07-08 00:00:00,July,Monsoon,Bombay / Juhu,MH,Mumbai Suburban,28.1,27,30,10.8,1005.3,4,19.1167,72.8333,8.8
2021-07-09 00:00:00,July,Monsoon,Bombay / Juhu,MH,Mumbai Suburban,28.2,26.5,31,8.9,1003.4,4,19.1167,72.8333,4.6
2021-07-10 00:00:00,July,Monsoon,Bombay / Juhu,MH,Mumbai Suburban,27,26,29,9.6,1002.6,4,19.1167,72.8333,24.3
2021-07-11 00:00:00,July,Monsoon,Bombay / Juhu,MH,Mumbai Suburban,27.6,26,30,9.7,1001.4,4,19.1167,72.8333,31.3
2021-07-12 00:00:00,July,Monsoon,Bombay / Juhu,MH,Mumbai Suburban,27.6,26.7,30,17.7,998.8,4,19.1167,72.8333,175.5
2021-07-13 00:00:00,July,Monsoon,Bombay / Juhu,MH,Mumbai Suburban,26.8,25,28,19.2,1001.2,4,19.1167,72.8333,73.5
2021-07-14 00:00:00,July,Monsoon,Bombay / Juhu,MH,Mumbai Suburban,26.7,26,29,15.6,1002.3,4,19.1167,72.8333,51.5
2021-07-15 00:00:00,July,Monsoon,Bombay / Juhu,MH,Mumbai Suburban,27,26,29,18.6,1001.1,4,19.1167,72.8333,47.8
2021-07-16 00:00:00,July,Monsoon,Bombay / Juhu,MH,Mumbai Suburban,27.1,25.8,29,14.8,1003.8,4,19.1167,72.8333,35.5
2021-07-17 00:00:00,July,Monsoon,Bombay / Juhu,MH,Mumbai Suburban,27.3,26.1,29,18.4,1005.4,4,19.1167,72.8333,24.7
2021-07-18 00:00:00,July,Monsoon,Bombay / Juhu,MH,Mumbai Suburban,27.8,26.5,30,20,1004.3,4,19.1167,72.8333,50.5
2021-07-19 00:00:00,July,Monsoon,Bombay / Juhu,MH,Mumbai Suburban,26.9,26.1,28,22.9,1003.9,4,19.1167,72.8333,39.2
2021-07-20 00:00:00,July,Monsoon,Bombay / Juhu,MH,Mumbai Suburban,27.7,25.8,31,19.5,1005.8,4,19.1167,72.8333,29.2
2021-07-21 00:00:00,July,Monsoon,Bombay / Juhu,MH,Mumbai Suburban,26.9,25,28,25.2,1004.8,4,19.1167,72.8333,43.6
2021-07-22 00:00:00,July,Monsoon,Bombay / Juhu,MH,Mumbai Suburban,27.4,26.7,28,29.4,1001.8,4,19.1167,72.8333,17
2021-07-23 00:00:00,July,Monsoon,Bombay / Juhu,MH,Mumbai Suburban,27.4,26.3,29,22.3,1001.5,4,19.1167,72.8333,22.8
2021-07-24 00:00:00,July,Monsoon,Bombay / Juhu,MH,Mumbai Suburban,27.7,25.7,30,19.2,1003.4,4,19.1167,72.8333,13.9
2021-07-25 00:00:00,July,Monsoon,Bombay / Juhu,MH,Mumbai Suburban,27.4,25.8,30,21.1,1004,4,19.1167,72.8333,18.2
2021-07-26 00:00:00,July,Monsoon,Bombay / Juhu,MH,Mumbai Suburban,27.9,25.7,30,22.6,1004.5,4,19.1167,72.8333,12.4
2021-07-27 00:00:00,July,Monsoon,Bombay / Juhu,MH,Mumbai Suburban,27.8,25.7,30,22.5,1004.1,4,19.1167,72.8333,10.2
2021-07-28 00:00:00,July,Monsoon,Bombay / Juhu,MH,Mumbai Suburban,28,26.1,30,23,1004.5,4,19.1167,72.8333,6
2021-07-29 00:00:00,July,Monsoon,Bombay / Juhu,MH,Mumbai Suburban,27.8,26.5,29,24.2,1005.8,4,19.1167,72.8333,7.6
2021-07-30 00:00:00,July,Monsoon,Bombay / Juhu,MH,Mumbai Suburban,27.9,26.9,29,25.3,1006.6,4,19.1167,72.8333,8.2
2021-07-31 00:00:00,July,Monsoon,Bombay / Juhu,MH,Mumbai Suburban,28.1,26.5,30,25.3,1007.5,4,19.1167,72.8333,5.3
2021-08-01 00:00:00,August,Monsoon,Bombay / Juhu,MH,Mumbai Suburban,27.5,26.6,29,24.5,1006.3,4,19.1167,72.8333,4.5
2021-08-02 00:00:00,August,Monsoon,Bombay / Juhu,MH,Mumbai Suburban,27,25.8,29,23.7,1006.5,4,19.1167,72.8333,5.5
2021-08-03 00:00:00,August,Monsoon,Bombay / Juhu,MH,Mumbai Suburban,27,25.6,29,20.6,1007.5,4,19.1167,72.8333,13.3
2021-08-04 00:00:00,August,Monsoon,Bombay / Juhu,MH,Mumbai Suburban,27.5,25.6,29,19.8,1007.6,4,19.1167,72.8333,6
2021-08-05 00:00:00,August,Monsoon,Bombay / Juhu,MH,Mumbai Suburban,27.8,25.8,31,19.9,1005.9,4,19.1167,72.8333,3.4
2021-08-06 00:00:00,August,Monsoon,Bombay / Juhu,MH,Mumbai Suburban,28,26.3,31,18.3,1005.1,4,19.1167,72.8333,3.2
2021-08-07 00:00:00,August,Monsoon,Bombay / Juhu,MH,Mumbai Suburban,28,26,31,16.3,1005.8,4,19.1167,72.8333,4
2021-08-08 00:00:00,August,Monsoon,Bombay / Juhu,MH,Mumbai Suburban,27.5,25.4,30,10.9,1007.1,4,19.1167,72.8333,4.2
2021-08-09 00:00:00,August,Monsoon,Bombay / Juhu,MH,Mumbai Suburban,27.7,25.6,31,11.9,1008.3,4,19.1167,72.8333,3.8
2021-08-10 00:00:00,August,Monsoon,Bombay / Juhu,MH,Mumbai Suburban,27.9,26,31,12.6,1008.3,4,19.1167,72.8333,3.8
2021-08-11 00:00:00,August,Monsoon,Bombay / Juhu,MH,Mumbai Suburban,27.6,25.6,30,12.7,1008.1,4,19.1167,72.8333,5.2
2021-08-12 00:00:00,August,Monsoon,Bombay / Juhu,MH,Mumbai Suburban,27.2,25.6,30,14.7,1008.8,4,19.1167,72.8333,3.7
2021-08-13 00:00:00,August,Monsoon,Bombay / Juhu,MH,Mumbai Suburban,27.6,25.9,30,15.9,1007.7,4,19.1167,72.8333,3.8
2021-08-14 00:00:00,August,Monsoon,Bombay / Juhu,MH,Mumbai Suburban,26.7,25.3,30,14.4,1006,4,19.1167,72.8333,7.2
2021-08-15 00:00:00,August,Monsoon,Bombay / Juhu,MH,Mumbai Suburban,26.4,25,28,13.1,1006.3,4,19.1167,72.8333,8.9
2021-08-16 00:00:00,August,Monsoon,Bombay / Juhu,MH,Mumbai Suburban,26.4,25.3,28,8.1,1007.6,4,19.1167,72.8333,3.1
2021-08-17 00:00:00,August,Monsoon,Bombay / Juhu,MH,Mumbai Suburban,26.8,25.9,29,7.8,1007.6,4,19.1167,72.8333,4
2021-08-18 00:00:00,August,Monsoon,Bombay / Juhu,MH,Mumbai Suburban,25.8,25,26.3,9.6,1006.1,4,19.1167,72.8333,18.8
2021-08-19 00:00:00,August,Monsoon,Bombay / Juhu,MH,Mumbai Suburban,25.6,25,26.3,10.7,1005.7,4,19.1167,72.8333,30.2
2021-08-20 00:00:00,August,Monsoon,Bombay / Juhu,MH,Mumbai Suburban,26.2,25,28,10.6,1006.1,4,19.1167,72.8333,4.8
2021-08-21 00:00:00,August,Monsoon,Bombay / Juhu,MH,Mumbai Suburban,25.7,25,27,13.7,1007.3,4,19.1167,72.8333,55.3
2021-08-22 00:00:00,August,Monsoon,Bombay / Juhu,MH,Mumbai Suburban,26.8,25.6,29,9.2,1007.8,4,19.1167,72.8333,2.2
2021-08-23 00:00:00,August,Monsoon,Bombay / Juhu,MH,Mumbai Suburban,27.7,25.4,30,10,1007.8,4,19.1167,72.8333,2
2021-08-24 00:00:00,August,Monsoon,Bombay / Juhu,MH,Mumbai Suburban,27.8,26,30,9.9,1007.6,4,19.1167,72.8333,2.2
2021-08-25 00:00:00,August,Monsoon,Bombay / Juhu,MH,Mumbai Suburban,27.7,26.3,30,9.8,1006.7,4,19.1167,72.8333,1.2
2021-08-26 00:00:00,August,Monsoon,Bombay / Juhu,MH,Mumbai Suburban,27.6,26,30,12.4,1005.1,4,19.1167,72.8333,2.3
2021-08-27 00:00:00,August,Monsoon,Bombay / Juhu,MH,Mumbai Suburban,27.3,25.7,30,10.8,1004.9,4,19.1167,72.8333,3.1
2021-08-28 00:00:00,August,Monsoon,Bombay / Juhu,MH,Mumbai Suburban,28,25.7,31,9.6,1003.6,4,19.1167,72.8333,1.6
2021-08-29 00:00:00,August,Monsoon,Bombay / Juhu,MH,Mumbai Suburban,27.3,25.4,31,8.5,1003.6,4,19.1167,72.8333,1.7
2021-08-30 00:00:00,August,Monsoon,Bombay / Juhu,MH,Mumbai Suburban,27.6,26,30,10.5,1004.9,4,19.1167,72.8333,3.5
2021-08-31 00:00:00,August,Monsoon,Bombay / Juhu,MH,Mumbai Suburban,25.9,25,26.7,13.5,1005,4,19.1167,72.8333,78.6
2021-09-01 00:00:00,September,Monsoon,Bombay / Juhu,MH,Mumbai Suburban,27,25.6,30,13.7,1005.7,4,19.1167,72.8333,15
2021-09-02 00:00:00,September,Monsoon,Bombay / Juhu,MH,Mumbai Suburban,27.2,25.8,30,16.8,1005.5,4,19.1167,72.8333,6.2
2021-09-03 00:00:00,September,Monsoon,Bombay / Juhu,MH,Mumbai Suburban,26.7,25.7,30,14.6,1005.1,4,19.1167,72.8333,16.9
2021-09-04 00:00:00,September,Monsoon,Bombay / Juhu,MH,Mumbai Suburban,26.7,25,30,11.3,1005.6,4,19.1167,72.8333,19.1
2021-09-05 00:00:00,September,Monsoon,Bombay / Juhu,MH,Mumbai Suburban,26.9,25.4,30,10.3,1005.8,4,19.1167,72.8333,8.2
2021-09-06 00:00:00,September,Monsoon,Bombay / Juhu,MH,Mumbai Suburban,27,25.3,30,11.1,1005.2,4,19.1167,72.8333,15.7
2021-09-07 00:00:00,September,Monsoon,Bombay / Juhu,MH,Mumbai Suburban,26.9,25.6,29,8.1,1003.2,4,19.1167,72.8333,30.2
2021-09-08 00:00:00,September,Monsoon,Bombay / Juhu,MH,Mumbai Suburban,27.1,25.6,29,21.7,1002.4,4,19.1167,72.8333,28.1
2021-09-09 00:00:00,September,Monsoon,Bombay / Juhu,MH,Mumbai Suburban,27.6,26.4,30,22.2,1006,4,19.1167,72.8333,7.6
2021-09-10 00:00:00,September,Monsoon,Bombay / Juhu,MH,Mumbai Suburban,27.4,25.8,30,20.1,1006.1,4,19.1167,72.8333,11.8
2021-09-11 00:00:00,September,Monsoon,Bombay / Juhu,MH,Mumbai Suburban,26.7,25.8,29,20.8,1003.8,4,19.1167,72.8333,46.1
2021-09-12 00:00:00,September,Monsoon,Bombay / Juhu,MH,Mumbai Suburban,26.6,25,29,17,1002,4,19.1167,72.8333,39.7
2021-09-13 00:00:00,September,Monsoon,Bombay / Juhu,MH,Mumbai Suburban,27,26,28,23.4,1001.3,4,19.1167,72.8333,34.8
2021-09-14 00:00:00,September,Monsoon,Bombay / Juhu,MH,Mumbai Suburban,27.9,26.8,30,20.9,1002.7,4,19.1167,72.8333,13.6
2021-09-15 00:00:00,September,Monsoon,Bombay / Juhu,MH,Mumbai Suburban,27.7,26.2,30,20.3,1004.1,4,19.1167,72.8333,2.6
2021-09-16 00:00:00,September,Monsoon,Bombay / Juhu,MH,Mumbai Suburban,27.7,26.1,30,17.8,1005.3,4,19.1167,72.8333,2.2
2021-09-17 00:00:00,September,Monsoon,Bombay / Juhu,MH,Mumbai Suburban,27.9,25.9,30,14.5,1005.9,4,19.1167,72.8333,1.6
2021-09-18 00:00:00,September,Monsoon,Bombay / Juhu,MH,Mumbai Suburban,27.6,25.6,31,14.5,1007.5,4,19.1167,72.8333,5.1
2021-09-19 00:00:00,September,Monsoon,Bombay / Juhu,MH,Mumbai Suburban,27.3,25.4,30,11.2,1009.4,4,19.1167,72.8333,10.7
2021-09-20 00:00:00,September,Monsoon,Bombay / Juhu,MH,Mumbai Suburban,27.3,25,31,9.3,1008.8,4,19.1167,72.8333,6.7
2021-09-21 00:00:00,September,Monsoon,Bombay / Juhu,MH,Mumbai Suburban,26.4,25,28,14.6,1007.5,4,19.1167,72.8333,20.6
2021-09-22 00:00:00,September,Monsoon,Bombay / Juhu,MH,Mumbai Suburban,26.7,25.4,29,13.9,1006,4,19.1167,72.8333,16.7
2021-09-23 00:00:00,September,Monsoon,Bombay / Juhu,MH,Mumbai Suburban,27.6,25,31,8.1,1006,4,19.1167,72.8333,4.6
2021-09-24 00:00:00,September,Monsoon,Bombay / Juhu,MH,Mumbai Suburban,27.8,26.2,31,8.4,1007.1,4,19.1167,72.8333,1.2
2021-09-25 00:00:00,September,Monsoon,Bombay / Juhu,MH,Mumbai Suburban,27.9,25.5,31,8.8,1007.1,4,19.1167,72.8333,2.7
2021-09-26 00:00:00,September,Monsoon,Bombay / Juhu,MH,Mumbai Suburban,27.3,25.6,30,8.2,1005.6,4,19.1167,72.8333,2
2021-09-27 00:00:00,September,Monsoon,Bombay / Juhu,MH,Mumbai Suburban,26.4,25,29,8,1004.1,4,19.1167,72.8333,15.6
2021-09-28 00:00:00,September,Monsoon,Bombay / Juhu,MH,Mumbai Suburban,26.3,24,28,11.3,1003.5,4,19.1167,72.8333,16.7
2021-09-29 00:00:00,September,Monsoon,Bombay / Juhu,MH,Mumbai Suburban,27.3,25.8,30,20.5,1004.3,4,19.1167,72.8333,27.9
2021-09-30 00:00:00,September,Monsoon,Bombay / Juhu,MH,Mumbai Suburban,27.5,25.5,31,16.8,1007.6,4,19.1167,72.8333,7
2022-07-01 00:00:00,July,Monsoon,Bombay / Juhu,MH,Mumbai Suburban,25.8,25,27,14.5,1003.5,4,19.1167,72.8333,40.6
2022-07-02 00:00:00,July,Monsoon,Bombay / Juhu,MH,Mumbai Suburban,27.5,25.4,30,17,1002.3,4,19.1167,72.8333,30.4
2022-07-03 00:00:00,July,Monsoon,Bombay / Juhu,MH,Mumbai Suburban,26.5,25.7,29,19,1002.6,4,19.1167,72.8333,21.6
2022-07-04 00:00:00,July,Monsoon,Bombay / Juhu,MH,Mumbai Suburban,26.8,25.8,29,16.4,1001.6,4,19.1167,72.8333,37.3
2022-07-05 00:00:00,July,Monsoon,Bombay / Juhu,MH,Mumbai Suburban,26,25,27,15.4,1000.3,4,19.1167,72.8333,61.6
2022-07-06 00:00:00,July,Monsoon,Bombay / Juhu,MH,Mumbai Suburban,26.1,25,27,18.5,1001.9,4,19.1167,72.8333,50.3
2022-07-07 00:00:00,July,Monsoon,Bombay / Juhu,MH,Mumbai Suburban,26.9,25.7,28,21.1,1004.8,4,19.1167,72.8333,38.6
2022-07-08 00:00:00,July,Monsoon,Bombay / Juhu,MH,Mumbai Suburban,27.5,26.1,29,21.7,1004,4,19.1167,72.8333,29.9
2022-07-09 00:00:00,July,Monsoon,Bombay / Juhu,MH,Mumbai Suburban,27,24.4,28,23.5,1002.6,4,19.1167,72.8333,43.1
2022-07-10 00:00:00,July,Monsoon,Bombay / Juhu,MH,Mumbai Suburban,26.5,24.9,28,20.6,1004,4,19.1167,72.8333,45.3
2022-07-11 00:00:00,July,Monsoon,Bombay / Juhu,MH,Mumbai Suburban,26.1,24.2,28,22.5,1005,4,19.1167,72.8333,79.4
2022-07-12 00:00:00,July,Monsoon,Bombay / Juhu,MH,Mumbai Suburban,26,24,28,24.1,1004.8,4,19.1167,72.8333,60.4
2022-07-13 00:00:00,July,Monsoon,Bombay / Juhu,MH,Mumbai Suburban,25.7,25,27,24.7,1001.9,4,19.1167,72.8333,78.2
2022-07-14 00:00:00,July,Monsoon,Bombay / Juhu,MH,Mumbai Suburban,25.9,25,27,26.8,998.9,4,19.1167,72.8333,67
2022-07-15 00:00:00,July,Monsoon,Bombay / Juhu,MH,Mumbai Suburban,26.8,26,28,26.9,999.4,4,19.1167,72.8333,26.4
2022-07-16 00:00:00,July,Monsoon,Bombay / Juhu,MH,Mumbai Suburban,27.1,26,29,22.8,1000.4,4,19.1167,72.8333,31.1
2022-07-17 00:00:00,July,Monsoon,Bombay / Juhu,MH,Mumbai Suburban,27.5,25.8,29,18,1003.7,4,19.1167,72.8333,16.3
2022-07-18 00:00:00,July,Monsoon,Bombay / Juhu,MH,Mumbai Suburban,26.7,24.8,28,17.3,1004.6,4,19.1167,72.8333,30.8
2022-07-19 00:00:00,July,Monsoon,Bombay / Juhu,MH,Mumbai Suburban,26.9,24.8,29,17.4,1005.3,4,19.1167,72.8333,33
2022-07-20 00:00:00,July,Monsoon,Bombay / Juhu,MH,Mumbai Suburban,26.9,25.5,29,14.9,1006.4,4,19.1167,72.8333,9.1
2022-07-21 00:00:00,July,Monsoon,Bombay / Juhu,MH,Mumbai Suburban,26.9,25,29,14.7,1006.6,4,19.1167,72.8333,7
2022-07-22 00:00:00,July,Monsoon,Bombay / Juhu,MH,Mumbai Suburban,27.6,25.8,29,15.9,1007.2,4,19.1167,72.8333,3.1
2022-07-23 00:00:00,July,Monsoon,Bombay / Juhu,MH,Mumbai Suburban,26.9,25.4,29,18.4,1005.3,4,19.1167,72.8333,22.7
2022-07-24 00:00:00,July,Monsoon,Bombay / Juhu,MH,Mumbai Suburban,26.8,24.9,29,16.8,1004.6,4,19.1167,72.8333,31.4
2022-07-25 00:00:00,July,Monsoon,Bombay / Juhu,MH,Mumbai Suburban,26.9,25.1,29,16.2,1006.1,4,19.1167,72.8333,14.2
2022-07-26 00:00:00,July,Monsoon,Bombay / Juhu,MH,Mumbai Suburban,27.1,26,29,10.7,1007.9,4,19.1167,72.8333,5.4
2022-07-27 00:00:00,July,Monsoon,Bombay / Juhu,MH,Mumbai Suburban,26.5,25,29,7.1,1007.9,4,19.1167,72.8333,2.6
2022-07-28 00:00:00,July,Monsoon,Bombay / Juhu,MH,Mumbai Suburban,27.7,25.4,30,7.8,1008.6,4,19.1167,72.8333,0.8
2022-07-29 00:00:00,July,Monsoon,Bombay / Juhu,MH,Mumbai Suburban,28.2,26.4,31,11.3,1008.1,4,19.1167,72.8333,0.6
2022-07-30 00:00:00,July,Monsoon,Bombay / Juhu,MH,Mumbai Suburban,28.1,26.5,30,11.2,1007.3,4,19.1167,72.8333,0.2
2022-07-31 00:00:00,July,Monsoon,Bombay / Juhu,MH,Mumbai Suburban,28.5,26.2,31,11.4,1005.8,4,19.1167,72.8333,0.3
2022-08-01 00:00:00,August,Monsoon,Bombay / Juhu,MH,Mumbai Suburban,28.1,26.4,31,14,1005.8,4,19.1167,72.8333,2.1
2022-08-02 00:00:00,August,Monsoon,Bombay / Juhu,MH,Mumbai Suburban,28.2,26.4,31,13.4,1004.8,4,19.1167,72.8333,1
2022-08-03 00:00:00,August,Monsoon,Bombay / Juhu,MH,Mumbai Suburban,27.9,26,31,8.5,1003.9,4,19.1167,72.8333,3.2
2022-08-04 00:00:00,August,Monsoon,Bombay / Juhu,MH,Mumbai Suburban,27.1,26,29,8.7,1003,4,19.1167,72.8333,10.1
2022-08-05 00:00:00,August,Monsoon,Bombay / Juhu,MH,Mumbai Suburban,26.7,26,29,8.3,1001.2,4,19.1167,72.8333,28.5
2022-08-06 00:00:00,August,Monsoon,Bombay / Juhu,MH,Mumbai Suburban,27.1,25,30,10.1,1000.1,4,19.1167,72.8333,22
2022-08-07 00:00:00,August,Monsoon,Bombay / Juhu,MH,Mumbai Suburban,26.8,25,30,9.9,999.6,4,19.1167,72.8333,45.6
2022-08-08 00:00:00,August,Monsoon,Bombay / Juhu,MH,Mumbai Suburban,26.5,25,27,11.5,998.2,4,19.1167,72.8333,15.6
2022-08-09 00:00:00,August,Monsoon,Bombay / Juhu,MH,Mumbai Suburban,26.6,26,27,28.5,997.2,4,19.1167,72.8333,125.2
2022-08-10 00:00:00,August,Monsoon,Bombay / Juhu,MH,Mumbai Suburban,26.5,25.9,28,29.4,997,4,19.1167,72.8333,39.2
2022-08-11 00:00:00,August,Monsoon,Bombay / Juhu,MH,Mumbai Suburban,26.8,25,28,31.4,998.6,4,19.1167,72.8333,22.7
2022-08-12 00:00:00,August,Monsoon,Bombay / Juhu,MH,Mumbai Suburban,26.5,25,28,30.9,1002,4,19.1167,72.8333,18.8
2022-08-13 00:00:00,August,Monsoon,Bombay / Juhu,MH,Mumbai Suburban,27,25.9,29,22.3,1004.1,4,19.1167,72.8333,20.3
2022-08-14 00:00:00,August,Monsoon,Bombay / Juhu,MH,Mumbai Suburban,26.9,25,28,22.3,1005.7,4,19.1167,72.8333,10.2
2022-08-15 00:00:00,August,Monsoon,Bombay / Juhu,MH,Mumbai Suburban,26.6,25.5,28,21.2,1005.9,4,19.1167,72.8333,37.5
2022-08-16 00:00:00,August,Monsoon,Bombay / Juhu,MH,Mumbai Suburban,25.9,24,27,24.5,1004.8,4,19.1167,72.8333,60.2
2022-08-17 00:00:00,August,Monsoon,Bombay / Juhu,MH,Mumbai Suburban,26.5,25.6,29,21.7,1006.2,4,19.1167,72.8333,23.5
2022-08-18 00:00:00,August,Monsoon,Bombay / Juhu,MH,Mumbai Suburban,26.8,25.4,28,24,1007,4,19.1167,72.8333,11.3
2022-08-19 00:00:00,August,Monsoon,Bombay / Juhu,MH,Mumbai Suburban,26.4,25.5,27.7,21.2,1007.5,4,19.1167,72.8333,16.2
2022-08-20 00:00:00,August,Monsoon,Bombay / Juhu,MH,Mumbai Suburban,26.6,25.8,27.6,20.7,1007.3,4,19.1167,72.8333,3
2022-08-21 00:00:00,August,Monsoon,Bombay / Juhu,MH,Mumbai Suburban,26.5,25.6,27.4,21.5,1006.3,4,19.1167,72.8333,2.9
2022-08-22 00:00:00,August,Monsoon,Bombay / Juhu,MH,Mumbai Suburban,26.7,25.9,28,21.6,1004.6,4,19.1167,72.8333,6.6
2022-08-23 00:00:00,August,Monsoon,Bombay / Juhu,MH,Mumbai Suburban,26.9,25.6,29,19.5,1004.8,4,19.1167,72.8333,8.8
2022-08-24 00:00:00,August,Monsoon,Bombay / Juhu,MH,Mumbai Suburban,26.7,25.2,29,18.2,1007.3,4,19.1167,72.8333,11.6
2022-08-25 00:00:00,August,Monsoon,Bombay / Juhu,MH,Mumbai Suburban,27,25.3,29,13,1007.1,4,19.1167,72.8333,5.3
2022-08-26 00:00:00,August,Monsoon,Bombay / Juhu,MH,Mumbai Suburban,26.9,24.9,29,9.6,1007.2,4,19.1167,72.8333,2.1
2022-08-27 00:00:00,August,Monsoon,Bombay / Juhu,MH,Mumbai Suburban,27.2,25,29,11.2,1007.8,4,19.1167,72.8333,1.9
2022-08-28 00:00:00,August,Monsoon,Bombay / Juhu,MH,Mumbai Suburban,27.2,25,29,10.4,1007.4,4,19.1167,72.8333,1.6
2022-08-29 00:00:00,August,Monsoon,Bombay / Juhu,MH,Mumbai Suburban,27,24.8,30,9.3,1008.5,4,19.1167,72.8333,0.4
2022-08-30 00:00:00,August,Monsoon,Bombay / Juhu,MH,Mumbai Suburban,27.7,26,30,11.1,1008.5,4,19.1167,72.8333,0.3
2022-08-31 00:00:00,August,Monsoon,Bombay / Juhu,MH,Mumbai Suburban,28.2,26.4,31,11.4,1006.7,4,19.1167,72.8333,1.5
2022-09-01 00:00:00,September,Monsoon,Bombay / Juhu,MH,Mumbai Suburban,27.6,25.2,30,9,1006.6,4,19.1167,72.8333,15.8
2022-09-02 00:00:00,September,Monsoon,Bombay / Juhu,MH,Mumbai Suburban,28.2,25.9,31,8.8,1006.7,4,19.1167,72.8333,0.9
2022-09-03 00:00:00,September,Monsoon,Bombay / Juhu,MH,Mumbai Suburban,28.2,26.3,30,9.7,1007.3,4,19.1167,72.8333,0.6
2022-09-04 00:00:00,September,Monsoon,Bombay / Juhu,MH,Mumbai Suburban,27.5,26,29,8.4,1007.4,4,19.1167,72.8333,2.7
2022-09-05 00:00:00,September,Monsoon,Bombay / Juhu,MH,Mumbai Suburban,28.1,26.9,30,11.5,1007.5,4,19.1167,72.8333,8.3
2022-09-06 00:00:00,September,Monsoon,Bombay / Juhu,MH,Mumbai Suburban,27.7,26,30,8.5,1007.1,4,19.1167,72.8333,2.4
2022-09-07 00:00:00,September,Monsoon,Bombay / Juhu,MH,Mumbai Suburban,27.6,26,30.3,8.9,1006.6,4,19.1167,72.8333,7.4
2022-09-08 00:00:00,September,Monsoon,Bombay / Juhu,MH,Mumbai Suburban,26.4,24.7,28.6,8.3,1005.6,4,19.1167,72.8333,28.1
2022-09-09 00:00:00,September,Monsoon,Bombay / Juhu,MH,Mumbai Suburban,27.3,26.1,30,7.7,1004.1,4,19.1167,72.8333,11.6
2022-09-10 00:00:00,September,Monsoon,Bombay / Juhu,MH,Mumbai Suburban,27.4,26,30,7.2,1004.3,4,19.1167,72.8333,8.2
2022-09-11 00:00:00,September,Monsoon,Bombay / Juhu,MH,Mumbai Suburban,27.3,25.9,29,6.8,1002.2,4,19.1167,72.8333,15.9
2022-09-12 00:00:00,September,Monsoon,Bombay / Juhu,MH,Mumbai Suburban,26.8,25,29,7.5,1001.2,4,19.1167,72.8333,43
2022-09-13 00:00:00,September,Monsoon,Bombay / Juhu,MH,Mumbai Suburban,25.9,24,27,13.3,1002.8,4,19.1167,72.8333,75.1
2022-09-14 00:00:00,September,Monsoon,Bombay / Juhu,MH,Mumbai Suburban,26.3,25,28,18.4,1005.8,4,19.1167,72.8333,72.5
2022-09-15 00:00:00,September,Monsoon,Bombay / Juhu,MH,Mumbai Suburban,26.6,25.4,29,21.3,1007,4,19.1167,72.8333,65.4
2022-09-16 00:00:00,September,Monsoon,Bombay / Juhu,MH,Mumbai Suburban,25.6,24,27,17.5,1005.9,4,19.1167,72.8333,61.6
2022-09-17 00:00:00,September,Monsoon,Bombay / Juhu,MH,Mumbai Suburban,26.3,24.6,29,11.4,1006.4,4,19.1167,72.8333,47.1
2022-09-18 00:00:00,September,Monsoon,Bombay / Juhu,MH,Mumbai Suburban,24.9,24,25.6,9.6,1008.3,4,19.1167,72.8333,56.5
2022-09-19 00:00:00,September,Monsoon,Bombay / Juhu,MH,Mumbai Suburban,24.9,23,26.9,8.7,1009.2,4,19.1167,72.8333,2.4
2022-09-20 00:00:00,September,Monsoon,Bombay / Juhu,MH,Mumbai Suburban,25.8,24,27,8.2,1008.7,4,19.1167,72.8333,4.3
2022-09-21 00:00:00,September,Monsoon,Bombay / Juhu,MH,Mumbai Suburban,24.8,23,27.5,7.2,1008.9,4,19.1167,72.8333,8
2022-09-22 00:00:00,September,Monsoon,Bombay / Juhu,MH,Mumbai Suburban,24.5,23,26.1,7.8,1009.2,4,19.1167,72.8333,14.3
2022-09-23 00:00:00,September,Monsoon,Bombay / Juhu,MH,Mumbai Suburban,26.9,23,30,10.4,1008.9,4,19.1167,72.8333,1
2022-09-24 00:00:00,September,Monsoon,Bombay / Juhu,MH,Mumbai Suburban,26.2,24,30,9.8,1008.1,4,19.1167,72.8333,7.6
2022-09-25 00:00:00,September,Monsoon,Bombay / Juhu,MH,Mumbai Suburban,26.5,24.1,29,7.5,1008.1,4,19.1167,72.8333,5.8
2022-09-26 00:00:00,September,Monsoon,Bombay / Juhu,MH,Mumbai Suburban,26,24,28,7.8,1010,4,19.1167,72.8333,5.5
2022-09-27 00:00:00,September,Monsoon,Bombay / Juhu,MH,Mumbai Suburban,26.6,25,29,5.4,1008.8,4,19.1167,72.8333,0.9
2022-09-28 00:00:00,September,Monsoon,Bombay / Juhu,MH,Mumbai Suburban,26.7,24.8,29,6.8,1007.6,4,19.1167,72.8333,1.2
2022-09-29 00:00:00,September,Monsoon,Bombay / Juhu,MH,Mumbai Suburban,26.7,24.8,29,6.5,1007.4,4,19.1167,72.8333,2.5
2022-09-30 00:00:00,September,Monsoon,Bombay / Juhu,MH,Mumbai Suburban,27.3,25.2,30,8.4,1007.9,4,19.1167,72.8333,1
2023-07-01 00:00:00,July,Monsoon,Bombay / Juhu,MH,Mumbai Suburban,27,25.4,29,22.8,1006.6,4,19.1167,72.8333,55.4
2023-07-02 00:00:00,July,Monsoon,Bombay / Juhu,MH,Mumbai Suburban,27,26,30,19.6,1005.7,4,19.1167,72.8333,43.1
2023-07-03 00:00:00,July,Monsoon,Bombay / Juhu,MH,Mumbai Suburban,28,26.5,31,20.9,1003.8,4,19.1167,72.8333,18.9
2023-07-04 00:00:00,July,Monsoon,Bombay / Juhu,MH,Mumbai Suburban,26.9,26,28,14.7,1002.3,4,19.1167,72.8333,17.2
2023-07-05 00:00:00,July,Monsoon,Bombay / Juhu,MH,Mumbai Suburban,27.1,26.2,28,15.8,1000.7,4,19.1167,72.8333,15
2023-07-06 00:00:00,July,Monsoon,Bombay / Juhu,MH,Mumbai Suburban,26.3,25.6,27.7,27.6,1002.3,4,19.1167,72.8333,86.1
2023-07-07 00:00:00,July,Monsoon,Bombay / Juhu,MH,Mumbai Suburban,27.5,26,30,25,1002.8,4,19.1167,72.8333,80.2
2023-07-08 00:00:00,July,Monsoon,Bombay / Juhu,MH,Mumbai Suburban,28.1,25.9,30,27.6,1004.7,4,19.1167,72.8333,21
2023-07-09 00:00:00,July,Monsoon,Bombay / Juhu,MH,Mumbai Suburban,27.7,26,30,26,1005.6,4,19.1167,72.8333,9.2
2023-07-10 00:00:00,July,Monsoon,Bombay / Juhu,MH,Mumbai Suburban,28.7,26.6,31,23,1006.2,4,19.1167,72.8333,4
2023-07-11 00:00:00,July,Monsoon,Bombay / Juhu,MH,Mumbai Suburban,28.4,27,30,20.3,1006.5,4,19.1167,72.8333,5.5
2023-07-12 00:00:00,July,Monsoon,Bombay / Juhu,MH,Mumbai Suburban,28,26,30,16.3,1005.4,4,19.1167,72.8333,12.7
2023-07-13 00:00:00,July,Monsoon,Bombay / Juhu,MH,Mumbai Suburban,27.5,25.5,30,17.5,1005.2,4,19.1167,72.8333,22.2
2023-07-14 00:00:00,July,Monsoon,Bombay / Juhu,MH,Mumbai Suburban,26.2,25,28,18.1,1006.8,4,19.1167,72.8333,41.8
2023-07-15 00:00:00,July,Monsoon,Bombay / Juhu,MH,Mumbai Suburban,27.7,25.5,30,19.4,1007.1,4,19.1167,72.8333,18.4
2023-07-16 00:00:00,July,Monsoon,Bombay / Juhu,MH,Mumbai Suburban,27.3,25.1,30,18.5,1006.1,4,19.1167,72.8333,28.5
2023-07-17 00:00:00,July,Monsoon,Bombay / Juhu,MH,Mumbai Suburban,26.3,25,28,21.9,1005.1,4,19.1167,72.8333,45
2023-07-18 00:00:00,July,Monsoon,Bombay / Juhu,MH,Mumbai Suburban,26.6,25.9,28,25.3,1004,4,19.1167,72.8333,66
2023-07-19 00:00:00,July,Monsoon,Bombay / Juhu,MH,Mumbai Suburban,26.7,26,28,26.6,1001.7,4,19.1167,72.8333,48.8
2023-07-20 00:00:00,July,Monsoon,Bombay / Juhu,MH,Mumbai Suburban,27,26.3,28,27.7,1002.3,4,19.1167,72.8333,34.2
2023-07-21 00:00:00,July,Monsoon,Bombay / Juhu,MH,Mumbai Suburban,26.5,25,27.4,23.4,1004.1,4,19.1167,72.8333,27.8
2023-07-22 00:00:00,July,Monsoon,Bombay / Juhu,MH,Mumbai Suburban,26.5,25.1,28,31.4,1004.7,4,19.1167,72.8333,49.3
2023-07-23 00:00:00,July,Monsoon,Bombay / Juhu,MH,Mumbai Suburban,26.7,25.4,29,25.7,1003.6,4,19.1167,72.8333,43.7
2023-07-24 00:00:00,July,Monsoon,Bombay / Juhu,MH,Mumbai Suburban,26.7,26,28,27.2,1003.8,4,19.1167,72.8333,61.7
2023-07-25 00:00:00,July,Monsoon,Bombay / Juhu,MH,Mumbai Suburban,26.8,25.6,28,23,1005.8,4,19.1167,72.8333,45.8
2023-07-26 00:00:00,July,Monsoon,Bombay / Juhu,MH,Mumbai Suburban,26.3,25,28,23.5,1006.8,4,19.1167,72.8333,75.9
2023-07-27 00:00:00,July,Monsoon,Bombay / Juhu,MH,Mumbai Suburban,26.1,25,27.1,26.9,1006.9,4,19.1167,72.8333,78.5
2023-07-28 00:00:00,July,Monsoon,Bombay / Juhu,MH,Mumbai Suburban,26.6,25.8,28,24.8,1007.1,4,19.1167,72.8333,38.1
2023-07-29 00:00:00,July,Monsoon,Bombay / Juhu,MH,Mumbai Suburban,27.1,25,29,23.3,1007.5,4,19.1167,72.8333,15.1
2023-07-30 00:00:00,July,Monsoon,Bombay / Juhu,MH,Mumbai Suburban,27.5,26.4,30,22.4,1006.7,4,19.1167,72.8333,13.7
2023-07-31 00:00:00,July,Monsoon,Bombay / Juhu,MH,Mumbai Suburban,27.4,26,29,24.1,1006.3,4,19.1167,72.8333,12
2023-08-01 00:00:00,August,Monsoon,Bombay / Juhu,MH,Mumbai Suburban,27.4,26,29,23.9,1006.3,4,19.1167,72.8333,6.5
2023-08-02 00:00:00,August,Monsoon,Bombay / Juhu,MH,Mumbai Suburban,27.4,25.5,29,25.4,1007,4,19.1167,72.8333,6.9
2023-08-03 00:00:00,August,Monsoon,Bombay / Juhu,MH,Mumbai Suburban,27.6,26.5,29,26.4,1006.3,4,19.1167,72.8333,3.8
2023-08-04 00:00:00,August,Monsoon,Bombay / Juhu,MH,Mumbai Suburban,27.8,27,29,24.3,1007.4,4,19.1167,72.8333,2.1
2023-08-05 00:00:00,August,Monsoon,Bombay / Juhu,MH,Mumbai Suburban,27.9,26.5,29,23.8,1009.2,4,19.1167,72.8333,1.4
2023-08-06 00:00:00,August,Monsoon,Bombay / Juhu,MH,Mumbai Suburban,27.8,26.5,30,23,1008.7,4,19.1167,72.8333,3.5
2023-08-07 00:00:00,August,Monsoon,Bombay / Juhu,MH,Mumbai Suburban,27.7,26.3,30,23.3,1007,4,19.1167,72.8333,3.1
2023-08-08 00:00:00,August,Monsoon,Bombay / Juhu,MH,Mumbai Suburban,27.8,25.8,30,22.2,1007.3,4,19.1167,72.8333,1.6
2023-08-09 00:00:00,August,Monsoon,Bombay / Juhu,MH,Mumbai Suburban,27.9,26.1,30,20.1,1009.5,4,19.1167,72.8333,3.4
2023-08-10 00:00:00,August,Monsoon,Bombay / Juhu,MH,Mumbai Suburban,27.8,26.1,30,19.7,1010,4,19.1167,72.8333,9.1
2023-08-11 00:00:00,August,Monsoon,Bombay / Juhu,MH,Mumbai Suburban,28,25.8,30,17.8,1009.6,4,19.1167,72.8333,3.7
2023-08-12 00:00:00,August,Monsoon,Bombay / Juhu,MH,Mumbai Suburban,27.6,24.6,30,19.8,1009.4,4,19.1167,72.8333,7.8
2023-08-13 00:00:00,August,Monsoon,Bombay / Juhu,MH,Mumbai Suburban,28,26,30,23.6,1007.8,4,19.1167,72.8333,2.4
2023-08-14 00:00:00,August,Monsoon,Bombay / Juhu,MH,Mumbai Suburban,28.2,26.4,30,22.5,1008.1,4,19.1167,72.8333,2.3
2023-08-15 00:00:00,August,Monsoon,Bombay / Juhu,MH,Mumbai Suburban,28,26.7,30,20.2,1008.5,4,19.1167,72.8333,2.2
2023-08-16 00:00:00,August,Monsoon,Bombay / Juhu,MH,Mumbai Suburban,27.9,25.7,30,18.9,1009.2,4,19.1167,72.8333,4.2
2023-08-17 00:00:00,August,Monsoon,Bombay / Juhu,MH,Mumbai Suburban,27.8,25.7,30,20.3,1009.5,4,19.1167,72.8333,4.4
2023-08-18 00:00:00,August,Monsoon,Bombay / Juhu,MH,Mumbai Suburban,27.9,26.1,30,19.9,1008.3,4,19.1167,72.8333,1.6
2023-08-19 00:00:00,August,Monsoon,Bombay / Juhu,MH,Mumbai Suburban,27.1,25,30,20.3,1006.8,4,19.1167,72.8333,6.8
2023-08-20 00:00:00,August,Monsoon,Bombay / Juhu,MH,Mumbai Suburban,27.5,25.4,29,20.6,1006.9,4,19.1167,72.8333,7
2023-08-21 00:00:00,August,Monsoon,Bombay / Juhu,MH,Mumbai Suburban,27.4,25.2,30,17,1007.3,4,19.1167,72.8333,4.2
2023-08-22 00:00:00,August,Monsoon,Bombay / Juhu,MH,Mumbai Suburban,26.8,25.6,29,14.1,1007.4,4,19.1167,72.8333,4.8
2023-08-23 00:00:00,August,Monsoon,Bombay / Juhu,MH,Mumbai Suburban,27.5,25.6,29,17.6,1007.3,4,19.1167,72.8333,2.2
2023-08-24 00:00:00,August,Monsoon,Bombay / Juhu,MH,Mumbai Suburban,27.5,25.9,30,17.8,1006.4,4,19.1167,72.8333,9.7
2023-08-25 00:00:00,August,Monsoon,Bombay / Juhu,MH,Mumbai Suburban,27.3,25.7,30,19.3,1006.2,4,19.1167,72.8333,8.3
2023-08-26 00:00:00,August,Monsoon,Bombay / Juhu,MH,Mumbai Suburban,26.7,25,30,18.9,1007.8,4,19.1167,72.8333,13.7
2023-08-27 00:00:00,August,Monsoon,Bombay / Juhu,MH,Mumbai Suburban,26.6,24.7,30,15.6,1009,4,19.1167,72.8333,19.7
2023-08-28 00:00:00,August,Monsoon,Bombay / Juhu,MH,Mumbai Suburban,27.1,25.3,30,15.4,1008.6,4,19.1167,72.8333,4.5
2023-08-29 00:00:00,August,Monsoon,Bombay / Juhu,MH,Mumbai Suburban,27.6,25.3,30,13,1008.3,4,19.1167,72.8333,2.3
2023-08-30 00:00:00,August,Monsoon,Bombay / Juhu,MH,Mumbai Suburban,28.1,25,31,10.5,1008.8,4,19.1167,72.8333,0.9
2023-08-31 00:00:00,August,Monsoon,Bombay / Juhu,MH,Mumbai Suburban,28,25.5,31,11,1008.7,4,19.1167,72.8333,0.4
2023-09-01 00:00:00,September,Monsoon,Bombay / Juhu,MH,Mumbai Suburban,28.2,25.1,31,10.3,1008.5,4,19.1167,72.8333,0.9
2023-09-02 00:00:00,September,Monsoon,Bombay / Juhu,MH,Mumbai Suburban,27,25.5,29,7.2,1008.6,4,19.1167,72.8333,5
2023-09-03 00:00:00,September,Monsoon,Bombay / Juhu,MH,Mumbai Suburban,26.9,25,28,11.3,1007.5,4,19.1167,72.8333,2.2
2023-09-04 00:00:00,September,Monsoon,Bombay / Juhu,MH,Mumbai Suburban,27.8,25.2,30,14.3,1006.5,4,19.1167,72.8333,0.9
2023-09-05 00:00:00,September,Monsoon,Bombay / Juhu,MH,Mumbai Suburban,27.9,25.5,30,14.6,1006.1,4,19.1167,72.8333,1.2
2023-09-06 00:00:00,September,Monsoon,Bombay / Juhu,MH,Mumbai Suburban,28.4,26.5,31,14.9,1006,4,19.1167,72.8333,0.5
2023-09-07 00:00:00,September,Monsoon,Bombay / Juhu,MH,Mumbai Suburban,26.5,25,28.2,21.6,1005.8,4,19.1167,72.8333,15.7
2023-09-08 00:00:00,September,Monsoon,Bombay / Juhu,MH,Mumbai Suburban,27.2,25,28,23.9,1005.9,4,19.1167,72.8333,51.5
2023-09-09 00:00:00,September,Monsoon,Bombay / Juhu,MH,Mumbai Suburban,28.2,26.7,30,21,1006.1,4,19.1167,72.8333,11.6
2023-09-10 00:00:00,September,Monsoon,Bombay / Juhu,MH,Mumbai Suburban,28.4,26.7,31,15.5,1006.2,4,19.1167,72.8333,5.1
2023-09-11 00:00:00,September,Monsoon,Bombay / Juhu,MH,Mumbai Suburban,28.2,26.3,31,18.2,1006.6,4,19.1167,72.8333,5.5
2023-09-12 00:00:00,September,Monsoon,Bombay / Juhu,MH,Mumbai Suburban,28.2,26,31,16.1,1007.4,4,19.1167,72.8333,1.6
2023-09-13 00:00:00,September,Monsoon,Bombay / Juhu,MH,Mumbai Suburban,27.9,25.8,31,16.1,1006.9,4,19.1167,72.8333,3.7
2023-09-14 00:00:00,September,Monsoon,Bombay / Juhu,MH,Mumbai Suburban,26.7,24,29,13.3,1007.2,4,19.1167,72.8333,1.7
2023-09-15 00:00:00,September,Monsoon,Bombay / Juhu,MH,Mumbai Suburban,27.8,25.6,31,14.2,1006.8,4,19.1167,72.8333,1.9
2023-09-16 00:00:00,September,Monsoon,Bombay / Juhu,MH,Mumbai Suburban,28.1,26.2,30,21.2,1006.3,4,19.1167,72.8333,6.4
2023-09-17 00:00:00,September,Monsoon,Bombay / Juhu,MH,Mumbai Suburban,27.7,25,29,23,1005.4,4,19.1167,72.8333,7
2023-09-18 00:00:00,September,Monsoon,Bombay / Juhu,MH,Mumbai Suburban,27.2,25.1,30,22.1,1005.2,4,19.1167,72.8333,32.5
2023-09-19 00:00:00,September,Monsoon,Bombay / Juhu,MH,Mumbai Suburban,27.6,25.4,30,21.2,1006.8,4,19.1167,72.8333,26.7
2023-09-20 00:00:00,September,Monsoon,Bombay / Juhu,MH,Mumbai Suburban,27.1,25.4,30,19.2,1007.3,4,19.1167,72.8333,11.9
2023-09-21 00:00:00,September,Monsoon,Bombay / Juhu,MH,Mumbai Suburban,27.4,25,31,13.2,1007.8,4,19.1167,72.8333,22.6
2023-09-22 00:00:00,September,Monsoon,Bombay / Juhu,MH,Mumbai Suburban,26.8,25,28,11,1008,4,19.1167,72.8333,15.5
2023-09-23 00:00:00,September,Monsoon,Bombay / Juhu,MH,Mumbai Suburban,26.6,24.8,29,10.5,1008.8,4,19.1167,72.8333,38.5
2023-09-24 00:00:00,September,Monsoon,Bombay / Juhu,MH,Mumbai Suburban,26.3,24.5,29,10.2,1009.2,4,19.1167,72.8333,26.4
2023-09-25 00:00:00,September,Monsoon,Bombay / Juhu,MH,Mumbai Suburban,27.1,24.7,29,11.3,1008.1,4,19.1167,72.8333,19.8
2023-09-26 00:00:00,September,Monsoon,Bombay / Juhu,MH,Mumbai Suburban,27,25.1,30,8.1,1007.8,4,19.1167,72.8333,2
2023-09-27 00:00:00,September,Monsoon,Bombay / Juhu,MH,Mumbai Suburban,26.9,24,29,8,1007.1,4,19.1167,72.8333,10.3
2023-09-28 00:00:00,September,Monsoon,Bombay / Juhu,MH,Mumbai Suburban,27.4,25,32,13.1,1005.6,4,19.1167,72.8333,15.8
2023-09-29 00:00:00,September,Monsoon,Bombay / Juhu,MH,Mumbai Suburban,28.3,26.1,31,10.2,1005,4,19.1167,72.8333,7
2023-09-30 00:00:00,September,Monsoon,Bombay / Juhu,MH,Mumbai Suburban,28.7,25.7,32,8.3,1004.8,4,19.1167,72.8333,5.6
2024-07-01 00:00:00,July,Monsoon,Bombay / Juhu,MH,Mumbai Suburban,28.9,26.4,31,33.6,1001.8,4,19.1167,72.8333,29.6
2024-07-02 00:00:00,July,Monsoon,Bombay / Juhu,MH,Mumbai Suburban,29.4,27.2,31,26.9,1001.5,4,19.1167,72.8333,10.4
2024-07-03 00:00:00,July,Monsoon,Bombay / Juhu,MH,Mumbai Suburban,29.6,28.5,32,26.9,1002.4,4,19.1167,72.8333,5.1
2024-07-04 00:00:00,July,Monsoon,Bombay / Juhu,MH,Mumbai Suburban,29,26.7,32,25.2,1003.6,4,19.1167,72.8333,12.2
2024-07-05 00:00:00,July,Monsoon,Bombay / Juhu,MH,Mumbai Suburban,28.3,26.3,30,24.8,1001.7,4,19.1167,72.8333,14.6
2024-07-06 00:00:00,July,Monsoon,Bombay / Juhu,MH,Mumbai Suburban,28.9,26.4,31,26,1000.8,4,19.1167,72.8333,12.8
2024-07-07 00:00:00,July,Monsoon,Bombay / Juhu,MH,Mumbai Suburban,28.2,26.3,31,21.7,1002,4,19.1167,72.8333,16.4
2024-07-08 00:00:00,July,Monsoon,Bombay / Juhu,MH,Mumbai Suburban,26.9,26,28,15.5,1002.2,4,19.1167,72.8333,15.9
2024-07-09 00:00:00,July,Monsoon,Bombay / Juhu,MH,Mumbai Suburban,26.7,26,27.9,18.9,1003.6,4,19.1167,72.8333,21.2
2024-07-10 00:00:00,July,Monsoon,Bombay / Juhu,MH,Mumbai Suburban,27.2,26.1,28.5,24.7,1006.1,4,19.1167,72.8333,11.2
2024-07-11 00:00:00,July,Monsoon,Bombay / Juhu,MH,Mumbai Suburban,27,26,28,26,1005.9,4,19.1167,72.8333,41.6
2024-07-12 00:00:00,July,Monsoon,Bombay / Juhu,MH,Mumbai Suburban,26.7,25.8,28.1,28,1003.9,4,19.1167,72.8333,53.8
2024-07-13 00:00:00,July,Monsoon,Bombay / Juhu,MH,Mumbai Suburban,26.4,25.8,27,26.5,1003,4,19.1167,72.8333,50.9
2024-07-14 00:00:00,July,Monsoon,Bombay / Juhu,MH,Mumbai Suburban,27.4,25.3,31,19.5,1001.1,4,19.1167,72.8333,39.8
2024-07-15 00:00:00,July,Monsoon,Bombay / Juhu,MH,Mumbai Suburban,26.8,25.4,29,15.5,1000.6,4,19.1167,72.8333,9.8
2024-07-16 00:00:00,July,Monsoon,Bombay / Juhu,MH,Mumbai Suburban,27.2,26,29,19.8,1000.4,4,19.1167,72.8333,19.3
2024-07-17 00:00:00,July,Monsoon,Bombay / Juhu,MH,Mumbai Suburban,27.8,26.5,30,22.8,1001.7,4,19.1167,72.8333,25.9
2024-07-18 00:00:00,July,Monsoon,Bombay / Juhu,MH,Mumbai Suburban,26.4,25.7,27,22.6,1002.3,4,19.1167,72.8333,69.4
2024-07-19 00:00:00,July,Monsoon,Bombay / Juhu,MH,Mumbai Suburban,26.9,26,29,26,1000.5,4,19.1167,72.8333,38.9
2024-07-20 00:00:00,July,Monsoon,Bombay / Juhu,MH,Mumbai Suburban,26.7,26,28,25.7,1001.2,4,19.1167,72.8333,62.6
2024-07-21 00:00:00,July,Monsoon,Bombay / Juhu,MH,Mumbai Suburban,26.7,26,29,26.7,1001.7,4,19.1167,72.8333,67.4
2024-07-22 00:00:00,July,Monsoon,Bombay / Juhu,MH,Mumbai Suburban,26.8,26,28,27.7,1003.3,4,19.1167,72.8333,36.8
2024-07-23 00:00:00,July,Monsoon,Bombay / Juhu,MH,Mumbai Suburban,27.1,26.2,29,28.8,1004.2,4,19.1167,72.8333,37.7
2024-07-24 00:00:00,July,Monsoon,Bombay / Juhu,MH,Mumbai Suburban,27,26,29,30.7,1001.5,4,19.1167,72.8333,49.4
2024-07-25 00:00:00,July,Monsoon,Bombay / Juhu,MH,Mumbai Suburban,26.7,25,28,28.9,1000.8,4,19.1167,72.8333,65.2
2024-07-26 00:00:00,July,Monsoon,Bombay / Juhu,MH,Mumbai Suburban,27.9,26.4,29,24.7,1002.1,4,19.1167,72.8333,6.3
2024-07-27 00:00:00,July,Monsoon,Bombay / Juhu,MH,Mumbai Suburban,27.6,27,29,25.5,1002.8,4,19.1167,72.8333,5.4
2024-07-28 00:00:00,July,Monsoon,Bombay / Juhu,MH,Mumbai Suburban,27.6,26.9,29,24.4,1000.6,4,19.1167,72.8333,16.6
2024-07-29 00:00:00,July,Monsoon,Bombay / Juhu,MH,Mumbai Suburban,27.5,26.2,29,24.2,999.4,4,19.1167,72.8333,27.3
2024-07-30 00:00:00,July,Monsoon,Bombay / Juhu,MH,Mumbai Suburban,27.7,26,30,21.7,1002.7,4,19.1167,72.8333,13.4
2024-07-31 00:00:00,July,Monsoon,Bombay / Juhu,MH,Mumbai Suburban,27.8,25.2,31,21.3,1005.1,4,19.1167,72.8333,20.1
2024-08-01 00:00:00,August,Monsoon,Bombay / Juhu,MH,Mumbai Suburban,27.7,25.6,30,23.8,1004.9,4,19.1167,72.8333,25.2
2024-08-02 00:00:00,August,Monsoon,Bombay / Juhu,MH,Mumbai Suburban,27.3,26,29,27.9,1004.5,4,19.1167,72.8333,27.7
2024-08-03 00:00:00,August,Monsoon,Bombay / Juhu,MH,Mumbai Suburban,26.7,26,28,29.2,1004.6,4,19.1167,72.8333,42.9
2024-08-04 00:00:00,August,Monsoon,Bombay / Juhu,MH,Mumbai Suburban,27.1,26.2,28,27.7,1005.1,4,19.1167,72.8333,31.9
2024-08-05 00:00:00,August,Monsoon,Bombay / Juhu,MH,Mumbai Suburban,27.2,26,30,24,1006.1,4,19.1167,72.8333,7.2
2024-08-06 00:00:00,August,Monsoon,Bombay / Juhu,MH,Mumbai Suburban,27.4,25.9,30,20,1006.2,4,19.1167,72.8333,8.5
2024-08-07 00:00:00,August,Monsoon,Bombay / Juhu,MH,Mumbai Suburban,27.7,25.8,30,20.5,1006.5,4,19.1167,72.8333,5.1
2024-08-08 00:00:00,August,Monsoon,Bombay / Juhu,MH,Mumbai Suburban,27.8,26,30,18.9,1007.2,4,19.1167,72.8333,6.1
2024-08-09 00:00:00,August,Monsoon,Bombay / Juhu,MH,Mumbai Suburban,27.6,25.6,30,19.2,1008.2,4,19.1167,72.8333,10
2024-08-10 00:00:00,August,Monsoon,Bombay / Juhu,MH,Mumbai Suburban,27.2,25.7,29,17.1,1008.2,4,19.1167,72.8333,8
2024-08-11 00:00:00,August,Monsoon,Bombay / Juhu,MH,Mumbai Suburban,27.4,26,29,18.3,1006.4,4,19.1167,72.8333,2.4
2024-08-12 00:00:00,August,Monsoon,Bombay / Juhu,MH,Mumbai Suburban,28.2,26.1,31,16.3,1006.1,4,19.1167,72.8333,4.1
2024-08-13 00:00:00,August,Monsoon,Bombay / Juhu,MH,Mumbai Suburban,27.8,25.7,31,14,1006.9,4,19.1167,72.8333,2.3
2024-08-14 00:00:00,August,Monsoon,Bombay / Juhu,MH,Mumbai Suburban,28.3,26.1,31,11.7,1006.8,4,19.1167,72.8333,1
2024-08-15 00:00:00,August,Monsoon,Bombay / Juhu,MH,Mumbai Suburban,28.3,26.4,31,11.9,1005.7,4,19.1167,72.8333,0.4
2024-08-16 00:00:00,August,Monsoon,Bombay / Juhu,MH,Mumbai Suburban,28.3,26.2,31,11.9,1004.7,4,19.1167,72.8333,0.2
2024-08-17 00:00:00,August,Monsoon,Bombay / Juhu,MH,Mumbai Suburban,28.7,26.2,32,10.8,1005.8,4,19.1167,72.8333,0.6
2024-08-18 00:00:00,August,Monsoon,Bombay / Juhu,MH,Mumbai Suburban,28.7,26.2,32,11.4,1006.2,4,19.1167,72.8333,0
2024-08-19 00:00:00,August,Monsoon,Bombay / Juhu,MH,Mumbai Suburban,28.6,26,32,12.3,1005.4,4,19.1167,72.8333,7.6
2024-08-20 00:00:00,August,Monsoon,Bombay / Juhu,MH,Mumbai Suburban,27.1,25,29,10.5,1005.1,4,19.1167,72.8333,7.9
2024-08-21 00:00:00,August,Monsoon,Bombay / Juhu,MH,Mumbai Suburban,28.3,26,31,10.9,1005.4,4,19.1167,72.8333,1.2
2024-08-22 00:00:00,August,Monsoon,Bombay / Juhu,MH,Mumbai Suburban,28.9,26.6,31,11.6,1004.6,4,19.1167,72.8333,3
2024-08-23 00:00:00,August,Monsoon,Bombay / Juhu,MH,Mumbai Suburban,28.2,26.3,31,14.4,1005.1,4,19.1167,72.8333,25.7
2024-08-24 00:00:00,August,Monsoon,Bombay / Juhu,MH,Mumbai Suburban,26.2,25,27,20.3,1006.3,4,19.1167,72.8333,62.1
2024-08-25 00:00:00,August,Monsoon,Bombay / Juhu,MH,Mumbai Suburban,26.6,24.9,29,32.9,1005.3,4,19.1167,72.8333,39.1
2024-08-26 00:00:00,August,Monsoon,Bombay / Juhu,MH,Mumbai Suburban,27.4,26.2,28,42.6,1003.6,4,19.1167,72.8333,9.8
2024-08-27 00:00:00,August,Monsoon,Bombay / Juhu,MH,Mumbai Suburban,26.8,26,27.3,41.9,1004.9,4,19.1167,72.8333,19
2024-08-28 00:00:00,August,Monsoon,Bombay / Juhu,MH,Mumbai Suburban,27.9,25.6,30.2,18.1,1006,4,19.1167,72.8333,10.9
2024-08-29 00:00:00,August,Monsoon,Bombay / Juhu,MH,Mumbai Suburban,28.2,26.3,31,14.9,1005.3,4,19.1167,72.8333,6.1
2024-08-30 00:00:00,August,Monsoon,Bombay / Juhu,MH,Mumbai Suburban,28.4,26.8,31.8,12.9,1005.6,4,19.1167,72.8333,0
2024-08-31 00:00:00,August,Monsoon,Bombay / Juhu,MH,Mumbai Suburban,28.6,26,32,11.3,1006.4,4,19.1167,72.8333,3
2024-09-01 00:00:00,September,Monsoon,Bombay / Juhu,MH,Mumbai Suburban,28.3,26.5,30.4,11.9,1006.6,4,19.1167,72.8333,0.5
2024-09-02 00:00:00,September,Monsoon,Bombay / Juhu,MH,Mumbai Suburban,27.9,26,29.6,12.8,1006.1,4,19.1167,72.8333,0
2024-09-03 00:00:00,September,Monsoon,Bombay / Juhu,MH,Mumbai Suburban,28.1,26,31.4,13.9,1006.3,4,19.1167,72.8333,22.1
2024-09-04 00:00:00,September,Monsoon,Bombay / Juhu,MH,Mumbai Suburban,27.8,25.2,31,14.4,1006.7,4,19.1167,72.8333,11.9
2024-09-05 00:00:00,September,Monsoon,Bombay / Juhu,MH,Mumbai Suburban,27.4,25.9,30,21.7,1005.7,4,19.1167,72.8333,33
2024-09-06 00:00:00,September,Monsoon,Bombay / Juhu,MH,Mumbai Suburban,27.5,25.9,31,19.4,1006.6,4,19.1167,72.8333,16.3
2024-09-07 00:00:00,September,Monsoon,Bombay / Juhu,MH,Mumbai Suburban,27.7,25.7,30,16.3,1007.3,4,19.1167,72.8333,11
2024-09-08 00:00:00,September,Monsoon,Bombay / Juhu,MH,Mumbai Suburban,27.9,25.5,31,14.3,1007.2,4,19.1167,72.8333,4.4
2024-09-09 00:00:00,September,Monsoon,Bombay / Juhu,MH,Mumbai Suburban,27.7,25.6,31,13.2,1005,4,19.1167,72.8333,4.1
2024-09-10 00:00:00,September,Monsoon,Bombay / Juhu,MH,Mumbai Suburban,27.5,25.4,31,14.4,1004.1,4,19.1167,72.8333,5.3
2024-09-11 00:00:00,September,Monsoon,Bombay / Juhu,MH,Mumbai Suburban,27.5,25.4,30,15.2,1005.1,4,19.1167,72.8333,3.8
2024-09-12 00:00:00,September,Monsoon,Bombay / Juhu,MH,Mumbai Suburban,27.1,25,30,17.2,1007.1,4,19.1167,72.8333,9.6
2024-09-13 00:00:00,September,Monsoon,Bombay / Juhu,MH,Mumbai Suburban,27.8,25,31,17.7,1007.5,4,19.1167,72.8333,6.3
2024-09-14 00:00:00,September,Monsoon,Bombay / Juhu,MH,Mumbai Suburban,26.6,24.4,30,15.9,1007.2,4,19.1167,72.8333,7.5
2024-09-15 00:00:00,September,Monsoon,Bombay / Juhu,MH,Mumbai Suburban,25.8,23.7,29,11.8,1007.9,4,19.1167,72.8333,6.1
2024-09-16 00:00:00,September,Monsoon,Bombay / Juhu,MH,Mumbai Suburban,27.6,24.9,31,9.8,1008.5,4,19.1167,72.8333,1.4
2024-09-17 00:00:00,September,Monsoon,Bombay / Juhu,MH,Mumbai Suburban,27.2,23.9,30,11.4,1008.7,4,19.1167,72.8333,0.1
2024-09-18 00:00:00,September,Monsoon,Bombay / Juhu,MH,Mumbai Suburban,27.8,24,31,9.4,1006.7,4,19.1167,72.8333,0.1
2024-09-19 00:00:00,September,Monsoon,Bombay / Juhu,MH,Mumbai Suburban,28.3,26.1,31,8.9,1007.1,4,19.1167,72.8333,0.1
2024-09-20 00:00:00,September,Monsoon,Bombay / Juhu,MH,Mumbai Suburban,27.6,25.1,31,9.1,1007.5,4,19.1167,72.8333,1.8
2024-09-21 00:00:00,September,Monsoon,Bombay / Juhu,MH,Mumbai Suburban,28.1,24.9,31,10.9,1008.2,4,19.1167,72.8333,3.8
2024-09-22 00:00:00,September,Monsoon,Bombay / Juhu,MH,Mumbai Suburban,28.3,25.4,31,15.4,1007.5,4,19.1167,72.8333,0.1
2024-09-23 00:00:00,September,Monsoon,Bombay / Juhu,MH,Mumbai Suburban,28,26.5,30,18.3,1006.4,4,19.1167,72.8333,5.3
2024-09-24 00:00:00,September,Monsoon,Bombay / Juhu,MH,Mumbai Suburban,26.9,25.2,29,16.8,1004.7,4,19.1167,72.8333,46.9
2024-09-25 00:00:00,September,Monsoon,Bombay / Juhu,MH,Mumbai Suburban,27.3,24.8,30,15.8,1003.8,4,19.1167,72.8333,40
2024-09-26 00:00:00,September,Monsoon,Bombay / Juhu,MH,Mumbai Suburban,26.6,25,28,18.8,1003.1,4,19.1167,72.8333,47.5
2024-09-27 00:00:00,September,Monsoon,Bombay / Juhu,MH,Mumbai Suburban,26.5,26,27,24.9,1004.3,4,19.1167,72.8333,82.5
2024-09-28 00:00:00,September,Monsoon,Bombay / Juhu,MH,Mumbai Suburban,26.8,25,28,14.8,1007.7,4,19.1167,72.8333,6.1
2024-09-29 00:00:00,September,Monsoon,Bombay / Juhu,MH,Mumbai Suburban,27.6,25.8,30,11.4,1009.9,4,19.1167,72.8333,2.2
2024-09-30 00:00:00,September,Monsoon,Bombay / Juhu,MH,Mumbai Suburban,28.4,25.5,40,9.5,1009.9,4,19.1167,72.8333,0.6
2015-07-01 00:00:00,July,Monsoon,Bombay / Santacruz,MH,Mumbai Suburban,29.8,27.5,32.8,,,8,19.1167,72.85,6.1
2015-07-02 00:00:00,July,Monsoon,Bombay / Santacruz,MH,Mumbai Suburban,29.9,27.6,32.7,,,8,19.1167,72.85,0
2015-07-03 00:00:00,July,Monsoon,Bombay / Santacruz,MH,Mumbai Suburban,30.1,27.8,33,,,8,19.1167,72.85,
2015-07-04 00:00:00,July,Monsoon,Bombay / Santacruz,MH,Mumbai Suburban,30,28,32.7,,,8,19.1167,72.85,
2015-07-05 00:00:00,July,Monsoon,Bombay / Santacruz,MH,Mumbai Suburban,29.9,27.6,32.6,,,8,19.1167,72.85,
2015-07-06 00:00:00,July,Monsoon,Bombay / Santacruz,MH,Mumbai Suburban,29.8,28,32.3,,,8,19.1167,72.85,
2015-07-07 00:00:00,July,Monsoon,Bombay / Santacruz,MH,Mumbai Suburban,29.8,28.2,32.7,,,8,19.1167,72.85,
2015-07-08 00:00:00,July,Monsoon,Bombay / Santacruz,MH,Mumbai Suburban,29.9,26.2,,,,8,19.1167,72.85,4.1
2015-07-09 00:00:00,July,Monsoon,Bombay / Santacruz,MH,Mumbai Suburban,30.1,27.8,32.9,,,8,19.1167,72.85,0.3
2015-07-10 00:00:00,July,Monsoon,Bombay / Santacruz,MH,Mumbai Suburban,29.9,28.2,32.3,,,8,19.1167,72.85,0.5
2015-07-11 00:00:00,July,Monsoon,Bombay / Santacruz,MH,Mumbai Suburban,29.5,26.6,32.2,,,8,19.1167,72.85,2
2015-07-12 00:00:00,July,Monsoon,Bombay / Santacruz,MH,Mumbai Suburban,29.8,26.2,32.6,,,8,19.1167,72.85,6.1
2015-07-13 00:00:00,July,Monsoon,Bombay / Santacruz,MH,Mumbai Suburban,29.9,28,32.6,,,8,19.1167,72.85,0
2015-07-14 00:00:00,July,Monsoon,Bombay / Santacruz,MH,Mumbai Suburban,30,26.4,32.8,,,8,19.1167,72.85,2
2015-07-15 00:00:00,July,Monsoon,Bombay / Santacruz,MH,Mumbai Suburban,30.1,27.6,33,,,8,19.1167,72.85,1
2015-07-16 00:00:00,July,Monsoon,Bombay / Santacruz,MH,Mumbai Suburban,29.8,27.8,32.3,,,8,19.1167,72.85,0
2015-07-17 00:00:00,July,Monsoon,Bombay / Santacruz,MH,Mumbai Suburban,29.6,26.2,31.5,,,8,19.1167,72.85,5.1
2015-07-18 00:00:00,July,Monsoon,Bombay / Santacruz,MH,Mumbai Suburban,29.6,26.2,32,,,8,19.1167,72.85,3
2015-07-19 00:00:00,July,Monsoon,Bombay / Santacruz,MH,Mumbai Suburban,29.6,26.2,,,,8,19.1167,72.85,5.1
2015-07-20 00:00:00,July,Monsoon,Bombay / Santacruz,MH,Mumbai Suburban,29,,31.6,,,8,19.1167,72.85,0.5
2015-07-21 00:00:00,July,Monsoon,Bombay / Santacruz,MH,Mumbai Suburban,27.9,24.2,,,,8,19.1167,72.85,61
2015-07-22 00:00:00,July,Monsoon,Bombay / Santacruz,MH,Mumbai Suburban,27.1,24.5,29,,,8,19.1167,72.85,49
2015-07-23 00:00:00,July,Monsoon,Bombay / Santacruz,MH,Mumbai Suburban,27.4,24.4,30,,,8,19.1167,72.85,46
2015-07-24 00:00:00,July,Monsoon,Bombay / Santacruz,MH,Mumbai Suburban,28.1,24.7,30.3,,,8,19.1167,72.85,37.1
2015-07-25 00:00:00,July,Monsoon,Bombay / Santacruz,MH,Mumbai Suburban,28.7,25,30.7,,,8,19.1167,72.85,29
2015-07-26 00:00:00,July,Monsoon,Bombay / Santacruz,MH,Mumbai Suburban,28.6,25.2,31.2,,,8,19.1167,72.85,8.9
2015-07-27 00:00:00,July,Monsoon,Bombay / Santacruz,MH,Mumbai Suburban,27.8,,,,,8,19.1167,72.85,7.9
2015-07-28 00:00:00,July,Monsoon,Bombay / Santacruz,MH,Mumbai Suburban,28,25.4,29.6,,,8,19.1167,72.85,27.9
2015-07-29 00:00:00,July,Monsoon,Bombay / Santacruz,MH,Mumbai Suburban,27.7,24.4,29.5,,,8,19.1167,72.85,32
2015-07-30 00:00:00,July,Monsoon,Bombay / Santacruz,MH,Mumbai Suburban,27.8,23.6,31.2,,,8,19.1167,72.85,17
2015-07-31 00:00:00,July,Monsoon,Bombay / Santacruz,MH,Mumbai Suburban,28.9,25,31.5,,,8,19.1167,72.85,8.9
2015-08-01 00:00:00,August,Monsoon,Bombay / Santacruz,MH,Mumbai Suburban,29.1,26.2,31.5,,,8,19.1167,72.85,2
2015-08-02 00:00:00,August,Monsoon,Bombay / Santacruz,MH,Mumbai Suburban,29.1,26.6,31.9,,,8,19.1167,72.85,2
2015-08-03 00:00:00,August,Monsoon,Bombay / Santacruz,MH,Mumbai Suburban,28.9,26.6,,,,8,19.1167,72.85,0.5
2015-08-04 00:00:00,August,Monsoon,Bombay / Santacruz,MH,Mumbai Suburban,28.8,26.8,30.6,,,8,19.1167,72.85,0
2015-08-05 00:00:00,August,Monsoon,Bombay / Santacruz,MH,Mumbai Suburban,28.1,26,29.3,,,8,19.1167,72.85,2
2015-08-06 00:00:00,August,Monsoon,Bombay / Santacruz,MH,Mumbai Suburban,28.4,23.2,30.8,,,8,19.1167,72.85,22.1
2015-08-07 00:00:00,August,Monsoon,Bombay / Santacruz,MH,Mumbai Suburban,28.9,26.4,31.8,,,8,19.1167,72.85,1
2015-08-08 00:00:00,August,Monsoon,Bombay / Santacruz,MH,Mumbai Suburban,27.6,24.6,30.4,10.4,1005.4,8,19.1167,72.85,5.1
2015-08-09 00:00:00,August,Monsoon,Bombay / Santacruz,MH,Mumbai Suburban,27.1,24,29,,1003.9,8,19.1167,72.85,8.9
2015-08-10 00:00:00,August,Monsoon,Bombay / Santacruz,MH,Mumbai Suburban,26.6,24.2,29.5,6.4,1003.9,8,19.1167,72.85,8.9
2015-08-11 00:00:00,August,Monsoon,Bombay / Santacruz,MH,Mumbai Suburban,27.7,24.2,31.2,6.2,1005.8,8,19.1167,72.85,2
2015-08-12 00:00:00,August,Monsoon,Bombay / Santacruz,MH,Mumbai Suburban,27.9,23.8,30.8,,,8,19.1167,72.85,6.1
2015-08-13 00:00:00,August,Monsoon,Bombay / Santacruz,MH,Mumbai Suburban,28.2,24.8,31,,,8,19.1167,72.85,2
2015-08-14 00:00:00,August,Monsoon,Bombay / Santacruz,MH,Mumbai Suburban,28.2,25,31.5,,,8,19.1167,72.85,3
2015-08-15 00:00:00,August,Monsoon,Bombay / Santacruz,MH,Mumbai Suburban,28.3,24.8,30.8,,,8,19.1167,72.85,6.1
2015-08-16 00:00:00,August,Monsoon,Bombay / Santacruz,MH,Mumbai Suburban,28.2,25.4,31.7,,,8,19.1167,72.85,7.1
2015-08-17 00:00:00,August,Monsoon,Bombay / Santacruz,MH,Mumbai Suburban,28.1,25,31.3,,1007.5,8,19.1167,72.85,11.9
2015-08-18 00:00:00,August,Monsoon,Bombay / Santacruz,MH,Mumbai Suburban,28.7,24.8,31.9,7.7,1008.2,8,19.1167,72.85,10.9
2015-08-19 00:00:00,August,Monsoon,Bombay / Santacruz,MH,Mumbai Suburban,29.3,25.3,32,,,8,19.1167,72.85,0
2015-08-20 00:00:00,August,Monsoon,Bombay / Santacruz,MH,Mumbai Suburban,29.3,25.7,32,,,8,19.1167,72.85,
2015-08-21 00:00:00,August,Monsoon,Bombay / Santacruz,MH,Mumbai Suburban,29.1,25.2,32.2,,,8,19.1167,72.85,0.3
2015-08-22 00:00:00,August,Monsoon,Bombay / Santacruz,MH,Mumbai Suburban,29.1,24,31.6,,,8,19.1167,72.85,5.1
2015-08-23 00:00:00,August,Monsoon,Bombay / Santacruz,MH,Mumbai Suburban,29.3,26.6,31.8,,,8,19.1167,72.85,0
2015-08-24 00:00:00,August,Monsoon,Bombay / Santacruz,MH,Mumbai Suburban,28.7,25.8,32.5,,,8,19.1167,72.85,
2015-08-25 00:00:00,August,Monsoon,Bombay / Santacruz,MH,Mumbai Suburban,27.4,25.3,30.2,,,8,19.1167,72.85,3
2015-08-26 00:00:00,August,Monsoon,Bombay / Santacruz,MH,Mumbai Suburban,29.2,24.7,31.8,,,8,19.1167,72.85,8.9
2015-08-27 00:00:00,August,Monsoon,Bombay / Santacruz,MH,Mumbai Suburban,29.1,,31.7,,,8,19.1167,72.85,0
2015-08-28 00:00:00,August,Monsoon,Bombay / Santacruz,MH,Mumbai Suburban,26.6,24.5,28.8,,,8,19.1167,72.85,7.9
2015-08-29 00:00:00,August,Monsoon,Bombay / Santacruz,MH,Mumbai Suburban,27.7,24.4,31.5,,,8,19.1167,72.85,6.1
2015-08-30 00:00:00,August,Monsoon,Bombay / Santacruz,MH,Mumbai Suburban,26.7,24.2,29.6,,,8,19.1167,72.85,10.9
2015-08-31 00:00:00,August,Monsoon,Bombay / Santacruz,MH,Mumbai Suburban,28,23.8,31,,,8,19.1167,72.85,9.9
2015-09-01 00:00:00,September,Monsoon,Bombay / Santacruz,MH,Mumbai Suburban,28.6,24.6,31.8,,,8,19.1167,72.85,4.1
2015-09-02 00:00:00,September,Monsoon,Bombay / Santacruz,MH,Mumbai Suburban,27.9,23.3,31.3,,,8,19.1167,72.85,4.1
2015-09-03 00:00:00,September,Monsoon,Bombay / Santacruz,MH,Mumbai Suburban,28.4,23.8,32,,,8,19.1167,72.85,0.5
2015-09-04 00:00:00,September,Monsoon,Bombay / Santacruz,MH,Mumbai Suburban,29.1,23.8,32,,,8,19.1167,72.85,0
2015-09-05 00:00:00,September,Monsoon,Bombay / Santacruz,MH,Mumbai Suburban,29.1,23,32.2,,,8,19.1167,72.85,
2015-09-06 00:00:00,September,Monsoon,Bombay / Santacruz,MH,Mumbai Suburban,29.2,23.8,32.4,,,8,19.1167,72.85,
2015-09-07 00:00:00,September,Monsoon,Bombay / Santacruz,MH,Mumbai Suburban,28.8,24.4,32.2,,,8,19.1167,72.85,
2015-09-08 00:00:00,September,Monsoon,Bombay / Santacruz,MH,Mumbai Suburban,28.9,23.8,32,,,8,19.1167,72.85,
2015-09-09 00:00:00,September,Monsoon,Bombay / Santacruz,MH,Mumbai Suburban,28.6,24.4,31.5,,,8,19.1167,72.85,0
2015-09-10 00:00:00,September,Monsoon,Bombay / Santacruz,MH,Mumbai Suburban,27.5,24.8,31.1,,,8,19.1167,72.85,3
2015-09-11 00:00:00,September,Monsoon,Bombay / Santacruz,MH,Mumbai Suburban,29.1,24,32,,1008.6,8,19.1167,72.85,32
2015-09-12 00:00:00,September,Monsoon,Bombay / Santacruz,MH,Mumbai Suburban,28.3,,32.5,,,8,19.1167,72.85,0
2015-09-13 00:00:00,September,Monsoon,Bombay / Santacruz,MH,Mumbai Suburban,27.9,23.7,31.5,,,8,19.1167,72.85,17
2015-09-14 00:00:00,September,Monsoon,Bombay / Santacruz,MH,Mumbai Suburban,28.3,23.8,31.5,,,8,19.1167,72.85,21.1
2015-09-15 00:00:00,September,Monsoon,Bombay / Santacruz,MH,Mumbai Suburban,28.7,24.2,,,,8,19.1167,72.85,33
2015-09-16 00:00:00,September,Monsoon,Bombay / Santacruz,MH,Mumbai Suburban,29.4,24.5,31,,1005.8,8,19.1167,72.85,4.1
2015-09-17 00:00:00,September,Monsoon,Bombay / Santacruz,MH,Mumbai Suburban,29.6,26,32,12.4,1004.7,8,19.1167,72.85,2
2015-09-18 00:00:00,September,Monsoon,Bombay / Santacruz,MH,Mumbai Suburban,28.9,28,30,17.1,1003.2,8,19.1167,72.85,0.5
2015-09-19 00:00:00,September,Monsoon,Bombay / Santacruz,MH,Mumbai Suburban,28.4,25,31.1,16.3,1003.7,8,19.1167,72.85,5.1
2015-09-20 00:00:00,September,Monsoon,Bombay / Santacruz,MH,Mumbai Suburban,27.6,24,30,14.4,1004.2,8,19.1167,72.85,32
2015-09-21 00:00:00,September,Monsoon,Bombay / Santacruz,MH,Mumbai Suburban,28.6,24.7,32.3,13.8,1005.1,8,19.1167,72.85,27.9
2015-09-22 00:00:00,September,Monsoon,Bombay / Santacruz,MH,Mumbai Suburban,28.6,24.6,32,8.8,1007.6,8,19.1167,72.85,15
2015-09-23 00:00:00,September,Monsoon,Bombay / Santacruz,MH,Mumbai Suburban,29.1,25.2,32.2,8.2,1010.1,8,19.1167,72.85,3
2015-09-24 00:00:00,September,Monsoon,Bombay / Santacruz,MH,Mumbai Suburban,28.7,24,32,,1009.4,8,19.1167,72.85,0
2015-09-25 00:00:00,September,Monsoon,Bombay / Santacruz,MH,Mumbai Suburban,28.2,23.7,31.8,8.1,1008.9,8,19.1167,72.85,
2015-09-26 00:00:00,September,Monsoon,Bombay / Santacruz,MH,Mumbai Suburban,27.9,23.8,31.7,7.8,1009.2,8,19.1167,72.85,
2015-09-27 00:00:00,September,Monsoon,Bombay / Santacruz,MH,Mumbai Suburban,28.4,21.3,32,,1009.3,8,19.1167,72.85,
2015-09-28 00:00:00,September,Monsoon,Bombay / Santacruz,MH,Mumbai Suburban,29.8,23.2,34.8,7.3,1007.9,8,19.1167,72.85,
2015-09-29 00:00:00,September,Monsoon,Bombay / Santacruz,MH,Mumbai Suburban,31.9,24.3,36.2,7.9,1007.2,8,19.1167,72.85,
2015-09-30 00:00:00,September,Monsoon,Bombay / Santacruz,MH,Mumbai Suburban,32.8,24.4,37.4,9.3,1008.3,8,19.1167,72.85,
2016-07-01 00:00:00,July,Monsoon,Bombay / Santacruz,MH,Mumbai Suburban,27.8,23.6,30,10.5,,8,19.1167,72.85,71.1
2016-07-02 00:00:00,July,Monsoon,Bombay / Santacruz,MH,Mumbai Suburban,27.2,24.6,28,16.7,1001.7,8,19.1167,72.85,77
2016-07-03 00:00:00,July,Monsoon,Bombay / Santacruz,MH,Mumbai Suburban,27.9,24.8,30,16.4,1002.2,8,19.1167,72.85,93
2016-07-04 00:00:00,July,Monsoon,Bombay / Santacruz,MH,Mumbai Suburban,27.6,24.5,30.4,13.3,1003.6,8,19.1167,72.85,25.9
2016-07-05 00:00:00,July,Monsoon,Bombay / Santacruz,MH,Mumbai Suburban,27.4,24.1,31,12.4,1003.7,8,19.1167,72.85,46
2016-07-06 00:00:00,July,Monsoon,Bombay / Santacruz,MH,Mumbai Suburban,28.7,24.2,30,12.8,1004.1,8,19.1167,72.85,9.9
2016-07-07 00:00:00,July,Monsoon,Bombay / Santacruz,MH,Mumbai Suburban,28.9,25.9,29.2,13.9,1005,8,19.1167,72.85,8.9
2016-07-08 00:00:00,July,Monsoon,Bombay / Santacruz,MH,Mumbai Suburban,28.4,28,29.4,14.4,1004,8,19.1167,72.85,1
2016-07-09 00:00:00,July,Monsoon,Bombay / Santacruz,MH,Mumbai Suburban,28.8,25.4,30,16.9,1002.6,8,19.1167,72.85,10.9
2016-07-10 00:00:00,July,Monsoon,Bombay / Santacruz,MH,Mumbai Suburban,28.7,27,29,20.8,1002.2,8,19.1167,72.85,99.1
2016-07-11 00:00:00,July,Monsoon,Bombay / Santacruz,MH,Mumbai Suburban,28.3,26.1,29,20.8,,8,19.1167,72.85,7.1
2016-07-12 00:00:00,July,Monsoon,Bombay / Santacruz,MH,Mumbai Suburban,28.4,27,30,16.6,1002.9,8,19.1167,72.85,7.1
2016-07-13 00:00:00,July,Monsoon,Bombay / Santacruz,MH,Mumbai Suburban,28.2,24,30.4,16.6,,8,19.1167,72.85,16
2016-07-14 00:00:00,July,Monsoon,Bombay / Santacruz,MH,Mumbai Suburban,27,25,30.4,12.2,1004,8,19.1167,72.85,13
2016-07-15 00:00:00,July,Monsoon,Bombay / Santacruz,MH,Mumbai Suburban,28.2,24.3,31.4,12.8,1004.9,8,19.1167,72.85,10.9
2016-07-16 00:00:00,July,Monsoon,Bombay / Santacruz,MH,Mumbai Suburban,28.1,26,30.8,14.6,1005.4,8,19.1167,72.85,2
2016-07-17 00:00:00,July,Monsoon,Bombay / Santacruz,MH,Mumbai Suburban,27.6,23.9,31.6,11.8,1007.5,8,19.1167,72.85,13
2016-07-18 00:00:00,July,Monsoon,Bombay / Santacruz,MH,Mumbai Suburban,27.3,24.4,29,13.5,1008.2,8,19.1167,72.85,15
2016-07-19 00:00:00,July,Monsoon,Bombay / Santacruz,MH,Mumbai Suburban,26.4,23.4,27,13.2,1008.1,8,19.1167,72.85,57.9
2016-07-20 00:00:00,July,Monsoon,Bombay / Santacruz,MH,Mumbai Suburban,27.5,24,30,12.5,,8,19.1167,72.85,64
2016-07-21 00:00:00,July,Monsoon,Bombay / Santacruz,MH,Mumbai Suburban,26.1,23.7,27.8,7.2,1006.1,8,19.1167,72.85,10.9
2016-07-22 00:00:00,July,Monsoon,Bombay / Santacruz,MH,Mumbai Suburban,27.6,23.6,29.2,12.8,1004.6,8,19.1167,72.85,15
2016-07-23 00:00:00,July,Monsoon,Bombay / Santacruz,MH,Mumbai Suburban,27.5,23.6,31.7,11.7,1003.9,8,19.1167,72.85,9.9
2016-07-24 00:00:00,July,Monsoon,Bombay / Santacruz,MH,Mumbai Suburban,27.7,24.2,30,9.2,1004.2,8,19.1167,72.85,6.1
2016-07-25 00:00:00,July,Monsoon,Bombay / Santacruz,MH,Mumbai Suburban,27.7,24.7,29.4,8.5,1004.8,8,19.1167,72.85,7.9
2016-07-26 00:00:00,July,Monsoon,Bombay / Santacruz,MH,Mumbai Suburban,26.4,25,28,8.7,1005.6,8,19.1167,72.85,0
2016-07-27 00:00:00,July,Monsoon,Bombay / Santacruz,MH,Mumbai Suburban,25.9,23.4,29,8.7,1006.4,8,19.1167,72.85,68.1
2016-07-28 00:00:00,July,Monsoon,Bombay / Santacruz,MH,Mumbai Suburban,25.8,22.9,29.4,8.4,1006.7,8,19.1167,72.85,17
2016-07-29 00:00:00,July,Monsoon,Bombay / Santacruz,MH,Mumbai Suburban,25.8,22.4,28,7.7,1006.1,8,19.1167,72.85,110
2016-07-30 00:00:00,July,Monsoon,Bombay / Santacruz,MH,Mumbai Suburban,27.1,23,29,11.3,1005.3,8,19.1167,72.85,115.1
2016-07-31 00:00:00,July,Monsoon,Bombay / Santacruz,MH,Mumbai Suburban,26.5,25,28,12.9,1006.2,8,19.1167,72.85,15
2016-08-01 00:00:00,August,Monsoon,Bombay / Santacruz,MH,Mumbai Suburban,27,23.2,28,21.5,1004.9,8,19.1167,72.85,111
2016-08-02 00:00:00,August,Monsoon,Bombay / Santacruz,MH,Mumbai Suburban,27.8,24.6,28,20.7,1002,8,19.1167,72.85,25.9
2016-08-03 00:00:00,August,Monsoon,Bombay / Santacruz,MH,Mumbai Suburban,27.9,26,29,18.9,1001.8,8,19.1167,72.85,13
2016-08-04 00:00:00,August,Monsoon,Bombay / Santacruz,MH,Mumbai Suburban,28.3,24.5,30.6,18,1002.8,8,19.1167,72.85,15
2016-08-05 00:00:00,August,Monsoon,Bombay / Santacruz,MH,Mumbai Suburban,26.9,24,28,17.3,1002.6,8,19.1167,72.85,17
2016-08-06 00:00:00,August,Monsoon,Bombay / Santacruz,MH,Mumbai Suburban,27.7,24.5,29,18.8,1003.7,8,19.1167,72.85,142
2016-08-07 00:00:00,August,Monsoon,Bombay / Santacruz,MH,Mumbai Suburban,28.4,25.2,30,17.2,1004.8,8,19.1167,72.85,13
2016-08-08 00:00:00,August,Monsoon,Bombay / Santacruz,MH,Mumbai Suburban,28.3,25.5,30.6,18.7,1005.8,8,19.1167,72.85,3
2016-08-09 00:00:00,August,Monsoon,Bombay / Santacruz,MH,Mumbai Suburban,28.2,26,30.6,18.4,1005.7,8,19.1167,72.85,2
2016-08-10 00:00:00,August,Monsoon,Bombay / Santacruz,MH,Mumbai Suburban,28.2,24.9,30,19.5,1006.2,8,19.1167,72.85,10.9
2016-08-11 00:00:00,August,Monsoon,Bombay / Santacruz,MH,Mumbai Suburban,27.8,24.9,30.4,16.4,1007.7,8,19.1167,72.85,4.1
2016-08-12 00:00:00,August,Monsoon,Bombay / Santacruz,MH,Mumbai Suburban,28.1,25.1,30.4,16,,8,19.1167,72.85,3
2016-08-13 00:00:00,August,Monsoon,Bombay / Santacruz,MH,Mumbai Suburban,28.5,25.9,30.6,16.1,1007.1,8,19.1167,72.85,1
2016-08-14 00:00:00,August,Monsoon,Bombay / Santacruz,MH,Mumbai Suburban,28.2,25.8,29.8,19.7,1006.8,8,19.1167,72.85,0
2016-08-15 00:00:00,August,Monsoon,Bombay / Santacruz,MH,Mumbai Suburban,28.5,26,30.6,18.7,1006.7,8,19.1167,72.85,3
2016-08-16 00:00:00,August,Monsoon,Bombay / Santacruz,MH,Mumbai Suburban,28.6,26.2,30.6,17.1,,8,19.1167,72.85,2
2016-08-17 00:00:00,August,Monsoon,Bombay / Santacruz,MH,Mumbai Suburban,28.3,26,31.2,15.7,1004.9,8,19.1167,72.85,0
2016-08-18 00:00:00,August,Monsoon,Bombay / Santacruz,MH,Mumbai Suburban,28.5,24.4,31,14.7,1004.8,8,19.1167,72.85,8.9
2016-08-19 00:00:00,August,Monsoon,Bombay / Santacruz,MH,Mumbai Suburban,28.3,25.7,31,15,,8,19.1167,72.85,0
2016-08-20 00:00:00,August,Monsoon,Bombay / Santacruz,MH,Mumbai Suburban,28.6,25.4,30.2,14,1005.1,8,19.1167,72.85,1
2016-08-21 00:00:00,August,Monsoon,Bombay / Santacruz,MH,Mumbai Suburban,28.6,25.8,30.6,14.1,1005.3,8,19.1167,72.85,5.1
2016-08-22 00:00:00,August,Monsoon,Bombay / Santacruz,MH,Mumbai Suburban,27.8,27,30.2,14.1,1006.1,8,19.1167,72.85,2
2016-08-23 00:00:00,August,Monsoon,Bombay / Santacruz,MH,Mumbai Suburban,27.2,23.8,29,12.8,,8,19.1167,72.85,8.9
2016-08-24 00:00:00,August,Monsoon,Bombay / Santacruz,MH,Mumbai Suburban,28.1,24.7,30.6,14.1,,8,19.1167,72.85,10.9
2016-08-25 00:00:00,August,Monsoon,Bombay / Santacruz,MH,Mumbai Suburban,28.3,24.8,31.8,14.8,,8,19.1167,72.85,5.1
2016-08-26 00:00:00,August,Monsoon,Bombay / Santacruz,MH,Mumbai Suburban,26.3,24.4,28,7.8,1006.6,8,19.1167,72.85,1
2016-08-27 00:00:00,August,Monsoon,Bombay / Santacruz,MH,Mumbai Suburban,25.7,24,27,7.8,1006.5,8,19.1167,72.85,56.9
2016-08-28 00:00:00,August,Monsoon,Bombay / Santacruz,MH,Mumbai Suburban,26.8,23.7,28,11.4,1006.4,8,19.1167,72.85,52.1
2016-08-29 00:00:00,August,Monsoon,Bombay / Santacruz,MH,Mumbai Suburban,27.9,25,30.8,11.9,1006.2,8,19.1167,72.85,40.9
2016-08-30 00:00:00,August,Monsoon,Bombay / Santacruz,MH,Mumbai Suburban,27.9,25.5,29.8,11.9,1005.4,8,19.1167,72.85,2
2016-08-31 00:00:00,August,Monsoon,Bombay / Santacruz,MH,Mumbai Suburban,28.2,25,30.8,11.9,1005.8,8,19.1167,72.85,2
2016-09-01 00:00:00,September,Monsoon,Bombay / Santacruz,MH,Mumbai Suburban,28.2,25.4,,,,8,19.1167,72.85,0.5
2016-09-02 00:00:00,September,Monsoon,Bombay / Santacruz,MH,Mumbai Suburban,27.2,25.2,30,12.2,,8,19.1167,72.85,4.1
2016-09-03 00:00:00,September,Monsoon,Bombay / Santacruz,MH,Mumbai Suburban,27.4,23.6,30.2,10.5,1007.6,8,19.1167,72.85,22.1
2016-09-04 00:00:00,September,Monsoon,Bombay / Santacruz,MH,Mumbai Suburban,28.4,23.9,31.2,14.1,1009.8,8,19.1167,72.85,1
2016-09-05 00:00:00,September,Monsoon,Bombay / Santacruz,MH,Mumbai Suburban,28.4,25.2,31.2,14.4,1010.6,8,19.1167,72.85,0
2016-09-06 00:00:00,September,Monsoon,Bombay / Santacruz,MH,Mumbai Suburban,28.4,25.2,31.2,12.3,1010.6,8,19.1167,72.85,
2016-09-07 00:00:00,September,Monsoon,Bombay / Santacruz,MH,Mumbai Suburban,27.6,25.4,30.6,13.4,1009.6,8,19.1167,72.85,0.3
2016-09-08 00:00:00,September,Monsoon,Bombay / Santacruz,MH,Mumbai Suburban,27.9,24,31.4,10.2,,8,19.1167,72.85,5.1
2016-09-09 00:00:00,September,Monsoon,Bombay / Santacruz,MH,Mumbai Suburban,27.2,24,31.8,10.7,1010.8,8,19.1167,72.85,0
2016-09-10 00:00:00,September,Monsoon,Bombay / Santacruz,MH,Mumbai Suburban,27.8,22.6,30.8,10.6,1009.9,8,19.1167,72.85,26.9
2016-09-11 00:00:00,September,Monsoon,Bombay / Santacruz,MH,Mumbai Suburban,27.8,24.2,30.8,10.9,1008.6,8,19.1167,72.85,0.8
2016-09-12 00:00:00,September,Monsoon,Bombay / Santacruz,MH,Mumbai Suburban,28.3,23.4,31.4,10.1,1008,8,19.1167,72.85,7.9
2016-09-13 00:00:00,September,Monsoon,Bombay / Santacruz,MH,Mumbai Suburban,28,23.6,30,9.4,1008.4,8,19.1167,72.85,0
2016-09-14 00:00:00,September,Monsoon,Bombay / Santacruz,MH,Mumbai Suburban,28.9,23.9,31,9.2,1008.1,8,19.1167,72.85,6.1
2016-09-15 00:00:00,September,Monsoon,Bombay / Santacruz,MH,Mumbai Suburban,26.2,25,29,11.3,1006.7,8,19.1167,72.85,2
2016-09-16 00:00:00,September,Monsoon,Bombay / Santacruz,MH,Mumbai Suburban,26.9,23.4,28,8.9,1005,8,19.1167,72.85,81
2016-09-17 00:00:00,September,Monsoon,Bombay / Santacruz,MH,Mumbai Suburban,26.7,23,29,11.5,,8,19.1167,72.85,50
2016-09-18 00:00:00,September,Monsoon,Bombay / Santacruz,MH,Mumbai Suburban,26.3,23.6,27,14.5,1005.4,8,19.1167,72.85,56.9
2016-09-19 00:00:00,September,Monsoon,Bombay / Santacruz,MH,Mumbai Suburban,26.6,23,29,12.2,1008.1,8,19.1167,72.85,35.1
2016-09-20 00:00:00,September,Monsoon,Bombay / Santacruz,MH,Mumbai Suburban,25.2,23,28,10.4,1008.2,8,19.1167,72.85,23.1
2016-09-21 00:00:00,September,Monsoon,Bombay / Santacruz,MH,Mumbai Suburban,25.9,22,27,10.7,1008,8,19.1167,72.85,143
2016-09-22 00:00:00,September,Monsoon,Bombay / Santacruz,MH,Mumbai Suburban,27.1,22.8,29,12,1007.8,8,19.1167,72.85,103.9
2016-09-23 00:00:00,September,Monsoon,Bombay / Santacruz,MH,Mumbai Suburban,27,24.2,28,12.1,1005.9,8,19.1167,72.85,39.9
2016-09-24 00:00:00,September,Monsoon,Bombay / Santacruz,MH,Mumbai Suburban,27.3,23,29,11,1004.9,8,19.1167,72.85,93
2016-09-25 00:00:00,September,Monsoon,Bombay / Santacruz,MH,Mumbai Suburban,27.4,23.4,29.2,10.4,1006.3,8,19.1167,72.85,1
2016-09-26 00:00:00,September,Monsoon,Bombay / Santacruz,MH,Mumbai Suburban,28.7,24.8,31,11.4,1008.3,8,19.1167,72.85,7.1
2016-09-27 00:00:00,September,Monsoon,Bombay / Santacruz,MH,Mumbai Suburban,28.1,25.2,29.4,12.2,1009.2,8,19.1167,72.85,0
2016-09-28 00:00:00,September,Monsoon,Bombay / Santacruz,MH,Mumbai Suburban,28.3,24.4,30,10.9,,8,19.1167,72.85,2
2016-09-29 00:00:00,September,Monsoon,Bombay / Santacruz,MH,Mumbai Suburban,28.3,24.4,31,10.9,1008.1,8,19.1167,72.85,0
2016-09-30 00:00:00,September,Monsoon,Bombay / Santacruz,MH,Mumbai Suburban,28,22.5,30.8,9.9,1007.6,8,19.1167,72.85,0
2017-07-01 00:00:00,July,Monsoon,Bombay / Santacruz,MH,Mumbai Suburban,28.4,24.4,31,18,1002.2,8,19.1167,72.85,93
2017-07-02 00:00:00,July,Monsoon,Bombay / Santacruz,MH,Mumbai Suburban,28.2,24.2,31,16.4,1003.1,8,19.1167,72.85,49
2017-07-03 00:00:00,July,Monsoon,Bombay / Santacruz,MH,Mumbai Suburban,29.8,25.2,31.6,16.5,1005,8,19.1167,72.85,18
2017-07-04 00:00:00,July,Monsoon,Bombay / Santacruz,MH,Mumbai Suburban,29.3,26,32,15.5,1005.9,8,19.1167,72.85,4.1
2017-07-05 00:00:00,July,Monsoon,Bombay / Santacruz,MH,Mumbai Suburban,29.7,24.9,31,18.2,1005.8,8,19.1167,72.85,7.1
2017-07-06 00:00:00,July,Monsoon,Bombay / Santacruz,MH,Mumbai Suburban,29.5,27.2,32,18.5,1006,8,19.1167,72.85,1
2017-07-07 00:00:00,July,Monsoon,Bombay / Santacruz,MH,Mumbai Suburban,29.7,25.5,32.2,15.6,1006.5,8,19.1167,72.85,6.1
2017-07-08 00:00:00,July,Monsoon,Bombay / Santacruz,MH,Mumbai Suburban,29.4,28.4,31.4,15.1,1006.8,8,19.1167,72.85,0
2017-07-09 00:00:00,July,Monsoon,Bombay / Santacruz,MH,Mumbai Suburban,29.4,24.6,32,11.4,1006.1,8,19.1167,72.85,9.9
2017-07-10 00:00:00,July,Monsoon,Bombay / Santacruz,MH,Mumbai Suburban,29.4,26.2,32.4,11.7,1007.2,8,19.1167,72.85,0
2017-07-11 00:00:00,July,Monsoon,Bombay / Santacruz,MH,Mumbai Suburban,29.7,26,32,15.4,1007.3,8,19.1167,72.85,3
2017-07-12 00:00:00,July,Monsoon,Bombay / Santacruz,MH,Mumbai Suburban,29.7,27.4,32,17.3,1006.5,8,19.1167,72.85,0.5
2017-07-13 00:00:00,July,Monsoon,Bombay / Santacruz,MH,Mumbai Suburban,28.8,26,31,16.9,1005.1,8,19.1167,72.85,0.3
2017-07-14 00:00:00,July,Monsoon,Bombay / Santacruz,MH,Mumbai Suburban,28.2,24.2,30,18.8,1004.2,8,19.1167,72.85,25.9
2017-07-15 00:00:00,July,Monsoon,Bombay / Santacruz,MH,Mumbai Suburban,27.4,23.4,29,18.2,,8,19.1167,72.85,68.1
2017-07-16 00:00:00,July,Monsoon,Bombay / Santacruz,MH,Mumbai Suburban,27.9,23,30.4,19.5,1004,8,19.1167,72.85,72.9
2017-07-17 00:00:00,July,Monsoon,Bombay / Santacruz,MH,Mumbai Suburban,25.5,23,27,14.2,1003.7,8,19.1167,72.85,56.9
2017-07-18 00:00:00,July,Monsoon,Bombay / Santacruz,MH,Mumbai Suburban,26.4,22.5,27,12.7,1001.8,8,19.1167,72.85,163.1
2017-07-19 00:00:00,July,Monsoon,Bombay / Santacruz,MH,Mumbai Suburban,27.1,24.2,29,10.8,1000,8,19.1167,72.85,79
2017-07-20 00:00:00,July,Monsoon,Bombay / Santacruz,MH,Mumbai Suburban,27.5,24.6,30,13.1,999,8,19.1167,72.85,22.1
2017-07-21 00:00:00,July,Monsoon,Bombay / Santacruz,MH,Mumbai Suburban,27.4,24.5,29,19.8,1000.5,8,19.1167,72.85,40.9
2017-07-22 00:00:00,July,Monsoon,Bombay / Santacruz,MH,Mumbai Suburban,27.7,24.2,30,20.7,1002.7,8,19.1167,72.85,87.1
2017-07-23 00:00:00,July,Monsoon,Bombay / Santacruz,MH,Mumbai Suburban,28.5,24.2,30,17.5,1003.4,8,19.1167,72.85,27.9
2017-07-24 00:00:00,July,Monsoon,Bombay / Santacruz,MH,Mumbai Suburban,28.8,26.6,31,20.7,1004.1,8,19.1167,72.85,0
2017-07-25 00:00:00,July,Monsoon,Bombay / Santacruz,MH,Mumbai Suburban,28.4,24.8,30,16,1004.1,8,19.1167,72.85,5.1
2017-07-26 00:00:00,July,Monsoon,Bombay / Santacruz,MH,Mumbai Suburban,28.6,26.4,30,16.5,1004.4,8,19.1167,72.85,8.9
2017-07-27 00:00:00,July,Monsoon,Bombay / Santacruz,MH,Mumbai Suburban,28.3,25.9,30,16.9,1005,8,19.1167,72.85,4.1
2017-07-28 00:00:00,July,Monsoon,Bombay / Santacruz,MH,Mumbai Suburban,28.3,25.6,30,16.9,1006.2,8,19.1167,72.85,5.1
2017-07-29 00:00:00,July,Monsoon,Bombay / Santacruz,MH,Mumbai Suburban,28.6,25,31,16.8,1007.1,8,19.1167,72.85,4.1
2017-07-30 00:00:00,July,Monsoon,Bombay / Santacruz,MH,Mumbai Suburban,28.1,25.6,31,15.2,1007.5,8,19.1167,72.85,2
2017-07-31 00:00:00,July,Monsoon,Bombay / Santacruz,MH,Mumbai Suburban,27.8,24.9,30.2,13.2,1007.2,8,19.1167,72.85,2
2017-08-01 00:00:00,August,Monsoon,Bombay / Santacruz,MH,Mumbai Suburban,28.3,24.8,31,14.9,1007.3,8,19.1167,72.85,13
2017-08-02 00:00:00,August,Monsoon,Bombay / Santacruz,MH,Mumbai Suburban,28.6,26.5,30.8,14.8,1007.5,8,19.1167,72.85,2
2017-08-03 00:00:00,August,Monsoon,Bombay / Santacruz,MH,Mumbai Suburban,28.6,25.5,30.6,15.9,1005.9,8,19.1167,72.85,6.1
2017-08-04 00:00:00,August,Monsoon,Bombay / Santacruz,MH,Mumbai Suburban,29.1,26.1,32,16.1,1004,8,19.1167,72.85,2
2017-08-05 00:00:00,August,Monsoon,Bombay / Santacruz,MH,Mumbai Suburban,29.1,26,31,14.6,1003.8,8,19.1167,72.85,3
2017-08-06 00:00:00,August,Monsoon,Bombay / Santacruz,MH,Mumbai Suburban,29.1,26.5,32,13.4,1004.1,8,19.1167,72.85,0
2017-08-07 00:00:00,August,Monsoon,Bombay / Santacruz,MH,Mumbai Suburban,28.9,26.4,32,11,1005,8,19.1167,72.85,0.8
2017-08-08 00:00:00,August,Monsoon,Bombay / Santacruz,MH,Mumbai Suburban,29,25.6,31.6,13.4,1005.9,8,19.1167,72.85,22.1
2017-08-09 00:00:00,August,Monsoon,Bombay / Santacruz,MH,Mumbai Suburban,28.8,26.2,31.6,13.3,1005.9,8,19.1167,72.85,0.3
2017-08-10 00:00:00,August,Monsoon,Bombay / Santacruz,MH,Mumbai Suburban,28.8,26.4,39,14.5,1006.2,8,19.1167,72.85,0.5
2017-08-11 00:00:00,August,Monsoon,Bombay / Santacruz,MH,Mumbai Suburban,29.1,26.5,31.6,15.2,1007.1,8,19.1167,72.85,1
2017-08-12 00:00:00,August,Monsoon,Bombay / Santacruz,MH,Mumbai Suburban,28.8,25.1,31.4,16.9,1007.8,8,19.1167,72.85,5.1
2017-08-13 00:00:00,August,Monsoon,Bombay / Santacruz,MH,Mumbai Suburban,28.2,25.4,30.6,15.3,1008.2,8,19.1167,72.85,4.1
2017-08-14 00:00:00,August,Monsoon,Bombay / Santacruz,MH,Mumbai Suburban,26.8,24.5,29,11.1,1009.5,8,19.1167,72.85,10.9
2017-08-15 00:00:00,August,Monsoon,Bombay / Santacruz,MH,Mumbai Suburban,27.6,23.7,29,8,1009.1,8,19.1167,72.85,54.1
2017-08-16 00:00:00,August,Monsoon,Bombay / Santacruz,MH,Mumbai Suburban,28.7,24.6,31,12.4,1007.4,8,19.1167,72.85,5.1
2017-08-17 00:00:00,August,Monsoon,Bombay / Santacruz,MH,Mumbai Suburban,29.3,26,32,13.8,1005.4,8,19.1167,72.85,0.3
2017-08-18 00:00:00,August,Monsoon,Bombay / Santacruz,MH,Mumbai Suburban,29.3,26,31,14.4,1004,8,19.1167,72.85,0.5
2017-08-19 00:00:00,August,Monsoon,Bombay / Santacruz,MH,Mumbai Suburban,27.3,25.6,29,9.5,1004.2,8,19.1167,72.85,4.1
2017-08-20 00:00:00,August,Monsoon,Bombay / Santacruz,MH,Mumbai Suburban,24.6,22.6,28,12.1,1003.2,8,19.1167,72.85,54.1
2017-08-21 00:00:00,August,Monsoon,Bombay / Santacruz,MH,Mumbai Suburban,25.5,21.8,28,8.4,1001.7,8,19.1167,72.85,119.9
2017-08-22 00:00:00,August,Monsoon,Bombay / Santacruz,MH,Mumbai Suburban,27.7,22.2,31,11.7,1003.1,8,19.1167,72.85,14
2017-08-23 00:00:00,August,Monsoon,Bombay / Santacruz,MH,Mumbai Suburban,28.4,26.4,31,11.5,1006.1,8,19.1167,72.85,0
2017-08-24 00:00:00,August,Monsoon,Bombay / Santacruz,MH,Mumbai Suburban,28.9,25.6,31,14,1006.5,8,19.1167,72.85,15
2017-08-25 00:00:00,August,Monsoon,Bombay / Santacruz,MH,Mumbai Suburban,26.9,25,29,14.4,1004.8,8,19.1167,72.85,3
2017-08-26 00:00:00,August,Monsoon,Bombay / Santacruz,MH,Mumbai Suburban,27.5,24.2,29,12.2,1002.7,8,19.1167,72.85,89.9
2017-08-27 00:00:00,August,Monsoon,Bombay / Santacruz,MH,Mumbai Suburban,28,26.4,30,13.4,1001.8,8,19.1167,72.85,31
2017-08-28 00:00:00,August,Monsoon,Bombay / Santacruz,MH,Mumbai Suburban,27.1,24.2,29,9.8,1000,8,19.1167,72.85,59.9
2017-08-29 00:00:00,August,Monsoon,Bombay / Santacruz,MH,Mumbai Suburban,25.8,24.1,27,23.1,997.7,8,19.1167,72.85,87.9
2017-08-30 00:00:00,August,Monsoon,Bombay / Santacruz,MH,Mumbai Suburban,27.6,23.2,30.4,16.1,1002.2,8,19.1167,72.85,331
2017-08-31 00:00:00,August,Monsoon,Bombay / Santacruz,MH,Mumbai Suburban,28.6,25.8,32,15.1,1006.3,8,19.1167,72.85,8.9
2017-09-01 00:00:00,September,Monsoon,Bombay / Santacruz,MH,Mumbai Suburban,27.9,26,31,12.5,1007.7,8,19.1167,72.85,0
2017-09-02 00:00:00,September,Monsoon,Bombay / Santacruz,MH,Mumbai Suburban,27.8,26,31,11.2,1007.3,8,19.1167,72.85,7.9
2017-09-03 00:00:00,September,Monsoon,Bombay / Santacruz,MH,Mumbai Suburban,27.6,25,30.2,9.2,1007.8,8,19.1167,72.85,13
2017-09-04 00:00:00,September,Monsoon,Bombay / Santacruz,MH,Mumbai Suburban,29,25.5,31.4,9.7,1009.2,8,19.1167,72.85,1
2017-09-05 00:00:00,September,Monsoon,Bombay / Santacruz,MH,Mumbai Suburban,28.9,25.3,31.4,9.8,1009.2,8,19.1167,72.85,0
2017-09-06 00:00:00,September,Monsoon,Bombay / Santacruz,MH,Mumbai Suburban,28.9,25.6,31.4,8.8,1008,8,19.1167,72.85,
2017-09-07 00:00:00,September,Monsoon,Bombay / Santacruz,MH,Mumbai Suburban,29.4,25,32,9.5,1007,8,19.1167,72.85,
2017-09-08 00:00:00,September,Monsoon,Bombay / Santacruz,MH,Mumbai Suburban,29.2,27,32.4,10.5,1006.7,8,19.1167,72.85,
2017-09-09 00:00:00,September,Monsoon,Bombay / Santacruz,MH,Mumbai Suburban,29.1,26.4,31,10.3,1005.8,8,19.1167,72.85,
2017-09-10 00:00:00,September,Monsoon,Bombay / Santacruz,MH,Mumbai Suburban,29.4,26.4,31.8,8.9,1006,8,19.1167,72.85,
2017-09-11 00:00:00,September,Monsoon,Bombay / Santacruz,MH,Mumbai Suburban,31.1,27.5,35,10,1006.4,8,19.1167,72.85,0
2017-09-12 00:00:00,September,Monsoon,Bombay / Santacruz,MH,Mumbai Suburban,31.1,27.8,35,8.2,1006.9,8,19.1167,72.85,0.3
2017-09-13 00:00:00,September,Monsoon,Bombay / Santacruz,MH,Mumbai Suburban,28.5,23.6,31,8.6,,8,19.1167,72.85,103.1
2017-09-14 00:00:00,September,Monsoon,Bombay / Santacruz,MH,Mumbai Suburban,29.1,25,32.4,7.3,1007.3,8,19.1167,72.85,0.5
2017-09-15 00:00:00,September,Monsoon,Bombay / Santacruz,MH,Mumbai Suburban,28.1,24,31.4,7.2,1006.8,8,19.1167,72.85,64
2017-09-16 00:00:00,September,Monsoon,Bombay / Santacruz,MH,Mumbai Suburban,27.8,26,31,7.9,1005.7,8,19.1167,72.85,4.1
2017-09-17 00:00:00,September,Monsoon,Bombay / Santacruz,MH,Mumbai Suburban,27.2,25,29,8.7,1005.6,8,19.1167,72.85,32
2017-09-18 00:00:00,September,Monsoon,Bombay / Santacruz,MH,Mumbai Suburban,28.5,25.4,31.4,11.5,1004.7,8,19.1167,72.85,1
2017-09-19 00:00:00,September,Monsoon,Bombay / Santacruz,MH,Mumbai Suburban,27.2,24.6,31,11.5,1003.6,8,19.1167,72.85,0
2017-09-20 00:00:00,September,Monsoon,Bombay / Santacruz,MH,Mumbai Suburban,24.9,23.8,27,12.5,1005,8,19.1167,72.85,304
2017-09-21 00:00:00,September,Monsoon,Bombay / Santacruz,MH,Mumbai Suburban,26.8,24,29,10,1005.6,8,19.1167,72.85,63
2017-09-22 00:00:00,September,Monsoon,Bombay / Santacruz,MH,Mumbai Suburban,27.7,24.5,31,9.9,1007.6,8,19.1167,72.85,0.3
2017-09-23 00:00:00,September,Monsoon,Bombay / Santacruz,MH,Mumbai Suburban,28.6,25.5,,,,8,19.1167,72.85,0
2017-09-24 00:00:00,September,Monsoon,Bombay / Santacruz,MH,Mumbai Suburban,28.7,25.7,,,,8,19.1167,72.85,
2017-09-25 00:00:00,September,Monsoon,Bombay / Santacruz,MH,Mumbai Suburban,28.9,25.7,,,,8,19.1167,72.85,
2017-09-26 00:00:00,September,Monsoon,Bombay / Santacruz,MH,Mumbai Suburban,29.1,24.5,,,,8,19.1167,72.85,0
2017-09-27 00:00:00,September,Monsoon,Bombay / Santacruz,MH,Mumbai Suburban,30,26.6,34,10.5,,8,19.1167,72.85,
2017-09-28 00:00:00,September,Monsoon,Bombay / Santacruz,MH,Mumbai Suburban,30.1,27.4,33,9.6,1007.2,8,19.1167,72.85,
2017-09-29 00:00:00,September,Monsoon,Bombay / Santacruz,MH,Mumbai Suburban,28.7,26,31.2,9.9,1007.2,8,19.1167,72.85,0.5
2017-09-30 00:00:00,September,Monsoon,Bombay / Santacruz,MH,Mumbai Suburban,29.8,25.4,33,8.3,,8,19.1167,72.85,3
2018-07-01 00:00:00,July,Monsoon,Bombay / Santacruz,MH,Mumbai Suburban,28.9,23.7,32.6,14.5,1005,8,19.1167,72.85,2
2018-07-02 00:00:00,July,Monsoon,Bombay / Santacruz,MH,Mumbai Suburban,27.3,25,30,15.3,1004.4,8,19.1167,72.85,0.5
2018-07-03 00:00:00,July,Monsoon,Bombay / Santacruz,MH,Mumbai Suburban,26.6,22.3,28,9.2,1004.6,8,19.1167,72.85,131.1
2018-07-04 00:00:00,July,Monsoon,Bombay / Santacruz,MH,Mumbai Suburban,28,23.2,30.6,16.8,1004.5,8,19.1167,72.85,118.1
2018-07-05 00:00:00,July,Monsoon,Bombay / Santacruz,MH,Mumbai Suburban,29.1,23.6,31,16.4,1004.8,8,19.1167,72.85,42.9
2018-07-06 00:00:00,July,Monsoon,Bombay / Santacruz,MH,Mumbai Suburban,29.2,24.2,31.2,15.5,1004.8,8,19.1167,72.85,17
2018-07-07 00:00:00,July,Monsoon,Bombay / Santacruz,MH,Mumbai Suburban,27.6,25,29,15.1,1003.7,8,19.1167,72.85,6.1
2018-07-08 00:00:00,July,Monsoon,Bombay / Santacruz,MH,Mumbai Suburban,25.5,22.6,28,11.6,1003.1,8,19.1167,72.85,131.1
2018-07-09 00:00:00,July,Monsoon,Bombay / Santacruz,MH,Mumbai Suburban,25.6,22.2,28,9.6,1002.7,8,19.1167,72.85,121.9
2018-07-10 00:00:00,July,Monsoon,Bombay / Santacruz,MH,Mumbai Suburban,26.9,22.4,28,15,1002.7,8,19.1167,72.85,183.9
2018-07-11 00:00:00,July,Monsoon,Bombay / Santacruz,MH,Mumbai Suburban,28.8,25.2,31,16.5,1002.9,8,19.1167,72.85,114
2018-07-12 00:00:00,July,Monsoon,Bombay / Santacruz,MH,Mumbai Suburban,28.9,28,30,17.9,1002.1,8,19.1167,72.85,5.1
2018-07-13 00:00:00,July,Monsoon,Bombay / Santacruz,MH,Mumbai Suburban,28.2,26,30.4,17.1,1001.4,8,19.1167,72.85,3
2018-07-14 00:00:00,July,Monsoon,Bombay / Santacruz,MH,Mumbai Suburban,28.1,26,29.2,19.2,1000.7,8,19.1167,72.85,16
2018-07-15 00:00:00,July,Monsoon,Bombay / Santacruz,MH,Mumbai Suburban,27.3,25.6,29,19.8,999.3,8,19.1167,72.85,38.1
2018-07-16 00:00:00,July,Monsoon,Bombay / Santacruz,MH,Mumbai Suburban,27.7,25,29,22.8,1000.2,8,19.1167,72.85,95
2018-07-17 00:00:00,July,Monsoon,Bombay / Santacruz,MH,Mumbai Suburban,27.8,26,29.4,19.8,1001.4,8,19.1167,72.85,38.1
2018-07-18 00:00:00,July,Monsoon,Bombay / Santacruz,MH,Mumbai Suburban,28.4,25.8,31,18.5,1002.9,8,19.1167,72.85,9.9
2018-07-19 00:00:00,July,Monsoon,Bombay / Santacruz,MH,Mumbai Suburban,28.4,26.1,31.2,17.8,1003.4,8,19.1167,72.85,2
2018-07-20 00:00:00,July,Monsoon,Bombay / Santacruz,MH,Mumbai Suburban,27.7,25.3,29.4,16.4,1003.1,8,19.1167,72.85,5.1
2018-07-21 00:00:00,July,Monsoon,Bombay / Santacruz,MH,Mumbai Suburban,27.9,25,30,17.8,1004,8,19.1167,72.85,18
2018-07-22 00:00:00,July,Monsoon,Bombay / Santacruz,MH,Mumbai Suburban,28,25.8,29.4,20.4,1004.2,8,19.1167,72.85,0
2018-07-23 00:00:00,July,Monsoon,Bombay / Santacruz,MH,Mumbai Suburban,28,27,29.4,16,1003.5,8,19.1167,72.85,0
2018-07-24 00:00:00,July,Monsoon,Bombay / Santacruz,MH,Mumbai Suburban,28.1,26.2,30,16.8,1005,8,19.1167,72.85,4.1
2018-07-25 00:00:00,July,Monsoon,Bombay / Santacruz,MH,Mumbai Suburban,28.5,26.6,31,16.8,1005.8,8,19.1167,72.85,1
2018-07-26 00:00:00,July,Monsoon,Bombay / Santacruz,MH,Mumbai Suburban,28.1,26.8,29.6,18.8,1006.3,8,19.1167,72.85,1
2018-07-27 00:00:00,July,Monsoon,Bombay / Santacruz,MH,Mumbai Suburban,27.8,26,29.6,19.7,1005.3,8,19.1167,72.85,1
2018-07-28 00:00:00,July,Monsoon,Bombay / Santacruz,MH,Mumbai Suburban,28.5,26.8,30.4,17.4,1005.5,8,19.1167,72.85,1
2018-07-29 00:00:00,July,Monsoon,Bombay / Santacruz,MH,Mumbai Suburban,28.5,26.8,30.4,17.3,1005.6,8,19.1167,72.85,0
2018-07-30 00:00:00,July,Monsoon,Bombay / Santacruz,MH,Mumbai Suburban,28.7,27.4,31,17.2,1005.2,8,19.1167,72.85,
2018-07-31 00:00:00,July,Monsoon,Bombay / Santacruz,MH,Mumbai Suburban,28.6,27.2,31.4,18.1,1005.4,8,19.1167,72.85,0
2018-08-01 00:00:00,August,Monsoon,Bombay / Santacruz,MH,Mumbai Suburban,28.4,27,31.4,19.5,1005.9,8,19.1167,72.85,
2018-08-02 00:00:00,August,Monsoon,Bombay / Santacruz,MH,Mumbai Suburban,28.4,27,31,17.1,1007.4,8,19.1167,72.85,2
2018-08-03 00:00:00,August,Monsoon,Bombay / Santacruz,MH,Mumbai Suburban,28.2,26.5,30.6,17.9,1008.4,8,19.1167,72.85,3
2018-08-04 00:00:00,August,Monsoon,Bombay / Santacruz,MH,Mumbai Suburban,27.9,26.8,30,18.1,1007.7,8,19.1167,72.85,8.9
2018-08-05 00:00:00,August,Monsoon,Bombay / Santacruz,MH,Mumbai Suburban,28.5,26.6,30.2,18.4,1007.8,8,19.1167,72.85,7.9
2018-08-06 00:00:00,August,Monsoon,Bombay / Santacruz,MH,Mumbai Suburban,27.9,26.2,29.2,19,1006.3,8,19.1167,72.85,4.1
2018-08-07 00:00:00,August,Monsoon,Bombay / Santacruz,MH,Mumbai Suburban,28.3,26.6,30,17.3,1004.3,8,19.1167,72.85,2
2018-08-08 00:00:00,August,Monsoon,Bombay / Santacruz,MH,Mumbai Suburban,28.4,26.8,30,18.2,1003.3,8,19.1167,72.85,0.8
2018-08-09 00:00:00,August,Monsoon,Bombay / Santacruz,MH,Mumbai Suburban,27.7,26.5,29,18.4,1006.3,8,19.1167,72.85,2
2018-08-10 00:00:00,August,Monsoon,Bombay / Santacruz,MH,Mumbai Suburban,28.1,26.8,30,16.5,1008.3,8,19.1167,72.85,4.1
2018-08-11 00:00:00,August,Monsoon,Bombay / Santacruz,MH,Mumbai Suburban,27.8,26.2,29.4,18.5,1006.9,8,19.1167,72.85,15
2018-08-12 00:00:00,August,Monsoon,Bombay / Santacruz,MH,Mumbai Suburban,27.2,25.2,29,19,1003.9,8,19.1167,72.85,14
2018-08-13 00:00:00,August,Monsoon,Bombay / Santacruz,MH,Mumbai Suburban,27.5,23.2,28,19.1,1002.6,8,19.1167,72.85,10.9
2018-08-14 00:00:00,August,Monsoon,Bombay / Santacruz,MH,Mumbai Suburban,28.2,24.6,30,17.4,1003.7,8,19.1167,72.85,6.1
2018-08-15 00:00:00,August,Monsoon,Bombay / Santacruz,MH,Mumbai Suburban,27.6,22.2,29,16.8,1003.7,8,19.1167,72.85,0.5
2018-08-16 00:00:00,August,Monsoon,Bombay / Santacruz,MH,Mumbai Suburban,27.3,25,29,16.1,1003.1,8,19.1167,72.85,7.1
2018-08-17 00:00:00,August,Monsoon,Bombay / Santacruz,MH,Mumbai Suburban,27.4,23.8,29,18.4,1002.3,8,19.1167,72.85,10.9
2018-08-18 00:00:00,August,Monsoon,Bombay / Santacruz,MH,Mumbai Suburban,27.3,24.6,29.2,17.2,1003.7,8,19.1167,72.85,4.1
2018-08-19 00:00:00,August,Monsoon,Bombay / Santacruz,MH,Mumbai Suburban,27.6,25,30,16.9,1004.8,8,19.1167,72.85,7.9
2018-08-20 00:00:00,August,Monsoon,Bombay / Santacruz,MH,Mumbai Suburban,27.2,24.2,29,16.6,1005.1,8,19.1167,72.85,16
2018-08-21 00:00:00,August,Monsoon,Bombay / Santacruz,MH,Mumbai Suburban,26.7,24.6,28,16.4,1005,8,19.1167,72.85,5.1
2018-08-22 00:00:00,August,Monsoon,Bombay / Santacruz,MH,Mumbai Suburban,26.9,23.8,28.6,14.8,1006.1,8,19.1167,72.85,24.9
2018-08-23 00:00:00,August,Monsoon,Bombay / Santacruz,MH,Mumbai Suburban,27.4,25,30,15.3,1007.5,8,19.1167,72.85,23.1
2018-08-24 00:00:00,August,Monsoon,Bombay / Santacruz,MH,Mumbai Suburban,27.5,24,30.2,13.5,1007.4,8,19.1167,72.85,8.9
2018-08-25 00:00:00,August,Monsoon,Bombay / Santacruz,MH,Mumbai Suburban,27.5,24.4,29,16.8,1006.6,8,19.1167,72.85,5.1
2018-08-26 00:00:00,August,Monsoon,Bombay / Santacruz,MH,Mumbai Suburban,27,23.5,29.4,14.4,1004.8,8,19.1167,72.85,11.9
2018-08-27 00:00:00,August,Monsoon,Bombay / Santacruz,MH,Mumbai Suburban,27.2,25,30.4,12.7,1005,8,19.1167,72.85,8.9
2018-08-28 00:00:00,August,Monsoon,Bombay / Santacruz,MH,Mumbai Suburban,27.2,23.6,29,10.4,1005.3,8,19.1167,72.85,13
2018-08-29 00:00:00,August,Monsoon,Bombay / Santacruz,MH,Mumbai Suburban,28.1,25.3,30.6,13.3,1007,8,19.1167,72.85,0.3
2018-08-30 00:00:00,August,Monsoon,Bombay / Santacruz,MH,Mumbai Suburban,28.1,25.4,30,14.5,1007.2,8,19.1167,72.85,0
2018-08-31 00:00:00,August,Monsoon,Bombay / Santacruz,MH,Mumbai Suburban,28.1,25,30.4,16,1007.8,8,19.1167,72.85,7.1
2018-09-01 00:00:00,September,Monsoon,Bombay / Santacruz,MH,Mumbai Suburban,28.1,25.6,30.6,16.4,1008.3,8,19.1167,72.85,2
2018-09-02 00:00:00,September,Monsoon,Bombay / Santacruz,MH,Mumbai Suburban,27.6,25,30,17.9,1008.3,8,19.1167,72.85,16
2018-09-03 00:00:00,September,Monsoon,Bombay / Santacruz,MH,Mumbai Suburban,27.9,24.6,30,16.7,1008.5,8,19.1167,72.85,3
2018-09-04 00:00:00,September,Monsoon,Bombay / Santacruz,MH,Mumbai Suburban,28.3,24.6,30.8,16.5,1009.4,8,19.1167,72.85,5.1
2018-09-05 00:00:00,September,Monsoon,Bombay / Santacruz,MH,Mumbai Suburban,28.2,24.2,30.6,16.2,1009.1,8,19.1167,72.85,0
2018-09-06 00:00:00,September,Monsoon,Bombay / Santacruz,MH,Mumbai Suburban,28.2,24.4,30.4,15.5,1008.1,8,19.1167,72.85,0.8
2018-09-07 00:00:00,September,Monsoon,Bombay / Santacruz,MH,Mumbai Suburban,27.9,23.6,30.2,14.3,1007.8,8,19.1167,72.85,0
2018-09-08 00:00:00,September,Monsoon,Bombay / Santacruz,MH,Mumbai Suburban,28.2,23.9,30.8,13.5,1008,8,19.1167,72.85,1
2018-09-09 00:00:00,September,Monsoon,Bombay / Santacruz,MH,Mumbai Suburban,27.7,23.8,31,11,1009,8,19.1167,72.85,0.5
2018-09-10 00:00:00,September,Monsoon,Bombay / Santacruz,MH,Mumbai Suburban,28.1,23.6,31,10.2,1011.6,8,19.1167,72.85,7.9
2018-09-11 00:00:00,September,Monsoon,Bombay / Santacruz,MH,Mumbai Suburban,28.1,23.2,31.2,9.9,1012.3,8,19.1167,72.85,0
2018-09-12 00:00:00,September,Monsoon,Bombay / Santacruz,MH,Mumbai Suburban,28.1,23.2,31,12,1010.6,8,19.1167,72.85,2
2018-09-13 00:00:00,September,Monsoon,Bombay / Santacruz,MH,Mumbai Suburban,27.6,23.5,31.2,11.5,1009.3,8,19.1167,72.85,0
2018-09-14 00:00:00,September,Monsoon,Bombay / Santacruz,MH,Mumbai Suburban,27.4,23.9,30,8.5,1009.7,8,19.1167,72.85,8.9
2018-09-15 00:00:00,September,Monsoon,Bombay / Santacruz,MH,Mumbai Suburban,28.3,25,32.1,10.2,1010.3,8,19.1167,72.85,0.5
2018-09-16 00:00:00,September,Monsoon,Bombay / Santacruz,MH,Mumbai Suburban,28.4,25.4,30.3,7.8,1009.1,8,19.1167,72.85,1
2018-09-17 00:00:00,September,Monsoon,Bombay / Santacruz,MH,Mumbai Suburban,27.8,24.6,32,9.3,1008.4,8,19.1167,72.85,0
2018-09-18 00:00:00,September,Monsoon,Bombay / Santacruz,MH,Mumbai Suburban,28.8,24.2,31.6,9.4,1008.7,8,19.1167,72.85,
2018-09-19 00:00:00,September,Monsoon,Bombay / Santacruz,MH,Mumbai Suburban,27.6,23.4,29,8.6,1008.9,8,19.1167,72.85,8.9
2018-09-20 00:00:00,September,Monsoon,Bombay / Santacruz,MH,Mumbai Suburban,28.2,25.4,31.1,8.2,1006.6,8,19.1167,72.85,0
2018-09-21 00:00:00,September,Monsoon,Bombay / Santacruz,MH,Mumbai Suburban,29,25.6,31.8,10.9,1005.5,8,19.1167,72.85,2
2018-09-22 00:00:00,September,Monsoon,Bombay / Santacruz,MH,Mumbai Suburban,28.6,28,31.4,13.8,1007.1,8,19.1167,72.85,0.3
2018-09-23 00:00:00,September,Monsoon,Bombay / Santacruz,MH,Mumbai Suburban,28.7,26.6,32.4,11.3,1010.6,8,19.1167,72.85,0
2018-09-24 00:00:00,September,Monsoon,Bombay / Santacruz,MH,Mumbai Suburban,28.7,25.5,32,10.1,1011.3,8,19.1167,72.85,0
2018-09-25 00:00:00,September,Monsoon,Bombay / Santacruz,MH,Mumbai Suburban,28.9,24.4,31.8,9.7,1010.7,8,19.1167,72.85,
2018-09-26 00:00:00,September,Monsoon,Bombay / Santacruz,MH,Mumbai Suburban,29.7,24.4,32,10.1,1008.8,8,19.1167,72.85,
2018-09-27 00:00:00,September,Monsoon,Bombay / Santacruz,MH,Mumbai Suburban,29.6,25.5,33,10.5,1008.4,8,19.1167,72.85,
2018-09-28 00:00:00,September,Monsoon,Bombay / Santacruz,MH,Mumbai Suburban,29.4,25,32.4,8.6,1008.9,8,19.1167,72.85,7.1
2018-09-29 00:00:00,September,Monsoon,Bombay / Santacruz,MH,Mumbai Suburban,30.1,23.4,33,9.6,1009.6,8,19.1167,72.85,4.1
2018-09-30 00:00:00,September,Monsoon,Bombay / Santacruz,MH,Mumbai Suburban,32,25.4,36,9,1008.8,8,19.1167,72.85,0
2019-07-01 00:00:00,July,Monsoon,Bombay / Santacruz,MH,Mumbai Suburban,26.3,24,28,13.9,1002.5,8,19.1167,72.85,91.9
2019-07-02 00:00:00,July,Monsoon,Bombay / Santacruz,MH,Mumbai Suburban,26.6,23.4,28,6.8,1003.6,8,19.1167,72.85,374.9
2019-07-03 00:00:00,July,Monsoon,Bombay / Santacruz,MH,Mumbai Suburban,27.4,24,30,7.6,1003.8,8,19.1167,72.85,34
2019-07-04 00:00:00,July,Monsoon,Bombay / Santacruz,MH,Mumbai Suburban,28.1,25,30,10,1003.2,8,19.1167,72.85,4.1
2019-07-05 00:00:00,July,Monsoon,Bombay / Santacruz,MH,Mumbai Suburban,28.6,25.6,30,13.7,1001.8,8,19.1167,72.85,23.1
2019-07-06 00:00:00,July,Monsoon,Bombay / Santacruz,MH,Mumbai Suburban,28.3,24,30,18.2,1000.8,8,19.1167,72.85,78
2019-07-07 00:00:00,July,Monsoon,Bombay / Santacruz,MH,Mumbai Suburban,29.2,25,30.2,19.2,1001.7,8,19.1167,72.85,40.9
2019-07-08 00:00:00,July,Monsoon,Bombay / Santacruz,MH,Mumbai Suburban,28.2,25.1,29,18.4,1003.1,8,19.1167,72.85,31
2019-07-09 00:00:00,July,Monsoon,Bombay / Santacruz,MH,Mumbai Suburban,28.9,26,31.8,17.5,1002.3,8,19.1167,72.85,130
2019-07-10 00:00:00,July,Monsoon,Bombay / Santacruz,MH,Mumbai Suburban,27.3,26,29,13.2,1002.6,8,19.1167,72.85,7.1
2019-07-11 00:00:00,July,Monsoon,Bombay / Santacruz,MH,Mumbai Suburban,28.6,25,31,16.6,1004.9,8,19.1167,72.85,50
2019-07-12 00:00:00,July,Monsoon,Bombay / Santacruz,MH,Mumbai Suburban,29.3,23,32,14.7,1006.2,8,19.1167,72.85,24.9
2019-07-13 00:00:00,July,Monsoon,Bombay / Santacruz,MH,Mumbai Suburban,28.6,25.4,30.4,14.7,1007.2,8,19.1167,72.85,4.1
2019-07-14 00:00:00,July,Monsoon,Bombay / Santacruz,MH,Mumbai Suburban,29.4,25.4,31,14.8,1006.8,8,19.1167,72.85,10.9
2019-07-15 00:00:00,July,Monsoon,Bombay / Santacruz,MH,Mumbai Suburban,29.6,28.2,31,14.5,1005.6,8,19.1167,72.85,3
2019-07-16 00:00:00,July,Monsoon,Bombay / Santacruz,MH,Mumbai Suburban,29.1,26.2,30.2,13,1006.3,8,19.1167,72.85,3
2019-07-17 00:00:00,July,Monsoon,Bombay / Santacruz,MH,Mumbai Suburban,29.5,27.2,32.4,12.2,1006.1,8,19.1167,72.85,4.1
2019-07-18 00:00:00,July,Monsoon,Bombay / Santacruz,MH,Mumbai Suburban,29.9,26.6,32,11.7,1004.2,8,19.1167,72.85,7.1
2019-07-19 00:00:00,July,Monsoon,Bombay / Santacruz,MH,Mumbai Suburban,30.1,26.6,33.4,11.2,1002.5,8,19.1167,72.85,2
2019-07-20 00:00:00,July,Monsoon,Bombay / Santacruz,MH,Mumbai Suburban,28.6,26.2,32.2,9.1,1001.8,8,19.1167,72.85,0.3
2019-07-21 00:00:00,July,Monsoon,Bombay / Santacruz,MH,Mumbai Suburban,29.2,25.2,32.6,6.5,1000.3,8,19.1167,72.85,6.1
2019-07-22 00:00:00,July,Monsoon,Bombay / Santacruz,MH,Mumbai Suburban,29.8,25,33.4,12.8,999.7,8,19.1167,72.85,16
2019-07-23 00:00:00,July,Monsoon,Bombay / Santacruz,MH,Mumbai Suburban,28.7,27.8,31,12,1000.3,8,19.1167,72.85,0
2019-07-24 00:00:00,July,Monsoon,Bombay / Santacruz,MH,Mumbai Suburban,27.4,25.1,29,14.6,1003.3,8,19.1167,72.85,84.1
2019-07-25 00:00:00,July,Monsoon,Bombay / Santacruz,MH,Mumbai Suburban,27.9,24.9,30,14.2,1005.8,8,19.1167,72.85,38.1
2019-07-26 00:00:00,July,Monsoon,Bombay / Santacruz,MH,Mumbai Suburban,28.1,26,30.8,17.7,1004.5,8,19.1167,72.85,43.9
2019-07-27 00:00:00,July,Monsoon,Bombay / Santacruz,MH,Mumbai Suburban,27.8,24,30,20.5,1004.5,8,19.1167,72.85,218.9
2019-07-28 00:00:00,July,Monsoon,Bombay / Santacruz,MH,Mumbai Suburban,29,24.5,30,17.8,1004.6,8,19.1167,72.85,27.9
2019-07-29 00:00:00,July,Monsoon,Bombay / Santacruz,MH,Mumbai Suburban,28.1,26,29,18.1,1003.7,8,19.1167,72.85,0.5
2019-07-30 00:00:00,July,Monsoon,Bombay / Santacruz,MH,Mumbai Suburban,27,24,29,16.6,1004.4,8,19.1167,72.85,39.1
2019-07-31 00:00:00,July,Monsoon,Bombay / Santacruz,MH,Mumbai Suburban,28.1,23.4,29,18.7,1005.7,8,19.1167,72.85,65
2019-08-01 00:00:00,August,Monsoon,Bombay / Santacruz,MH,Mumbai Suburban,28.4,25.4,30.8,19.2,1004.9,8,19.1167,72.85,13
2019-08-02 00:00:00,August,Monsoon,Bombay / Santacruz,MH,Mumbai Suburban,26.7,24.2,29,20.6,1003.6,8,19.1167,72.85,42.9
2019-08-03 00:00:00,August,Monsoon,Bombay / Santacruz,MH,Mumbai Suburban,26.4,24.6,28,17.9,1003,8,19.1167,72.85,134.1
2019-08-04 00:00:00,August,Monsoon,Bombay / Santacruz,MH,Mumbai Suburban,27.3,25,28,20.7,1002.5,8,19.1167,72.85,0
2019-08-05 00:00:00,August,Monsoon,Bombay / Santacruz,MH,Mumbai Suburban,28.3,24,29,17.5,1002.2,8,19.1167,72.85,62
2019-08-06 00:00:00,August,Monsoon,Bombay / Santacruz,MH,Mumbai Suburban,28.1,24.8,29,19.3,1001.8,8,19.1167,72.85,8.9
2019-08-07 00:00:00,August,Monsoon,Bombay / Santacruz,MH,Mumbai Suburban,28.1,25.4,29,19.1,1000.9,8,19.1167,72.85,7.9
2019-08-08 00:00:00,August,Monsoon,Bombay / Santacruz,MH,Mumbai Suburban,28.3,26.2,29,18.7,1000.1,8,19.1167,72.85,1
2019-08-09 00:00:00,August,Monsoon,Bombay / Santacruz,MH,Mumbai Suburban,28.1,26,29,19.5,1000.1,8,19.1167,72.85,4.1
2019-08-10 00:00:00,August,Monsoon,Bombay / Santacruz,MH,Mumbai Suburban,28.6,26.6,29.8,21.8,1001.5,8,19.1167,72.85,3
2019-08-11 00:00:00,August,Monsoon,Bombay / Santacruz,MH,Mumbai Suburban,28.4,25.6,30.6,19.4,1004,8,19.1167,72.85,5.1
2019-08-12 00:00:00,August,Monsoon,Bombay / Santacruz,MH,Mumbai Suburban,28.4,24.8,31.2,16.7,1004.9,8,19.1167,72.85,6.1
2019-08-13 00:00:00,August,Monsoon,Bombay / Santacruz,MH,Mumbai Suburban,28.3,26,30,14,1005.1,8,19.1167,72.85,1
2019-08-14 00:00:00,August,Monsoon,Bombay / Santacruz,MH,Mumbai Suburban,28.2,26,30,12.8,1005.8,8,19.1167,72.85,3
2019-08-15 00:00:00,August,Monsoon,Bombay / Santacruz,MH,Mumbai Suburban,28.3,25.2,30.6,16.1,1006.5,8,19.1167,72.85,7.9
2019-08-16 00:00:00,August,Monsoon,Bombay / Santacruz,MH,Mumbai Suburban,28.4,25.2,30.4,17.8,1006.2,8,19.1167,72.85,6.1
2019-08-17 00:00:00,August,Monsoon,Bombay / Santacruz,MH,Mumbai Suburban,28.5,25.8,31,16.7,1006.1,8,19.1167,72.85,5.1
2019-08-18 00:00:00,August,Monsoon,Bombay / Santacruz,MH,Mumbai Suburban,28.6,25.6,31,12.9,1007.6,8,19.1167,72.85,4.1
2019-08-19 00:00:00,August,Monsoon,Bombay / Santacruz,MH,Mumbai Suburban,28.6,25.8,30.2,12.4,1008.9,8,19.1167,72.85,2
2019-08-20 00:00:00,August,Monsoon,Bombay / Santacruz,MH,Mumbai Suburban,29.1,25.5,31.4,12,1008.9,8,19.1167,72.85,1
2019-08-21 00:00:00,August,Monsoon,Bombay / Santacruz,MH,Mumbai Suburban,28.8,26,31,14.8,1008,8,19.1167,72.85,6.1
2019-08-22 00:00:00,August,Monsoon,Bombay / Santacruz,MH,Mumbai Suburban,28.9,27,31,14.3,1007.3,8,19.1167,72.85,1
2019-08-23 00:00:00,August,Monsoon,Bombay / Santacruz,MH,Mumbai Suburban,28.9,26.4,31.6,12.9,1007.2,8,19.1167,72.85,2
2019-08-24 00:00:00,August,Monsoon,Bombay / Santacruz,MH,Mumbai Suburban,28.6,25.4,31.2,13.8,1006.8,8,19.1167,72.85,1
2019-08-25 00:00:00,August,Monsoon,Bombay / Santacruz,MH,Mumbai Suburban,27.8,25,30.2,10.1,1005.8,8,19.1167,72.85,10.9
2019-08-26 00:00:00,August,Monsoon,Bombay / Santacruz,MH,Mumbai Suburban,28.4,24.6,31,11.6,1005.6,8,19.1167,72.85,7.1
2019-08-27 00:00:00,August,Monsoon,Bombay / Santacruz,MH,Mumbai Suburban,28.6,25.8,31.2,12.5,1004.5,8,19.1167,72.85,0
2019-08-28 00:00:00,August,Monsoon,Bombay / Santacruz,MH,Mumbai Suburban,28.5,25,31.4,12.2,1004.6,8,19.1167,72.85,6.1
2019-08-29 00:00:00,August,Monsoon,Bombay / Santacruz,MH,Mumbai Suburban,28.7,25.4,32.4,11.7,1005.1,8,19.1167,72.85,3
2019-08-30 00:00:00,August,Monsoon,Bombay / Santacruz,MH,Mumbai Suburban,28.3,25.2,30,12.7,1003.6,8,19.1167,72.85,3
2019-08-31 00:00:00,August,Monsoon,Bombay / Santacruz,MH,Mumbai Suburban,27.9,25.7,29.2,15.4,1002.1,8,19.1167,72.85,13
2019-09-01 00:00:00,September,Monsoon,Bombay / Santacruz,MH,Mumbai Suburban,27.2,25.4,28,12.2,1003.3,8,19.1167,72.85,16
2019-09-02 00:00:00,September,Monsoon,Bombay / Santacruz,MH,Mumbai Suburban,27.8,24.9,31.2,11.5,1004.7,8,19.1167,72.85,17
2019-09-03 00:00:00,September,Monsoon,Bombay / Santacruz,MH,Mumbai Suburban,26.4,24.6,29,14.5,1004.1,8,19.1167,72.85,131.1
2019-09-04 00:00:00,September,Monsoon,Bombay / Santacruz,MH,Mumbai Suburban,25.9,24,27,15.1,1002.9,8,19.1167,72.85,118.1
2019-09-05 00:00:00,September,Monsoon,Bombay / Santacruz,MH,Mumbai Suburban,27,24.2,29,14.5,1001.7,8,19.1167,72.85,242.1
2019-09-06 00:00:00,September,Monsoon,Bombay / Santacruz,MH,Mumbai Suburban,27.3,24.8,29,15.5,1002.3,8,19.1167,72.85,45
2019-09-07 00:00:00,September,Monsoon,Bombay / Santacruz,MH,Mumbai Suburban,26.8,24.8,29,15.8,1002.5,8,19.1167,72.85,23.1
2019-09-08 00:00:00,September,Monsoon,Bombay / Santacruz,MH,Mumbai Suburban,26.9,23.6,28.8,13.6,1004.2,8,19.1167,72.85,119.1
2019-09-09 00:00:00,September,Monsoon,Bombay / Santacruz,MH,Mumbai Suburban,27.1,24.3,29,16.1,1004.2,8,19.1167,72.85,25.9
2019-09-10 00:00:00,September,Monsoon,Bombay / Santacruz,MH,Mumbai Suburban,27.7,24.4,30,14.2,1004.3,8,19.1167,72.85,54.1
2019-09-11 00:00:00,September,Monsoon,Bombay / Santacruz,MH,Mumbai Suburban,27.2,24.2,29.2,11.7,1006.9,8,19.1167,72.85,7.1
2019-09-12 00:00:00,September,Monsoon,Bombay / Santacruz,MH,Mumbai Suburban,27.4,26,29,14.2,1008.2,8,19.1167,72.85,5.1
2019-09-13 00:00:00,September,Monsoon,Bombay / Santacruz,MH,Mumbai Suburban,27.2,23,29.2,12.9,1008.7,8,19.1167,72.85,40.9
2019-09-14 00:00:00,September,Monsoon,Bombay / Santacruz,MH,Mumbai Suburban,28.6,24.6,30.6,16.6,1008.2,8,19.1167,72.85,23.1
2019-09-15 00:00:00,September,Monsoon,Bombay / Santacruz,MH,Mumbai Suburban,26.4,23.5,30,11,1009,8,19.1167,72.85,31
2019-09-16 00:00:00,September,Monsoon,Bombay / Santacruz,MH,Mumbai Suburban,28.3,24.3,29,12.4,1008,8,19.1167,72.85,8.9
2019-09-17 00:00:00,September,Monsoon,Bombay / Santacruz,MH,Mumbai Suburban,27.4,26,29.4,11.9,1006.9,8,19.1167,72.85,5.1
2019-09-18 00:00:00,September,Monsoon,Bombay / Santacruz,MH,Mumbai Suburban,27.3,24.6,31,12.2,1006.9,8,19.1167,72.85,7.9
2019-09-19 00:00:00,September,Monsoon,Bombay / Santacruz,MH,Mumbai Suburban,27.6,23.6,31,8,1005.8,8,19.1167,72.85,69.1
2019-09-20 00:00:00,September,Monsoon,Bombay / Santacruz,MH,Mumbai Suburban,27.1,24.7,29,12.1,1005.4,8,19.1167,72.85,3
2019-09-21 00:00:00,September,Monsoon,Bombay / Santacruz,MH,Mumbai Suburban,27.9,24.6,31.7,16.5,1005.1,8,19.1167,72.85,55.1
2019-09-22 00:00:00,September,Monsoon,Bombay / Santacruz,MH,Mumbai Suburban,28.7,25,33,13.4,1006.9,8,19.1167,72.85,0.8
2019-09-23 00:00:00,September,Monsoon,Bombay / Santacruz,MH,Mumbai Suburban,29.1,25.6,32,9.6,1008.7,8,19.1167,72.85,0
2019-09-24 00:00:00,September,Monsoon,Bombay / Santacruz,MH,Mumbai Suburban,28.9,25.2,31,9.4,1007.9,8,19.1167,72.85,0.5
2019-09-25 00:00:00,September,Monsoon,Bombay / Santacruz,MH,Mumbai Suburban,27.7,24,30,8.6,1007.2,8,19.1167,72.85,30
2019-09-26 00:00:00,September,Monsoon,Bombay / Santacruz,MH,Mumbai Suburban,27.8,25,32,10.2,1008.3,8,19.1167,72.85,1
2019-09-27 00:00:00,September,Monsoon,Bombay / Santacruz,MH,Mumbai Suburban,27.6,23.8,30.8,14.7,1011.7,8,19.1167,72.85,29
2019-09-28 00:00:00,September,Monsoon,Bombay / Santacruz,MH,Mumbai Suburban,28,24.8,31,12.2,1011.1,8,19.1167,72.85,1
2019-09-29 00:00:00,September,Monsoon,Bombay / Santacruz,MH,Mumbai Suburban,28.4,25,32.2,13,1011.5,8,19.1167,72.85,0.3
2019-09-30 00:00:00,September,Monsoon,Bombay / Santacruz,MH,Mumbai Suburban,28.3,26,31.4,12.1,1011.1,8,19.1167,72.85,4.1
2020-07-01 00:00:00,July,Monsoon,Bombay / Santacruz,MH,Mumbai Suburban,28.7,26,32.2,12.4,1003,8,19.1167,72.85,8.9
2020-07-02 00:00:00,July,Monsoon,Bombay / Santacruz,MH,Mumbai Suburban,28.9,25.4,31.6,11.4,1002.7,8,19.1167,72.85,7.1
2020-07-03 00:00:00,July,Monsoon,Bombay / Santacruz,MH,Mumbai Suburban,27.1,26,29,9.1,1002,8,19.1167,72.85,10.9
2020-07-04 00:00:00,July,Monsoon,Bombay / Santacruz,MH,Mumbai Suburban,26.6,25.6,27.2,13,1000.4,8,19.1167,72.85,157
2020-07-05 00:00:00,July,Monsoon,Bombay / Santacruz,MH,Mumbai Suburban,28.1,24.8,29.2,16.2,1000.1,8,19.1167,72.85,200.9
2020-07-06 00:00:00,July,Monsoon,Bombay / Santacruz,MH,Mumbai Suburban,28.9,25,31,19.9,998.5,8,19.1167,72.85,116.1
2020-07-07 00:00:00,July,Monsoon,Bombay / Santacruz,MH,Mumbai Suburban,28.5,25,31,12.9,999.8,8,19.1167,72.85,30
2020-07-08 00:00:00,July,Monsoon,Bombay / Santacruz,MH,Mumbai Suburban,28.9,25.8,31.4,12.6,1003.1,8,19.1167,72.85,57.9
2020-07-09 00:00:00,July,Monsoon,Bombay / Santacruz,MH,Mumbai Suburban,29.1,26.2,31.8,12.7,1003.5,8,19.1167,72.85,20.1
2020-07-10 00:00:00,July,Monsoon,Bombay / Santacruz,MH,Mumbai Suburban,29.7,26.4,32,13.6,1003.8,8,19.1167,72.85,6.1
2020-07-11 00:00:00,July,Monsoon,Bombay / Santacruz,MH,Mumbai Suburban,29.1,26.8,32.2,12.2,1003.9,8,19.1167,72.85,1
2020-07-12 00:00:00,July,Monsoon,Bombay / Santacruz,MH,Mumbai Suburban,26.6,25,28.8,8.9,1004.5,8,19.1167,72.85,22.1
2020-07-13 00:00:00,July,Monsoon,Bombay / Santacruz,MH,Mumbai Suburban,27.2,23.8,29.8,9.9,1003.5,8,19.1167,72.85,70.1
2020-07-14 00:00:00,July,Monsoon,Bombay / Santacruz,MH,Mumbai Suburban,26.7,25,28.4,8.6,1003.3,8,19.1167,72.85,26.9
2020-07-15 00:00:00,July,Monsoon,Bombay / Santacruz,MH,Mumbai Suburban,26.3,24.4,27.2,6.6,1001.9,8,19.1167,72.85,97
2020-07-16 00:00:00,July,Monsoon,Bombay / Santacruz,MH,Mumbai Suburban,26.3,24.4,27,10.1,998.9,8,19.1167,72.85,191
2020-07-17 00:00:00,July,Monsoon,Bombay / Santacruz,MH,Mumbai Suburban,26.7,24.6,29.6,11,998.6,8,19.1167,72.85,154.9
2020-07-18 00:00:00,July,Monsoon,Bombay / Santacruz,MH,Mumbai Suburban,28.5,25,32,10.9,1002.2,8,19.1167,72.85,54.1
2020-07-19 00:00:00,July,Monsoon,Bombay / Santacruz,MH,Mumbai Suburban,29.4,25.8,32.4,11.1,1005,8,19.1167,72.85,7.9
2020-07-20 00:00:00,July,Monsoon,Bombay / Santacruz,MH,Mumbai Suburban,29.6,26.5,32.6,9.5,1003.6,8,19.1167,72.85,6.1
2020-07-21 00:00:00,July,Monsoon,Bombay / Santacruz,MH,Mumbai Suburban,29.4,26.4,33,10.1,1004.1,8,19.1167,72.85,4.1
2020-07-22 00:00:00,July,Monsoon,Bombay / Santacruz,MH,Mumbai Suburban,29.4,26.2,32.2,9.3,1005.6,8,19.1167,72.85,0
2020-07-23 00:00:00,July,Monsoon,Bombay / Santacruz,MH,Mumbai Suburban,28.7,25.4,31,8.5,1004.7,8,19.1167,72.85,49
2020-07-24 00:00:00,July,Monsoon,Bombay / Santacruz,MH,Mumbai Suburban,27.8,24.8,29,5.6,1005.6,8,19.1167,72.85,18
2020-07-25 00:00:00,July,Monsoon,Bombay / Santacruz,MH,Mumbai Suburban,28.7,25.4,32,9.7,1005.8,8,19.1167,72.85,9.9
2020-07-26 00:00:00,July,Monsoon,Bombay / Santacruz,MH,Mumbai Suburban,28.2,25.2,32,9.9,1006.7,8,19.1167,72.85,8.9
2020-07-27 00:00:00,July,Monsoon,Bombay / Santacruz,MH,Mumbai Suburban,26.9,25,29,9,1007.6,8,19.1167,72.85,101.1
2020-07-28 00:00:00,July,Monsoon,Bombay / Santacruz,MH,Mumbai Suburban,26.5,25,28,9.5,1006.4,8,19.1167,72.85,29
2020-07-29 00:00:00,July,Monsoon,Bombay / Santacruz,MH,Mumbai Suburban,27.8,24.6,30.6,6.8,1004,8,19.1167,72.85,8.9
2020-07-30 00:00:00,July,Monsoon,Bombay / Santacruz,MH,Mumbai Suburban,27.3,25,30,7.3,1003.8,8,19.1167,72.85,18
2020-07-31 00:00:00,July,Monsoon,Bombay / Santacruz,MH,Mumbai Suburban,28.5,25.4,32,7.7,1003.5,8,19.1167,72.85,8.9
2020-08-01 00:00:00,August,Monsoon,Bombay / Santacruz,MH,Mumbai Suburban,28.8,25.6,32,11,1003.1,8,19.1167,72.85,0.5
2020-08-02 00:00:00,August,Monsoon,Bombay / Santacruz,MH,Mumbai Suburban,29,26.2,33.2,13.5,1001.9,8,19.1167,72.85,0.3
2020-08-03 00:00:00,August,Monsoon,Bombay / Santacruz,MH,Mumbai Suburban,27.9,26,31.6,13.9,999.8,8,19.1167,72.85,3
2020-08-04 00:00:00,August,Monsoon,Bombay / Santacruz,MH,Mumbai Suburban,27.4,24.8,29,18.6,996.3,8,19.1167,72.85,0
2020-08-05 00:00:00,August,Monsoon,Bombay / Santacruz,MH,Mumbai Suburban,26.2,24,29,18.1,993.6,8,19.1167,72.85,84.1
2020-08-06 00:00:00,August,Monsoon,Bombay / Santacruz,MH,Mumbai Suburban,26.4,23,28,19.7,995.2,8,19.1167,72.85,16
2020-08-07 00:00:00,August,Monsoon,Bombay / Santacruz,MH,Mumbai Suburban,27.9,24.2,30,15.4,1000.9,8,19.1167,72.85,79
2020-08-08 00:00:00,August,Monsoon,Bombay / Santacruz,MH,Mumbai Suburban,28.2,25.4,30.2,12.8,1003.9,8,19.1167,72.85,11.9
2020-08-09 00:00:00,August,Monsoon,Bombay / Santacruz,MH,Mumbai Suburban,29,25,31,14.3,1003.5,8,19.1167,72.85,19.1
2020-08-10 00:00:00,August,Monsoon,Bombay / Santacruz,MH,Mumbai Suburban,28.6,27,30.2,14.1,1003,8,19.1167,72.85,0.5
2020-08-11 00:00:00,August,Monsoon,Bombay / Santacruz,MH,Mumbai Suburban,28.1,26,29.4,13.7,1004.9,8,19.1167,72.85,5.1
2020-08-12 00:00:00,August,Monsoon,Bombay / Santacruz,MH,Mumbai Suburban,27.3,25.4,28.8,16.1,1006,8,19.1167,72.85,31
2020-08-13 00:00:00,August,Monsoon,Bombay / Santacruz,MH,Mumbai Suburban,27.8,26,30,16.8,1004,8,19.1167,72.85,41.9
2020-08-14 00:00:00,August,Monsoon,Bombay / Santacruz,MH,Mumbai Suburban,26.8,24.8,28,16.3,1002.2,8,19.1167,72.85,40.9
2020-08-15 00:00:00,August,Monsoon,Bombay / Santacruz,MH,Mumbai Suburban,27.8,24.6,29.4,15.1,1001.7,8,19.1167,72.85,59.9
2020-08-16 00:00:00,August,Monsoon,Bombay / Santacruz,MH,Mumbai Suburban,28.1,25.8,29.4,26.4,1002.8,8,19.1167,72.85,19.1
2020-08-17 00:00:00,August,Monsoon,Bombay / Santacruz,MH,Mumbai Suburban,27.3,25.4,29,14.7,1002.5,8,19.1167,72.85,7.9
2020-08-18 00:00:00,August,Monsoon,Bombay / Santacruz,MH,Mumbai Suburban,27.7,24.6,30,13.2,1004,8,19.1167,72.85,45
2020-08-19 00:00:00,August,Monsoon,Bombay / Santacruz,MH,Mumbai Suburban,27.9,25,30,13.7,1003.6,8,19.1167,72.85,10.9
2020-08-20 00:00:00,August,Monsoon,Bombay / Santacruz,MH,Mumbai Suburban,27.4,23.2,28,12.1,1002.5,8,19.1167,72.85,23.1
2020-08-21 00:00:00,August,Monsoon,Bombay / Santacruz,MH,Mumbai Suburban,26.6,24.8,28,13.4,1003.8,8,19.1167,72.85,32
2020-08-22 00:00:00,August,Monsoon,Bombay / Santacruz,MH,Mumbai Suburban,27.7,24.8,29,16.3,1004.6,8,19.1167,72.85,65
2020-08-23 00:00:00,August,Monsoon,Bombay / Santacruz,MH,Mumbai Suburban,28.2,26,30,14.8,1005.1,8,19.1167,72.85,14
2020-08-24 00:00:00,August,Monsoon,Bombay / Santacruz,MH,Mumbai Suburban,28.1,25,30.8,15.9,1005.9,8,19.1167,72.85,7.9
2020-08-25 00:00:00,August,Monsoon,Bombay / Santacruz,MH,Mumbai Suburban,28,24.4,31,13.5,1008.2,8,19.1167,72.85,13
2020-08-26 00:00:00,August,Monsoon,Bombay / Santacruz,MH,Mumbai Suburban,28.4,25.7,31,12.1,1008.6,8,19.1167,72.85,4.1
2020-08-27 00:00:00,August,Monsoon,Bombay / Santacruz,MH,Mumbai Suburban,28.2,26.8,30,13.3,1007.3,8,19.1167,72.85,2
2020-08-28 00:00:00,August,Monsoon,Bombay / Santacruz,MH,Mumbai Suburban,26.3,25,27.4,10.6,1005.7,8,19.1167,72.85,5.1
2020-08-29 00:00:00,August,Monsoon,Bombay / Santacruz,MH,Mumbai Suburban,26,24.2,27,9.7,1005.1,8,19.1167,72.85,85.1
2020-08-30 00:00:00,August,Monsoon,Bombay / Santacruz,MH,Mumbai Suburban,26.5,23.8,28,11.8,1005.4,8,19.1167,72.85,53.1
2020-08-31 00:00:00,August,Monsoon,Bombay / Santacruz,MH,Mumbai Suburban,27.1,24,30,12.6,1007.2,8,19.1167,72.85,46
2020-09-01 00:00:00,September,Monsoon,Bombay / Santacruz,MH,Mumbai Suburban,27.6,24.2,30.2,7.8,1008.9,8,19.1167,72.85,8.9
2020-09-02 00:00:00,September,Monsoon,Bombay / Santacruz,MH,Mumbai Suburban,28.6,24.8,31,6.4,1008.1,8,19.1167,72.85,10.9
2020-09-03 00:00:00,September,Monsoon,Bombay / Santacruz,MH,Mumbai Suburban,29,25.4,32,9,1007.1,8,19.1167,72.85,0
2020-09-04 00:00:00,September,Monsoon,Bombay / Santacruz,MH,Mumbai Suburban,29.8,25,33.6,7.1,1006.1,8,19.1167,72.85,0
2020-09-05 00:00:00,September,Monsoon,Bombay / Santacruz,MH,Mumbai Suburban,30.6,25.4,33.2,7.7,1005.4,8,19.1167,72.85,7.1
2020-09-06 00:00:00,September,Monsoon,Bombay / Santacruz,MH,Mumbai Suburban,29.8,27.8,32.8,7.8,1004.5,8,19.1167,72.85,0
2020-09-07 00:00:00,September,Monsoon,Bombay / Santacruz,MH,Mumbai Suburban,28.6,25.4,32,9.4,1006.2,8,19.1167,72.85,10.9
2020-09-08 00:00:00,September,Monsoon,Bombay / Santacruz,MH,Mumbai Suburban,30.1,26,33,8.6,1006.6,8,19.1167,72.85,0.5
2020-09-09 00:00:00,September,Monsoon,Bombay / Santacruz,MH,Mumbai Suburban,29.9,26.6,33,8.4,1005,8,19.1167,72.85,0
2020-09-10 00:00:00,September,Monsoon,Bombay / Santacruz,MH,Mumbai Suburban,29.7,26.6,32.8,9.1,1003.5,8,19.1167,72.85,6.1
2020-09-11 00:00:00,September,Monsoon,Bombay / Santacruz,MH,Mumbai Suburban,28.8,26,33,9.3,1002.3,8,19.1167,72.85,0
2020-09-12 00:00:00,September,Monsoon,Bombay / Santacruz,MH,Mumbai Suburban,28,25.2,32,13.8,1003.9,8,19.1167,72.85,10.9
2020-09-13 00:00:00,September,Monsoon,Bombay / Santacruz,MH,Mumbai Suburban,28.4,25,31,12,1006.4,8,19.1167,72.85,25.9
2020-09-14 00:00:00,September,Monsoon,Bombay / Santacruz,MH,Mumbai Suburban,27.2,25.4,31,8,1006.3,8,19.1167,72.85,3
2020-09-15 00:00:00,September,Monsoon,Bombay / Santacruz,MH,Mumbai Suburban,27.8,24.6,31,7.2,1006,8,19.1167,72.85,7.1
2020-09-16 00:00:00,September,Monsoon,Bombay / Santacruz,MH,Mumbai Suburban,28,25,30.8,5.9,1006.3,8,19.1167,72.85,3
2020-09-17 00:00:00,September,Monsoon,Bombay / Santacruz,MH,Mumbai Suburban,27.3,24.8,28.6,7.1,1006.8,8,19.1167,72.85,15
2020-09-18 00:00:00,September,Monsoon,Bombay / Santacruz,MH,Mumbai Suburban,26.9,26,29.6,5.6,1005.9,8,19.1167,72.85,0
2020-09-19 00:00:00,September,Monsoon,Bombay / Santacruz,MH,Mumbai Suburban,27.8,25,30,4.6,1003.4,8,19.1167,72.85,2
2020-09-20 00:00:00,September,Monsoon,Bombay / Santacruz,MH,Mumbai Suburban,29.2,25,33,7.3,1001.5,8,19.1167,72.85,11.9
2020-09-21 00:00:00,September,Monsoon,Bombay / Santacruz,MH,Mumbai Suburban,27.8,25,31.8,6.1,1000.6,8,19.1167,72.85,0
2020-09-22 00:00:00,September,Monsoon,Bombay / Santacruz,MH,Mumbai Suburban,26.8,25,28,7.1,1000.8,8,19.1167,72.85,23.1
2020-09-23 00:00:00,September,Monsoon,Bombay / Santacruz,MH,Mumbai Suburban,25.8,24.6,28,10,1002.6,8,19.1167,72.85,286
2020-09-24 00:00:00,September,Monsoon,Bombay / Santacruz,MH,Mumbai Suburban,27.7,23.8,30,6.5,1006.7,8,19.1167,72.85,109
2020-09-25 00:00:00,September,Monsoon,Bombay / Santacruz,MH,Mumbai Suburban,28.3,25.2,30,8.9,1007.7,8,19.1167,72.85,2
2020-09-26 00:00:00,September,Monsoon,Bombay / Santacruz,MH,Mumbai Suburban,28.9,25.4,31.6,10.8,1007.3,8,19.1167,72.85,0
2020-09-27 00:00:00,September,Monsoon,Bombay / Santacruz,MH,Mumbai Suburban,28.8,25,32,9.1,1008.5,8,19.1167,72.85,0
2020-09-28 00:00:00,September,Monsoon,Bombay / Santacruz,MH,Mumbai Suburban,28.6,25,31.8,8.4,1008.9,8,19.1167,72.85,
2020-09-29 00:00:00,September,Monsoon,Bombay / Santacruz,MH,Mumbai Suburban,28.9,24.9,32.4,6.9,1008.3,8,19.1167,72.85,
2020-09-30 00:00:00,September,Monsoon,Bombay / Santacruz,MH,Mumbai Suburban,29.1,24.4,32,8.8,1007.4,8,19.1167,72.85,
2021-07-01 00:00:00,July,Monsoon,Bombay / Santacruz,MH,Mumbai Suburban,30.2,26.2,32.4,14.3,1004.6,8,19.1167,72.85,5.1
2021-07-02 00:00:00,July,Monsoon,Bombay / Santacruz,MH,Mumbai Suburban,30.1,27.6,32.6,14.4,1004.9,8,19.1167,72.85,0.3
2021-07-03 00:00:00,July,Monsoon,Bombay / Santacruz,MH,Mumbai Suburban,30.3,27,33,15.3,1006,8,19.1167,72.85,2
2021-07-04 00:00:00,July,Monsoon,Bombay / Santacruz,MH,Mumbai Suburban,30.5,27.4,33,11,1006.7,8,19.1167,72.85,0
2021-07-05 00:00:00,July,Monsoon,Bombay / Santacruz,MH,Mumbai Suburban,30.7,28,33.2,10.5,1006.3,8,19.1167,72.85,1.8
2021-07-06 00:00:00,July,Monsoon,Bombay / Santacruz,MH,Mumbai Suburban,30.3,27,32,9.7,1005.2,8,19.1167,72.85,0
2021-07-07 00:00:00,July,Monsoon,Bombay / Santacruz,MH,Mumbai Suburban,30.7,26.6,33,10,1005.1,8,19.1167,72.85,18
2021-07-08 00:00:00,July,Monsoon,Bombay / Santacruz,MH,Mumbai Suburban,28.2,26,31,9.4,1004.9,8,19.1167,72.85,1
2021-07-09 00:00:00,July,Monsoon,Bombay / Santacruz,MH,Mumbai Suburban,28.2,24.4,31,9.7,1002.9,8,19.1167,72.85,72.9
2021-07-10 00:00:00,July,Monsoon,Bombay / Santacruz,MH,Mumbai Suburban,27.7,24.5,29,8.4,1002.1,8,19.1167,72.85,27.9
2021-07-11 00:00:00,July,Monsoon,Bombay / Santacruz,MH,Mumbai Suburban,28.2,25,31.6,6,1001.1,8,19.1167,72.85,17
2021-07-12 00:00:00,July,Monsoon,Bombay / Santacruz,MH,Mumbai Suburban,27.5,25.8,31.4,11,999,8,19.1167,72.85,3
2021-07-13 00:00:00,July,Monsoon,Bombay / Santacruz,MH,Mumbai Suburban,26.7,25,28,11.9,1001.1,8,19.1167,72.85,55.1
2021-07-14 00:00:00,July,Monsoon,Bombay / Santacruz,MH,Mumbai Suburban,26.4,23.6,29,10.5,1001.8,8,19.1167,72.85,89.9
2021-07-15 00:00:00,July,Monsoon,Bombay / Santacruz,MH,Mumbai Suburban,27.6,25.8,31.6,9.6,1000.7,8,19.1167,72.85,8.9
2021-07-16 00:00:00,July,Monsoon,Bombay / Santacruz,MH,Mumbai Suburban,27.2,23.5,30,10.1,1003,8,19.1167,72.85,253
2021-07-17 00:00:00,July,Monsoon,Bombay / Santacruz,MH,Mumbai Suburban,27.8,25,30,12.8,1004.7,8,19.1167,72.85,31
2021-07-18 00:00:00,July,Monsoon,Bombay / Santacruz,MH,Mumbai Suburban,28.2,24.6,30.2,16,1003.8,8,19.1167,72.85,235
2021-07-19 00:00:00,July,Monsoon,Bombay / Santacruz,MH,Mumbai Suburban,27.8,25,29,15.9,1003.4,8,19.1167,72.85,70.1
2021-07-20 00:00:00,July,Monsoon,Bombay / Santacruz,MH,Mumbai Suburban,28.8,25.6,31,17.7,1005.8,8,19.1167,72.85,38.1
2021-07-21 00:00:00,July,Monsoon,Bombay / Santacruz,MH,Mumbai Suburban,27.8,24.4,29,21.5,1004.2,8,19.1167,72.85,23.9
2021-07-22 00:00:00,July,Monsoon,Bombay / Santacruz,MH,Mumbai Suburban,28.2,25.8,29,18,1001,8,19.1167,72.85,57.9
2021-07-23 00:00:00,July,Monsoon,Bombay / Santacruz,MH,Mumbai Suburban,28.2,25.6,29,16.5,1000.7,8,19.1167,72.85,19.1
2021-07-24 00:00:00,July,Monsoon,Bombay / Santacruz,MH,Mumbai Suburban,28.9,26.2,31,16.5,1002.6,8,19.1167,72.85,6.1
2021-07-25 00:00:00,July,Monsoon,Bombay / Santacruz,MH,Mumbai Suburban,28.9,25.9,31,17,1003.4,8,19.1167,72.85,22.1
2021-07-26 00:00:00,July,Monsoon,Bombay / Santacruz,MH,Mumbai Suburban,29.1,26.6,31.4,19.2,1004,8,19.1167,72.85,4.1
2021-07-27 00:00:00,July,Monsoon,Bombay / Santacruz,MH,Mumbai Suburban,28.9,26,30.6,18.7,1003.9,8,19.1167,72.85,4.1
2021-07-28 00:00:00,July,Monsoon,Bombay / Santacruz,MH,Mumbai Suburban,28.4,24.4,31.2,19.6,1004.3,8,19.1167,72.85,14
2021-07-29 00:00:00,July,Monsoon,Bombay / Santacruz,MH,Mumbai Suburban,28.6,25.6,30.2,17.8,1005.6,8,19.1167,72.85,6.1
2021-07-30 00:00:00,July,Monsoon,Bombay / Santacruz,MH,Mumbai Suburban,28.8,26.4,30,18.8,1006.6,8,19.1167,72.85,4.1
2021-07-31 00:00:00,July,Monsoon,Bombay / Santacruz,MH,Mumbai Suburban,28.7,26.4,31,18.8,1007.5,8,19.1167,72.85,3
2021-08-01 00:00:00,August,Monsoon,Bombay / Santacruz,MH,Mumbai Suburban,28.4,26,30.4,17.7,1006.1,8,19.1167,72.85,5.1
2021-08-02 00:00:00,August,Monsoon,Bombay / Santacruz,MH,Mumbai Suburban,28.3,25.2,30,16.5,1006.3,8,19.1167,72.85,6.1
2021-08-03 00:00:00,August,Monsoon,Bombay / Santacruz,MH,Mumbai Suburban,28.1,24.8,30,17.3,1007,8,19.1167,72.85,6.1
2021-08-04 00:00:00,August,Monsoon,Bombay / Santacruz,MH,Mumbai Suburban,28.6,25.8,31,18.8,1007.2,8,19.1167,72.85,19.1
2021-08-05 00:00:00,August,Monsoon,Bombay / Santacruz,MH,Mumbai Suburban,28.9,25.8,31.6,17.8,1005.5,8,19.1167,72.85,4.1
2021-08-06 00:00:00,August,Monsoon,Bombay / Santacruz,MH,Mumbai Suburban,28.9,27,31.2,14.3,1004.7,8,19.1167,72.85,0
2021-08-07 00:00:00,August,Monsoon,Bombay / Santacruz,MH,Mumbai Suburban,29.1,26.8,31.4,14.5,1005.4,8,19.1167,72.85,0.5
2021-08-08 00:00:00,August,Monsoon,Bombay / Santacruz,MH,Mumbai Suburban,28.8,25.6,31,10.1,1006.7,8,19.1167,72.85,3
2021-08-09 00:00:00,August,Monsoon,Bombay / Santacruz,MH,Mumbai Suburban,28.8,25.1,32.4,11.8,1007.9,8,19.1167,72.85,0.5
2021-08-10 00:00:00,August,Monsoon,Bombay / Santacruz,MH,Mumbai Suburban,28.8,26.4,31.6,12,1008.1,8,19.1167,72.85,0.3
2021-08-11 00:00:00,August,Monsoon,Bombay / Santacruz,MH,Mumbai Suburban,28.7,27.8,31.8,12.3,1007.8,8,19.1167,72.85,0
2021-08-12 00:00:00,August,Monsoon,Bombay / Santacruz,MH,Mumbai Suburban,27.9,24.4,30.2,10,1008.5,8,19.1167,72.85,9.9
2021-08-13 00:00:00,August,Monsoon,Bombay / Santacruz,MH,Mumbai Suburban,28.2,25.4,30,12.2,1007.5,8,19.1167,72.85,15
2021-08-14 00:00:00,August,Monsoon,Bombay / Santacruz,MH,Mumbai Suburban,27,24.4,29.8,12.1,1005.7,8,19.1167,72.85,10.9
2021-08-15 00:00:00,August,Monsoon,Bombay / Santacruz,MH,Mumbai Suburban,26.2,23.6,28,9.8,1005.8,8,19.1167,72.85,24.9
2021-08-16 00:00:00,August,Monsoon,Bombay / Santacruz,MH,Mumbai Suburban,26.3,23.8,28,7.9,1007.3,8,19.1167,72.85,31
2021-08-17 00:00:00,August,Monsoon,Bombay / Santacruz,MH,Mumbai Suburban,26.8,23.8,29,8.1,1007.6,8,19.1167,72.85,2
2021-08-18 00:00:00,August,Monsoon,Bombay / Santacruz,MH,Mumbai Suburban,25.2,23.5,26.8,7.5,1006,8,19.1167,72.85,16
2021-08-19 00:00:00,August,Monsoon,Bombay / Santacruz,MH,Mumbai Suburban,25.4,23,26,5.8,1005.8,8,19.1167,72.85,42.9
2021-08-20 00:00:00,August,Monsoon,Bombay / Santacruz,MH,Mumbai Suburban,25.5,23.4,28,8.6,1005.9,8,19.1167,72.85,21.1
2021-08-21 00:00:00,August,Monsoon,Bombay / Santacruz,MH,Mumbai Suburban,25.8,23.3,27,12,1007.3,8,19.1167,72.85,52.1
2021-08-22 00:00:00,August,Monsoon,Bombay / Santacruz,MH,Mumbai Suburban,27.2,24,29.2,8.2,1007.7,8,19.1167,72.85,11.9
2021-08-23 00:00:00,August,Monsoon,Bombay / Santacruz,MH,Mumbai Suburban,28.4,23.8,31.8,10,1007.7,8,19.1167,72.85,0
2021-08-24 00:00:00,August,Monsoon,Bombay / Santacruz,MH,Mumbai Suburban,28.6,26.4,31.4,9.2,1007.6,8,19.1167,72.85,2.2
2021-08-25 00:00:00,August,Monsoon,Bombay / Santacruz,MH,Mumbai Suburban,28.5,26.6,31,8.7,1006.6,8,19.1167,72.85,1.2
2021-08-26 00:00:00,August,Monsoon,Bombay / Santacruz,MH,Mumbai Suburban,28.1,25.2,30.4,7.6,1004.8,8,19.1167,72.85,2
2021-08-27 00:00:00,August,Monsoon,Bombay / Santacruz,MH,Mumbai Suburban,28.7,25.6,32,9.8,1004.2,8,19.1167,72.85,2
2021-08-28 00:00:00,August,Monsoon,Bombay / Santacruz,MH,Mumbai Suburban,29.2,25.4,32.2,9.8,1003.2,8,19.1167,72.85,5.1
2021-08-29 00:00:00,August,Monsoon,Bombay / Santacruz,MH,Mumbai Suburban,28.7,27,31,8.9,1003.2,8,19.1167,72.85,0
2021-08-30 00:00:00,August,Monsoon,Bombay / Santacruz,MH,Mumbai Suburban,27.5,25.6,30,9.8,1004.6,8,19.1167,72.85,0.8
2021-08-31 00:00:00,August,Monsoon,Bombay / Santacruz,MH,Mumbai Suburban,25.9,23.6,27,11.4,1004.6,8,19.1167,72.85,49
2021-09-01 00:00:00,September,Monsoon,Bombay / Santacruz,MH,Mumbai Suburban,27.5,24.6,30,12.7,1005.3,8,19.1167,72.85,108
2021-09-02 00:00:00,September,Monsoon,Bombay / Santacruz,MH,Mumbai Suburban,27.6,24.8,30,10.2,1005.5,8,19.1167,72.85,6.1
2021-09-03 00:00:00,September,Monsoon,Bombay / Santacruz,MH,Mumbai Suburban,26.8,25,29.4,10.2,1005,8,19.1167,72.85,9.9
2021-09-04 00:00:00,September,Monsoon,Bombay / Santacruz,MH,Mumbai Suburban,26.7,24,30,8.8,1005.4,8,19.1167,72.85,54.1
2021-09-05 00:00:00,September,Monsoon,Bombay / Santacruz,MH,Mumbai Suburban,27.8,24.2,30,8.8,1005.3,8,19.1167,72.85,42.9
2021-09-06 00:00:00,September,Monsoon,Bombay / Santacruz,MH,Mumbai Suburban,27.9,24.8,30,9.2,1004.5,8,19.1167,72.85,6.1
2021-09-07 00:00:00,September,Monsoon,Bombay / Santacruz,MH,Mumbai Suburban,26.8,24,29,6.2,1003.1,8,19.1167,72.85,3
2021-09-08 00:00:00,September,Monsoon,Bombay / Santacruz,MH,Mumbai Suburban,27.1,23.8,29.8,12,1002.4,8,19.1167,72.85,79
2021-09-09 00:00:00,September,Monsoon,Bombay / Santacruz,MH,Mumbai Suburban,28.3,24.6,31,14.9,1005.7,8,19.1167,72.85,18
2021-09-10 00:00:00,September,Monsoon,Bombay / Santacruz,MH,Mumbai Suburban,28.4,25.6,30.6,16.3,1005.7,8,19.1167,72.85,8.9
2021-09-11 00:00:00,September,Monsoon,Bombay / Santacruz,MH,Mumbai Suburban,27.2,25.2,29,16.6,1003.5,8,19.1167,72.85,9.9
2021-09-12 00:00:00,September,Monsoon,Bombay / Santacruz,MH,Mumbai Suburban,27.3,24.8,29,10.9,1001.9,8,19.1167,72.85,21.1
2021-09-13 00:00:00,September,Monsoon,Bombay / Santacruz,MH,Mumbai Suburban,27.7,24.8,28.2,17.7,1001.3,8,19.1167,72.85,39.1
2021-09-14 00:00:00,September,Monsoon,Bombay / Santacruz,MH,Mumbai Suburban,27.9,26,30,16.6,1002.7,8,19.1167,72.85,4.1
2021-09-15 00:00:00,September,Monsoon,Bombay / Santacruz,MH,Mumbai Suburban,28.6,24.8,30,13.7,1003.9,8,19.1167,72.85,3
2021-09-16 00:00:00,September,Monsoon,Bombay / Santacruz,MH,Mumbai Suburban,28.2,25.5,31.4,15.8,1005.5,8,19.1167,72.85,2
2021-09-17 00:00:00,September,Monsoon,Bombay / Santacruz,MH,Mumbai Suburban,28.6,25,31.4,9.8,1005.7,8,19.1167,72.85,3
2021-09-18 00:00:00,September,Monsoon,Bombay / Santacruz,MH,Mumbai Suburban,28.6,25.6,31.6,12.3,1007.3,8,19.1167,72.85,0
2021-09-19 00:00:00,September,Monsoon,Bombay / Santacruz,MH,Mumbai Suburban,27.8,25.6,31.6,10.3,1009.1,8,19.1167,72.85,1
2021-09-20 00:00:00,September,Monsoon,Bombay / Santacruz,MH,Mumbai Suburban,27.9,24.2,30.6,11.3,1008.5,8,19.1167,72.85,71.1
2021-09-21 00:00:00,September,Monsoon,Bombay / Santacruz,MH,Mumbai Suburban,26.7,25,29,9.9,1007.4,8,19.1167,72.85,7.1
2021-09-22 00:00:00,September,Monsoon,Bombay / Santacruz,MH,Mumbai Suburban,27.6,23.7,29,9.9,1005.5,8,19.1167,72.85,58.9
2021-09-23 00:00:00,September,Monsoon,Bombay / Santacruz,MH,Mumbai Suburban,28.3,24.5,31.4,7.8,1005.7,8,19.1167,72.85,3
2021-09-24 00:00:00,September,Monsoon,Bombay / Santacruz,MH,Mumbai Suburban,28.2,25.4,31,8.7,1006.8,8,19.1167,72.85,0.5
2021-09-25 00:00:00,September,Monsoon,Bombay / Santacruz,MH,Mumbai Suburban,28.2,24.8,30.8,8.5,1007.2,8,19.1167,72.85,0
2021-09-26 00:00:00,September,Monsoon,Bombay / Santacruz,MH,Mumbai Suburban,27.4,24.8,29,8.7,1005.4,8,19.1167,72.85,9.9
2021-09-27 00:00:00,September,Monsoon,Bombay / Santacruz,MH,Mumbai Suburban,26.6,24,29,5.6,1004.1,8,19.1167,72.85,3
2021-09-28 00:00:00,September,Monsoon,Bombay / Santacruz,MH,Mumbai Suburban,26.8,24,30,9.7,1002.9,8,19.1167,72.85,39.1
2021-09-29 00:00:00,September,Monsoon,Bombay / Santacruz,MH,Mumbai Suburban,27.8,25.6,30,13.6,1003.8,8,19.1167,72.85,27.9
2021-09-30 00:00:00,September,Monsoon,Bombay / Santacruz,MH,Mumbai Suburban,27.8,24.7,32.4,9.8,1007.5,8,19.1167,72.85,26.9
2022-07-01 00:00:00,July,Monsoon,Bombay / Santacruz,MH,Mumbai Suburban,25.8,24,28,8,1003.3,8,19.1167,72.85,175
2022-07-02 00:00:00,July,Monsoon,Bombay / Santacruz,MH,Mumbai Suburban,29.1,23.8,31.6,13.8,1001.7,8,19.1167,72.85,104.9
2022-07-03 00:00:00,July,Monsoon,Bombay / Santacruz,MH,Mumbai Suburban,28.9,25.8,32.2,15.2,1001.5,8,19.1167,72.85,15
2022-07-04 00:00:00,July,Monsoon,Bombay / Santacruz,MH,Mumbai Suburban,27.3,25.2,30,9.9,1001,8,19.1167,72.85,21.1
2022-07-05 00:00:00,July,Monsoon,Bombay / Santacruz,MH,Mumbai Suburban,26.3,25,27,7.9,999.9,8,19.1167,72.85,124
2022-07-06 00:00:00,July,Monsoon,Bombay / Santacruz,MH,Mumbai Suburban,26.8,24.8,28,12.8,1001,8,19.1167,72.85,194.1
2022-07-07 00:00:00,July,Monsoon,Bombay / Santacruz,MH,Mumbai Suburban,27.3,24.8,29,15.6,1003.9,8,19.1167,72.85,125
2022-07-08 00:00:00,July,Monsoon,Bombay / Santacruz,MH,Mumbai Suburban,28.3,24.4,29,14.5,1003.7,8,19.1167,72.85,40.9
2022-07-09 00:00:00,July,Monsoon,Bombay / Santacruz,MH,Mumbai Suburban,28.3,25.8,29,15.1,1002.2,8,19.1167,72.85,5.1
2022-07-10 00:00:00,July,Monsoon,Bombay / Santacruz,MH,Mumbai Suburban,28,25.5,29.3,17.2,1003.4,8,19.1167,72.85,8.9
2022-07-11 00:00:00,July,Monsoon,Bombay / Santacruz,MH,Mumbai Suburban,27.3,24,29.4,16.6,1004.7,8,19.1167,72.85,8.9
2022-07-12 00:00:00,July,Monsoon,Bombay / Santacruz,MH,Mumbai Suburban,27.2,23.9,28,15.1,1004.7,8,19.1167,72.85,62
2022-07-13 00:00:00,July,Monsoon,Bombay / Santacruz,MH,Mumbai Suburban,26.6,25,28,20.1,1001.4,8,19.1167,72.85,45
2022-07-14 00:00:00,July,Monsoon,Bombay / Santacruz,MH,Mumbai Suburban,27.1,24.5,28,17.2,998.5,8,19.1167,72.85,95
2022-07-15 00:00:00,July,Monsoon,Bombay / Santacruz,MH,Mumbai Suburban,27.5,25,30,16,999.1,8,19.1167,72.85,61
2022-07-16 00:00:00,July,Monsoon,Bombay / Santacruz,MH,Mumbai Suburban,27.7,25,30.2,16.8,1000.3,8,19.1167,72.85,0
2022-07-17 00:00:00,July,Monsoon,Bombay / Santacruz,MH,Mumbai Suburban,28.5,27,30.6,13.9,1003.5,8,19.1167,72.85,16.3
2022-07-18 00:00:00,July,Monsoon,Bombay / Santacruz,MH,Mumbai Suburban,27.6,25.4,29,14,1004.5,8,19.1167,72.85,8.9
2022-07-19 00:00:00,July,Monsoon,Bombay / Santacruz,MH,Mumbai Suburban,28,24.8,30.6,15,1005.2,8,19.1167,72.85,0
2022-07-20 00:00:00,July,Monsoon,Bombay / Santacruz,MH,Mumbai Suburban,27.4,25,30.5,13.6,1006,8,19.1167,72.85,11.9
2022-07-21 00:00:00,July,Monsoon,Bombay / Santacruz,MH,Mumbai Suburban,27.6,25.6,30.5,12.6,1006.5,8,19.1167,72.85,10.9
2022-07-22 00:00:00,July,Monsoon,Bombay / Santacruz,MH,Mumbai Suburban,28.3,26,30.5,13.9,1007.1,8,19.1167,72.85,3
2022-07-23 00:00:00,July,Monsoon,Bombay / Santacruz,MH,Mumbai Suburban,28.2,25.8,31.3,16.1,1005,8,19.1167,72.85,5.1
2022-07-24 00:00:00,July,Monsoon,Bombay / Santacruz,MH,Mumbai Suburban,28.1,25.6,30.4,15.7,1004.3,8,19.1167,72.85,7.1
2022-07-25 00:00:00,July,Monsoon,Bombay / Santacruz,MH,Mumbai Suburban,28.2,25.1,30.2,15.3,1006,8,19.1167,72.85,7.1
2022-07-26 00:00:00,July,Monsoon,Bombay / Santacruz,MH,Mumbai Suburban,27.6,26.6,31.1,11.7,1007.8,8,19.1167,72.85,2
2022-07-27 00:00:00,July,Monsoon,Bombay / Santacruz,MH,Mumbai Suburban,27.1,24.2,29.4,4,1007.9,8,19.1167,72.85,14
2022-07-28 00:00:00,July,Monsoon,Bombay / Santacruz,MH,Mumbai Suburban,28.6,24.2,31.3,7.7,1008.3,8,19.1167,72.85,19.1
2022-07-29 00:00:00,July,Monsoon,Bombay / Santacruz,MH,Mumbai Suburban,29.3,26,31.6,9.2,1008.3,8,19.1167,72.85,0
2022-07-30 00:00:00,July,Monsoon,Bombay / Santacruz,MH,Mumbai Suburban,29.3,27.5,31.6,9.9,1007.3,8,19.1167,72.85,0.2
2022-07-31 00:00:00,July,Monsoon,Bombay / Santacruz,MH,Mumbai Suburban,29.3,27,31.5,12.8,1005.7,8,19.1167,72.85,0.3
2022-08-01 00:00:00,August,Monsoon,Bombay / Santacruz,MH,Mumbai Suburban,28.9,25.8,31.7,12.6,1005.8,8,19.1167,72.85,3
2022-08-02 00:00:00,August,Monsoon,Bombay / Santacruz,MH,Mumbai Suburban,28.9,25.2,31.8,11.4,1004.7,8,19.1167,72.85,10.9
2022-08-03 00:00:00,August,Monsoon,Bombay / Santacruz,MH,Mumbai Suburban,28.6,25,30.6,8.4,1003.6,8,19.1167,72.85,8.9
2022-08-04 00:00:00,August,Monsoon,Bombay / Santacruz,MH,Mumbai Suburban,28,25.6,30.3,8.5,1002.6,8,19.1167,72.85,20.1
2022-08-05 00:00:00,August,Monsoon,Bombay / Santacruz,MH,Mumbai Suburban,27.4,25.4,29.9,7,1001.1,8,19.1167,72.85,24.9
2022-08-06 00:00:00,August,Monsoon,Bombay / Santacruz,MH,Mumbai Suburban,27.8,25,31.3,9.2,1000,8,19.1167,72.85,24.9
2022-08-07 00:00:00,August,Monsoon,Bombay / Santacruz,MH,Mumbai Suburban,26.8,25,31.3,9.7,999.6,8,19.1167,72.85,16
2022-08-08 00:00:00,August,Monsoon,Bombay / Santacruz,MH,Mumbai Suburban,26.8,24.2,28.1,10.5,998.5,8,19.1167,72.85,34
2022-08-09 00:00:00,August,Monsoon,Bombay / Santacruz,MH,Mumbai Suburban,26.9,25,28,21.7,996.9,8,19.1167,72.85,124
2022-08-10 00:00:00,August,Monsoon,Bombay / Santacruz,MH,Mumbai Suburban,26.9,24.3,28,17.2,996.7,8,19.1167,72.85,37.1
2022-08-11 00:00:00,August,Monsoon,Bombay / Santacruz,MH,Mumbai Suburban,27.7,24.8,29.6,19.7,998.3,8,19.1167,72.85,31
2022-08-12 00:00:00,August,Monsoon,Bombay / Santacruz,MH,Mumbai Suburban,27.2,24.6,29.5,19,1001.9,8,19.1167,72.85,30
2022-08-13 00:00:00,August,Monsoon,Bombay / Santacruz,MH,Mumbai Suburban,27.7,25,30.7,17.4,1003.9,8,19.1167,72.85,22.1
2022-08-14 00:00:00,August,Monsoon,Bombay / Santacruz,MH,Mumbai Suburban,27.7,24.8,30.3,15.9,1005.6,8,19.1167,72.85,10.9
2022-08-15 00:00:00,August,Monsoon,Bombay / Santacruz,MH,Mumbai Suburban,27.4,26,29.3,14.9,1005.6,8,19.1167,72.85,11.9
2022-08-16 00:00:00,August,Monsoon,Bombay / Santacruz,MH,Mumbai Suburban,26.7,25,28,14.8,1004.7,8,19.1167,72.85,7.9
2022-08-17 00:00:00,August,Monsoon,Bombay / Santacruz,MH,Mumbai Suburban,27.2,25,30,16.2,1006.1,8,19.1167,72.85,56.9
2022-08-18 00:00:00,August,Monsoon,Bombay / Santacruz,MH,Mumbai Suburban,27.6,24.6,30.3,15.5,1006.6,8,19.1167,72.85,11.9
2022-08-19 00:00:00,August,Monsoon,Bombay / Santacruz,MH,Mumbai Suburban,27.6,25.4,30.5,14.4,1006.9,8,19.1167,72.85,6.1
2022-08-20 00:00:00,August,Monsoon,Bombay / Santacruz,MH,Mumbai Suburban,27,24.6,29,14.5,1006.8,8,19.1167,72.85,22.1
2022-08-21 00:00:00,August,Monsoon,Bombay / Santacruz,MH,Mumbai Suburban,27.6,25.6,30.5,15.9,1005.9,8,19.1167,72.85,5.1
2022-08-22 00:00:00,August,Monsoon,Bombay / Santacruz,MH,Mumbai Suburban,27.6,26,29.9,15.9,1004.5,8,19.1167,72.85,4.1
2022-08-23 00:00:00,August,Monsoon,Bombay / Santacruz,MH,Mumbai Suburban,27.6,25,32.5,15.3,1004.5,8,19.1167,72.85,11.9
2022-08-24 00:00:00,August,Monsoon,Bombay / Santacruz,MH,Mumbai Suburban,27.3,25.4,30.4,14.1,1007.1,8,19.1167,72.85,9.9
2022-08-25 00:00:00,August,Monsoon,Bombay / Santacruz,MH,Mumbai Suburban,27.8,25.4,30.7,10.2,1007.1,8,19.1167,72.85,3
2022-08-26 00:00:00,August,Monsoon,Bombay / Santacruz,MH,Mumbai Suburban,28.1,25.6,30.8,10.7,1007.2,8,19.1167,72.85,0
2022-08-27 00:00:00,August,Monsoon,Bombay / Santacruz,MH,Mumbai Suburban,28.5,24.8,31.2,11,1007.5,8,19.1167,72.85,0
2022-08-28 00:00:00,August,Monsoon,Bombay / Santacruz,MH,Mumbai Suburban,28.5,24.6,31.4,10.3,1007.2,8,19.1167,72.85,0
2022-08-29 00:00:00,August,Monsoon,Bombay / Santacruz,MH,Mumbai Suburban,28.2,24.4,31.1,8.6,1008.3,8,19.1167,72.85,2
2022-08-30 00:00:00,August,Monsoon,Bombay / Santacruz,MH,Mumbai Suburban,29.1,25.2,31.5,9.8,1008.2,8,19.1167,72.85,0.3
2022-08-31 00:00:00,August,Monsoon,Bombay / Santacruz,MH,Mumbai Suburban,28.8,26.9,32.2,9.2,1006.6,8,19.1167,72.85,0
2022-09-01 00:00:00,September,Monsoon,Bombay / Santacruz,MH,Mumbai Suburban,28.8,23.8,31.4,10.2,1006.5,8,19.1167,72.85,9.9
2022-09-02 00:00:00,September,Monsoon,Bombay / Santacruz,MH,Mumbai Suburban,29.2,25.6,33.7,8.6,1006.7,8,19.1167,72.85,0
2022-09-03 00:00:00,September,Monsoon,Bombay / Santacruz,MH,Mumbai Suburban,29.4,25.4,33,8.8,1006.9,8,19.1167,72.85,2
2022-09-04 00:00:00,September,Monsoon,Bombay / Santacruz,MH,Mumbai Suburban,28.6,24.7,31.1,7.6,1007.2,8,19.1167,72.85,94
2022-09-05 00:00:00,September,Monsoon,Bombay / Santacruz,MH,Mumbai Suburban,28.9,26.2,31.4,11.1,1007.5,8,19.1167,72.85,5.1
2022-09-06 00:00:00,September,Monsoon,Bombay / Santacruz,MH,Mumbai Suburban,29.1,25.8,31,9.8,1007,8,19.1167,72.85,0
2022-09-07 00:00:00,September,Monsoon,Bombay / Santacruz,MH,Mumbai Suburban,28.1,25,32.1,10.6,1006.2,8,19.1167,72.85,1
2022-09-08 00:00:00,September,Monsoon,Bombay / Santacruz,MH,Mumbai Suburban,27.6,24.2,32,8.8,1005.3,8,19.1167,72.85,25.9
2022-09-09 00:00:00,September,Monsoon,Bombay / Santacruz,MH,Mumbai Suburban,27.9,24,31.7,7.9,1003.8,8,19.1167,72.85,63
2022-09-10 00:00:00,September,Monsoon,Bombay / Santacruz,MH,Mumbai Suburban,28.2,25,32,7.1,1004.1,8,19.1167,72.85,7.9
2022-09-11 00:00:00,September,Monsoon,Bombay / Santacruz,MH,Mumbai Suburban,28.5,24.6,31.6,6.9,1001.9,8,19.1167,72.85,8.9
2022-09-12 00:00:00,September,Monsoon,Bombay / Santacruz,MH,Mumbai Suburban,27.8,25.2,30.5,9.2,1000.6,8,19.1167,72.85,2
2022-09-13 00:00:00,September,Monsoon,Bombay / Santacruz,MH,Mumbai Suburban,26.7,24.5,28,10.6,1002.5,8,19.1167,72.85,93
2022-09-14 00:00:00,September,Monsoon,Bombay / Santacruz,MH,Mumbai Suburban,27.8,24.9,30.1,13.9,1005.5,8,19.1167,72.85,22.1
2022-09-15 00:00:00,September,Monsoon,Bombay / Santacruz,MH,Mumbai Suburban,27.4,25.4,30.1,16,1006.7,8,19.1167,72.85,22.1
2022-09-16 00:00:00,September,Monsoon,Bombay / Santacruz,MH,Mumbai Suburban,26.5,24.4,28,13.6,1005.8,8,19.1167,72.85,39.1
2022-09-17 00:00:00,September,Monsoon,Bombay / Santacruz,MH,Mumbai Suburban,27.3,24.4,30.4,15.4,1006.2,8,19.1167,72.85,0
2022-09-18 00:00:00,September,Monsoon,Bombay / Santacruz,MH,Mumbai Suburban,25.8,23.8,27,10.9,1008.3,8,19.1167,72.85,55.9
2022-09-19 00:00:00,September,Monsoon,Bombay / Santacruz,MH,Mumbai Suburban,25.6,23.3,27,5.9,1009.2,8,19.1167,72.85,17
2022-09-20 00:00:00,September,Monsoon,Bombay / Santacruz,MH,Mumbai Suburban,25.8,22.7,28.4,7.6,1008.7,8,19.1167,72.85,19.1
2022-09-21 00:00:00,September,Monsoon,Bombay / Santacruz,MH,Mumbai Suburban,25.1,23.2,26.4,8.7,1008.9,8,19.1167,72.85,0
2022-09-22 00:00:00,September,Monsoon,Bombay / Santacruz,MH,Mumbai Suburban,24.1,23,26,5.1,1009.1,8,19.1167,72.85,0.5
2022-09-23 00:00:00,September,Monsoon,Bombay / Santacruz,MH,Mumbai Suburban,26.7,22.4,31,9.4,1008.8,8,19.1167,72.85,6.1
2022-09-24 00:00:00,September,Monsoon,Bombay / Santacruz,MH,Mumbai Suburban,27.3,24,31.1,8.4,1007.8,8,19.1167,72.85,23.9
2022-09-25 00:00:00,September,Monsoon,Bombay / Santacruz,MH,Mumbai Suburban,27.6,24.1,31.5,9.1,1008,8,19.1167,72.85,0.8
2022-09-26 00:00:00,September,Monsoon,Bombay / Santacruz,MH,Mumbai Suburban,27.3,24.6,30,9,1009.7,8,19.1167,72.85,0
2022-09-27 00:00:00,September,Monsoon,Bombay / Santacruz,MH,Mumbai Suburban,27.7,24.4,30,6.4,1008.7,8,19.1167,72.85,3
2022-09-28 00:00:00,September,Monsoon,Bombay / Santacruz,MH,Mumbai Suburban,28.1,24.6,31.1,7.9,1007.5,8,19.1167,72.85,0.5
2022-09-29 00:00:00,September,Monsoon,Bombay / Santacruz,MH,Mumbai Suburban,28.3,25.6,30,6.3,1007.1,8,19.1167,72.85,10.9
2022-09-30 00:00:00,September,Monsoon,Bombay / Santacruz,MH,Mumbai Suburban,29.2,25.6,32.1,8.2,1007.7,8,19.1167,72.85,2
2023-07-01 00:00:00,July,Monsoon,Bombay / Santacruz,MH,Mumbai Suburban,27.9,24.2,29,15.2,1006.3,8,19.1167,72.85,111
2023-07-02 00:00:00,July,Monsoon,Bombay / Santacruz,MH,Mumbai Suburban,27.8,26,30.2,11.7,1005.3,8,19.1167,72.85,22.1
2023-07-03 00:00:00,July,Monsoon,Bombay / Santacruz,MH,Mumbai Suburban,29.1,26.4,31,11.9,1003.3,8,19.1167,72.85,45
2023-07-04 00:00:00,July,Monsoon,Bombay / Santacruz,MH,Mumbai Suburban,27.3,25.4,29,5.3,1001.7,8,19.1167,72.85,20.1
2023-07-05 00:00:00,July,Monsoon,Bombay / Santacruz,MH,Mumbai Suburban,27.2,26,29,6.5,1000.2,8,19.1167,72.85,89.9
2023-07-06 00:00:00,July,Monsoon,Bombay / Santacruz,MH,Mumbai Suburban,26.9,22.5,28,10.7,1001.6,8,19.1167,72.85,69.1
2023-07-07 00:00:00,July,Monsoon,Bombay / Santacruz,MH,Mumbai Suburban,27.9,25.4,30.4,14.2,1002.5,8,19.1167,72.85,54.1
2023-07-08 00:00:00,July,Monsoon,Bombay / Santacruz,MH,Mumbai Suburban,29.3,25.8,31.1,15.9,1004.5,8,19.1167,72.85,63
2023-07-09 00:00:00,July,Monsoon,Bombay / Santacruz,MH,Mumbai Suburban,28.7,25.6,31.2,14.7,1005.6,8,19.1167,72.85,7.1
2023-07-10 00:00:00,July,Monsoon,Bombay / Santacruz,MH,Mumbai Suburban,29.7,26.2,31.6,15.9,1006.2,8,19.1167,72.85,13
2023-07-11 00:00:00,July,Monsoon,Bombay / Santacruz,MH,Mumbai Suburban,29.4,27,31.8,13.8,1006.5,8,19.1167,72.85,6.1
2023-07-12 00:00:00,July,Monsoon,Bombay / Santacruz,MH,Mumbai Suburban,29.1,27.6,30.2,14,1005.1,8,19.1167,72.85,0
2023-07-13 00:00:00,July,Monsoon,Bombay / Santacruz,MH,Mumbai Suburban,29,28,31,13.9,1004.6,8,19.1167,72.85,1
2023-07-14 00:00:00,July,Monsoon,Bombay / Santacruz,MH,Mumbai Suburban,26.6,25,29,8.9,1006.5,8,19.1167,72.85,53.1
2023-07-15 00:00:00,July,Monsoon,Bombay / Santacruz,MH,Mumbai Suburban,29.4,24.8,31,12.3,1006.9,8,19.1167,72.85,52.1
2023-07-16 00:00:00,July,Monsoon,Bombay / Santacruz,MH,Mumbai Suburban,28.6,26.4,31.4,14.7,1006,8,19.1167,72.85,4.1
2023-07-17 00:00:00,July,Monsoon,Bombay / Santacruz,MH,Mumbai Suburban,26.7,25,28,12.1,1004.8,8,19.1167,72.85,25.9
2023-07-18 00:00:00,July,Monsoon,Bombay / Santacruz,MH,Mumbai Suburban,27.3,24.4,28,13.9,1003.4,8,19.1167,72.85,119.9
2023-07-19 00:00:00,July,Monsoon,Bombay / Santacruz,MH,Mumbai Suburban,27.2,24.8,28,15.6,1001.1,8,19.1167,72.85,53.1
2023-07-20 00:00:00,July,Monsoon,Bombay / Santacruz,MH,Mumbai Suburban,27.3,25,28,13.3,1001.7,8,19.1167,72.85,99.1
2023-07-21 00:00:00,July,Monsoon,Bombay / Santacruz,MH,Mumbai Suburban,26.6,25,28,12.5,1003.9,8,19.1167,72.85,29
2023-07-22 00:00:00,July,Monsoon,Bombay / Santacruz,MH,Mumbai Suburban,26.6,23.8,28,13.9,1004.3,8,19.1167,72.85,204
2023-07-23 00:00:00,July,Monsoon,Bombay / Santacruz,MH,Mumbai Suburban,26.9,24.9,29,13.6,1003.3,8,19.1167,72.85,49
2023-07-24 00:00:00,July,Monsoon,Bombay / Santacruz,MH,Mumbai Suburban,27.3,25,28,13.1,1003.8,8,19.1167,72.85,101.1
2023-07-25 00:00:00,July,Monsoon,Bombay / Santacruz,MH,Mumbai Suburban,27.1,24.8,28,16.3,1005.5,8,19.1167,72.85,55.9
2023-07-26 00:00:00,July,Monsoon,Bombay / Santacruz,MH,Mumbai Suburban,26.3,25,28,14.7,1006.5,8,19.1167,72.85,86.1
2023-07-27 00:00:00,July,Monsoon,Bombay / Santacruz,MH,Mumbai Suburban,26.3,24.4,28.2,15.8,1006.9,8,19.1167,72.85,145
2023-07-28 00:00:00,July,Monsoon,Bombay / Santacruz,MH,Mumbai Suburban,26.7,24.6,28,15.7,1007.1,8,19.1167,72.85,119.1
2023-07-29 00:00:00,July,Monsoon,Bombay / Santacruz,MH,Mumbai Suburban,27.6,24.6,29.2,15,1007.5,8,19.1167,72.85,36.1
2023-07-30 00:00:00,July,Monsoon,Bombay / Santacruz,MH,Mumbai Suburban,28.3,25.6,30,14.8,1006.7,8,19.1167,72.85,24.9
2023-07-31 00:00:00,July,Monsoon,Bombay / Santacruz,MH,Mumbai Suburban,28.4,25.4,30.6,14.2,1005.9,8,19.1167,72.85,9.9
2023-08-01 00:00:00,August,Monsoon,Bombay / Santacruz,MH,Mumbai Suburban,28.3,25.8,30.6,17.8,1006.1,8,19.1167,72.85,3
2023-08-02 00:00:00,August,Monsoon,Bombay / Santacruz,MH,Mumbai Suburban,28.7,26.8,30.8,15,1006.8,8,19.1167,72.85,2
2023-08-03 00:00:00,August,Monsoon,Bombay / Santacruz,MH,Mumbai Suburban,28.3,26.8,30,16.2,1006.2,8,19.1167,72.85,1
2023-08-04 00:00:00,August,Monsoon,Bombay / Santacruz,MH,Mumbai Suburban,28.4,26.5,30,17.6,1007.2,8,19.1167,72.85,4.1
2023-08-05 00:00:00,August,Monsoon,Bombay / Santacruz,MH,Mumbai Suburban,28.8,26,30,16.1,1009.1,8,19.1167,72.85,6.1
2023-08-06 00:00:00,August,Monsoon,Bombay / Santacruz,MH,Mumbai Suburban,28.6,27,30.4,16.2,1008.7,8,19.1167,72.85,0.3
2023-08-07 00:00:00,August,Monsoon,Bombay / Santacruz,MH,Mumbai Suburban,28.7,27.5,31,15.2,1007.2,8,19.1167,72.85,3
2023-08-08 00:00:00,August,Monsoon,Bombay / Santacruz,MH,Mumbai Suburban,28.9,27,31,16.2,1007.4,8,19.1167,72.85,0
2023-08-09 00:00:00,August,Monsoon,Bombay / Santacruz,MH,Mumbai Suburban,28.8,27,31.4,14.2,1009.5,8,19.1167,72.85,0.5
2023-08-10 00:00:00,August,Monsoon,Bombay / Santacruz,MH,Mumbai Suburban,28.6,26,31.3,14.5,1010.1,8,19.1167,72.85,2
2023-08-11 00:00:00,August,Monsoon,Bombay / Santacruz,MH,Mumbai Suburban,28.7,26.2,31.3,15.6,1009.6,8,19.1167,72.85,5.1
2023-08-12 00:00:00,August,Monsoon,Bombay / Santacruz,MH,Mumbai Suburban,28.7,25.8,31.6,14.6,1009.3,8,19.1167,72.85,2
2023-08-13 00:00:00,August,Monsoon,Bombay / Santacruz,MH,Mumbai Suburban,28.9,26.8,31.2,16.1,1007.8,8,19.1167,72.85,1
2023-08-14 00:00:00,August,Monsoon,Bombay / Santacruz,MH,Mumbai Suburban,29.1,27,31,16.3,1008.1,8,19.1167,72.85,1
2023-08-15 00:00:00,August,Monsoon,Bombay / Santacruz,MH,Mumbai Suburban,29,27,30.4,13.8,1008.3,8,19.1167,72.85,0
2023-08-16 00:00:00,August,Monsoon,Bombay / Santacruz,MH,Mumbai Suburban,29,28,31.2,14.4,1009.3,8,19.1167,72.85,4.2
2023-08-17 00:00:00,August,Monsoon,Bombay / Santacruz,MH,Mumbai Suburban,29,28,31,15.2,1009.2,8,19.1167,72.85,4.4
2023-08-18 00:00:00,August,Monsoon,Bombay / Santacruz,MH,Mumbai Suburban,29.2,27,31,13.9,1008.1,8,19.1167,72.85,0.5
2023-08-19 00:00:00,August,Monsoon,Bombay / Santacruz,MH,Mumbai Suburban,28.6,26,30,14.1,1006.6,8,19.1167,72.85,4.1
2023-08-20 00:00:00,August,Monsoon,Bombay / Santacruz,MH,Mumbai Suburban,28.7,26,30,14.1,1006.6,8,19.1167,72.85,2
2023-08-21 00:00:00,August,Monsoon,Bombay / Santacruz,MH,Mumbai Suburban,28.2,25.4,31.2,13.5,1007.2,8,19.1167,72.85,4.1
2023-08-22 00:00:00,August,Monsoon,Bombay / Santacruz,MH,Mumbai Suburban,27.6,25.2,29,8.5,1007.3,8,19.1167,72.85,24.9
2023-08-23 00:00:00,August,Monsoon,Bombay / Santacruz,MH,Mumbai Suburban,28.3,25.2,30.2,12.4,1007.2,8,19.1167,72.85,6.1
2023-08-24 00:00:00,August,Monsoon,Bombay / Santacruz,MH,Mumbai Suburban,28.4,26.1,30.8,12.9,1006.3,8,19.1167,72.85,3
2023-08-25 00:00:00,August,Monsoon,Bombay / Santacruz,MH,Mumbai Suburban,28.5,27,31,14.1,1006.2,8,19.1167,72.85,2
2023-08-26 00:00:00,August,Monsoon,Bombay / Santacruz,MH,Mumbai Suburban,27.4,24,30,14.3,1007.7,8,19.1167,72.85,45
2023-08-27 00:00:00,August,Monsoon,Bombay / Santacruz,MH,Mumbai Suburban,27.2,24.8,30.8,11.8,1008.8,8,19.1167,72.85,24.9
2023-08-28 00:00:00,August,Monsoon,Bombay / Santacruz,MH,Mumbai Suburban,28.3,25,30.6,10.7,1008.3,8,19.1167,72.85,23.1
2023-08-29 00:00:00,August,Monsoon,Bombay / Santacruz,MH,Mumbai Suburban,28.9,25.6,31.2,11,1008.1,8,19.1167,72.85,7.1
2023-08-30 00:00:00,August,Monsoon,Bombay / Santacruz,MH,Mumbai Suburban,29,25.4,31.6,9.9,1008.9,8,19.1167,72.85,0.8
2023-08-31 00:00:00,August,Monsoon,Bombay / Santacruz,MH,Mumbai Suburban,29.5,25.4,32,9.9,1008.6,8,19.1167,72.85,0
2023-09-01 00:00:00,September,Monsoon,Bombay / Santacruz,MH,Mumbai Suburban,29.6,27.2,32,10.1,1008.5,8,19.1167,72.85,0.9
2023-09-02 00:00:00,September,Monsoon,Bombay / Santacruz,MH,Mumbai Suburban,27.8,25.4,29,9.6,1008.5,8,19.1167,72.85,1
2023-09-03 00:00:00,September,Monsoon,Bombay / Santacruz,MH,Mumbai Suburban,27.1,24.2,28,9.7,1007.6,8,19.1167,72.85,1
2023-09-04 00:00:00,September,Monsoon,Bombay / Santacruz,MH,Mumbai Suburban,28.8,25,32,9.8,1006.5,8,19.1167,72.85,0.3
2023-09-05 00:00:00,September,Monsoon,Bombay / Santacruz,MH,Mumbai Suburban,29.2,24.6,32,8.9,1005.9,8,19.1167,72.85,0
2023-09-06 00:00:00,September,Monsoon,Bombay / Santacruz,MH,Mumbai Suburban,29.5,25.7,32,11.2,1005.7,8,19.1167,72.85,0
2023-09-07 00:00:00,September,Monsoon,Bombay / Santacruz,MH,Mumbai Suburban,26.4,24.4,29,10.6,1005.5,8,19.1167,72.85,7.9
2023-09-08 00:00:00,September,Monsoon,Bombay / Santacruz,MH,Mumbai Suburban,27.2,23.8,29,12.4,1005.7,8,19.1167,72.85,111
2023-09-09 00:00:00,September,Monsoon,Bombay / Santacruz,MH,Mumbai Suburban,28.8,24.2,30,13.3,1005.7,8,19.1167,72.85,75.9
2023-09-10 00:00:00,September,Monsoon,Bombay / Santacruz,MH,Mumbai Suburban,29.1,26.8,31.6,14.2,1006,8,19.1167,72.85,2
2023-09-11 00:00:00,September,Monsoon,Bombay / Santacruz,MH,Mumbai Suburban,29.2,26.5,31.6,13.2,1006.4,8,19.1167,72.85,0
2023-09-12 00:00:00,September,Monsoon,Bombay / Santacruz,MH,Mumbai Suburban,29.1,26.6,31.6,14,1007.3,8,19.1167,72.85,0
2023-09-13 00:00:00,September,Monsoon,Bombay / Santacruz,MH,Mumbai Suburban,29.2,27,31.8,14.2,1006.5,8,19.1167,72.85,0.3
2023-09-14 00:00:00,September,Monsoon,Bombay / Santacruz,MH,Mumbai Suburban,26.8,25,31.2,9.6,1006.6,8,19.1167,72.85,13
2023-09-15 00:00:00,September,Monsoon,Bombay / Santacruz,MH,Mumbai Suburban,28.4,23.8,31.8,10.2,1006.5,8,19.1167,72.85,55.1
2023-09-16 00:00:00,September,Monsoon,Bombay / Santacruz,MH,Mumbai Suburban,28.8,25,30.2,15.8,1005.9,8,19.1167,72.85,3
2023-09-17 00:00:00,September,Monsoon,Bombay / Santacruz,MH,Mumbai Suburban,28.2,25,30.6,14.1,1005.1,8,19.1167,72.85,2
2023-09-18 00:00:00,September,Monsoon,Bombay / Santacruz,MH,Mumbai Suburban,28.1,25.6,31.6,12.9,1004.9,8,19.1167,72.85,27.9
2023-09-19 00:00:00,September,Monsoon,Bombay / Santacruz,MH,Mumbai Suburban,29.6,25.2,32,12.5,1006.3,8,19.1167,72.85,10.9
2023-09-20 00:00:00,September,Monsoon,Bombay / Santacruz,MH,Mumbai Suburban,27.8,25.8,32,10.5,1006.8,8,19.1167,72.85,10.9
2023-09-21 00:00:00,September,Monsoon,Bombay / Santacruz,MH,Mumbai Suburban,28.2,25.7,32.6,9.8,1007.6,8,19.1167,72.85,19.1
2023-09-22 00:00:00,September,Monsoon,Bombay / Santacruz,MH,Mumbai Suburban,27.1,25.4,28.2,6.1,1007.9,8,19.1167,72.85,19.1
2023-09-23 00:00:00,September,Monsoon,Bombay / Santacruz,MH,Mumbai Suburban,26.8,25.4,29,6.4,1008.7,8,19.1167,72.85,1
2023-09-24 00:00:00,September,Monsoon,Bombay / Santacruz,MH,Mumbai Suburban,26.7,24.6,29.2,6.1,1009,8,19.1167,72.85,16
2023-09-25 00:00:00,September,Monsoon,Bombay / Santacruz,MH,Mumbai Suburban,28.2,24.8,31.2,8.3,1007.8,8,19.1167,72.85,9.9
2023-09-26 00:00:00,September,Monsoon,Bombay / Santacruz,MH,Mumbai Suburban,28.4,25.4,31,9.6,1007.4,8,19.1167,72.85,0.5
2023-09-27 00:00:00,September,Monsoon,Bombay / Santacruz,MH,Mumbai Suburban,27.2,25,30.2,9,1007.1,8,19.1167,72.85,7.9
2023-09-28 00:00:00,September,Monsoon,Bombay / Santacruz,MH,Mumbai Suburban,28.2,23.9,33,7.3,1005.5,8,19.1167,72.85,30
2023-09-29 00:00:00,September,Monsoon,Bombay / Santacruz,MH,Mumbai Suburban,28.7,24.7,33.2,7,1004.9,8,19.1167,72.85,51.1
2023-09-30 00:00:00,September,Monsoon,Bombay / Santacruz,MH,Mumbai Suburban,29.1,24.4,33,9.5,1004.6,8,19.1167,72.85,6.1
2024-07-01 00:00:00,July,Monsoon,Bombay / Santacruz,MH,Mumbai Suburban,29,28,31.8,18.8,1001.7,8,19.1167,72.85,8.9
2024-07-02 00:00:00,July,Monsoon,Bombay / Santacruz,MH,Mumbai Suburban,29.8,24.4,32.2,15.1,1001.4,8,19.1167,72.85,52.1
2024-07-03 00:00:00,July,Monsoon,Bombay / Santacruz,MH,Mumbai Suburban,29.8,28.2,32.2,16.7,1002.5,8,19.1167,72.85,0.8
2024-07-04 00:00:00,July,Monsoon,Bombay / Santacruz,MH,Mumbai Suburban,29.6,28.8,33.2,16.2,1003.1,8,19.1167,72.85,2
2024-07-05 00:00:00,July,Monsoon,Bombay / Santacruz,MH,Mumbai Suburban,28.9,25.8,31,16.1,1001.4,8,19.1167,72.85,14
2024-07-06 00:00:00,July,Monsoon,Bombay / Santacruz,MH,Mumbai Suburban,29.2,26,32.2,17.7,1000.2,8,19.1167,72.85,19.1
2024-07-07 00:00:00,July,Monsoon,Bombay / Santacruz,MH,Mumbai Suburban,28.6,24.8,32.6,14.4,1001.7,8,19.1167,72.85,23.9
2024-07-08 00:00:00,July,Monsoon,Bombay / Santacruz,MH,Mumbai Suburban,26.2,24.6,29,10.6,1001.7,8,19.1167,72.85,268
2024-07-09 00:00:00,July,Monsoon,Bombay / Santacruz,MH,Mumbai Suburban,26.3,24.3,28.6,8.9,1003.2,8,19.1167,72.85,153.9
2024-07-10 00:00:00,July,Monsoon,Bombay / Santacruz,MH,Mumbai Suburban,26.7,25,31.6,10.3,1005.7,8,19.1167,72.85,4.1
2024-07-11 00:00:00,July,Monsoon,Bombay / Santacruz,MH,Mumbai Suburban,25.7,24,27,9.3,1005.7,8,19.1167,72.85,19.1
2024-07-12 00:00:00,July,Monsoon,Bombay / Santacruz,MH,Mumbai Suburban,26.3,23.8,29,7.6,1003.7,8,19.1167,72.85,116.1
2024-07-13 00:00:00,July,Monsoon,Bombay / Santacruz,MH,Mumbai Suburban,26.4,25,27,11.7,1002.8,8,19.1167,72.85,0
2024-07-14 00:00:00,July,Monsoon,Bombay / Santacruz,MH,Mumbai Suburban,28.3,24.4,30,13,1000.8,8,19.1167,72.85,142
2024-07-15 00:00:00,July,Monsoon,Bombay / Santacruz,MH,Mumbai Suburban,26.8,24.6,28.4,8,1000.2,8,19.1167,72.85,5.1
2024-07-16 00:00:00,July,Monsoon,Bombay / Santacruz,MH,Mumbai Suburban,27,25.2,29,9.2,1000.3,8,19.1167,72.85,49
2024-07-17 00:00:00,July,Monsoon,Bombay / Santacruz,MH,Mumbai Suburban,27.5,25.4,32.6,10.9,1001.6,8,19.1167,72.85,1
2024-07-18 00:00:00,July,Monsoon,Bombay / Santacruz,MH,Mumbai Suburban,25.9,24.6,27,8.2,1002.1,8,19.1167,72.85,50
2024-07-19 00:00:00,July,Monsoon,Bombay / Santacruz,MH,Mumbai Suburban,26.9,26,29,14.5,1000.2,8,19.1167,72.85,93
2024-07-20 00:00:00,July,Monsoon,Bombay / Santacruz,MH,Mumbai Suburban,26.5,24.6,27.4,13.8,1001.2,8,19.1167,72.85,79
2024-07-21 00:00:00,July,Monsoon,Bombay / Santacruz,MH,Mumbai Suburban,26.8,25,28.2,15.6,1001.4,8,19.1167,72.85,93
2024-07-22 00:00:00,July,Monsoon,Bombay / Santacruz,MH,Mumbai Suburban,26.3,24.6,28,14.6,1003.3,8,19.1167,72.85,176
2024-07-23 00:00:00,July,Monsoon,Bombay / Santacruz,MH,Mumbai Suburban,26.8,25,29,14.9,1004,8,19.1167,72.85,41.9
2024-07-24 00:00:00,July,Monsoon,Bombay / Santacruz,MH,Mumbai Suburban,27.1,25,28.6,17.4,1001.4,8,19.1167,72.85,46
2024-07-25 00:00:00,July,Monsoon,Bombay / Santacruz,MH,Mumbai Suburban,26.2,24,27.6,15.7,1000.4,8,19.1167,72.85,68.1
2024-07-26 00:00:00,July,Monsoon,Bombay / Santacruz,MH,Mumbai Suburban,27.9,24.5,29.6,14.6,1002.2,8,19.1167,72.85,93
2024-07-27 00:00:00,July,Monsoon,Bombay / Santacruz,MH,Mumbai Suburban,27.6,26,29.6,15.1,1002.9,8,19.1167,72.85,0
2024-07-28 00:00:00,July,Monsoon,Bombay / Santacruz,MH,Mumbai Suburban,27.7,26.5,29.4,15,1000.6,8,19.1167,72.85,8.9
2024-07-29 00:00:00,July,Monsoon,Bombay / Santacruz,MH,Mumbai Suburban,27.4,25,28.8,16.4,999.4,8,19.1167,72.85,8.9
2024-07-30 00:00:00,July,Monsoon,Bombay / Santacruz,MH,Mumbai Suburban,28.1,26,31.2,15.3,1002.4,8,19.1167,72.85,15
2024-07-31 00:00:00,July,Monsoon,Bombay / Santacruz,MH,Mumbai Suburban,28.3,25.9,32.1,14.5,1004.7,8,19.1167,72.85,11.9
2024-08-01 00:00:00,August,Monsoon,Bombay / Santacruz,MH,Mumbai Suburban,28.1,27,31,15.6,1004.6,8,19.1167,72.85,2
2024-08-02 00:00:00,August,Monsoon,Bombay / Santacruz,MH,Mumbai Suburban,27.4,25.6,29.8,15.6,1004.2,8,19.1167,72.85,7.1
2024-08-03 00:00:00,August,Monsoon,Bombay / Santacruz,MH,Mumbai Suburban,26.9,25,28,16.2,1004.3,8,19.1167,72.85,19.1
2024-08-04 00:00:00,August,Monsoon,Bombay / Santacruz,MH,Mumbai Suburban,27.3,25.2,28.8,15.7,1004.8,8,19.1167,72.85,97
2024-08-05 00:00:00,August,Monsoon,Bombay / Santacruz,MH,Mumbai Suburban,27.3,26,31,13.7,1005.9,8,19.1167,72.85,11.9
2024-08-06 00:00:00,August,Monsoon,Bombay / Santacruz,MH,Mumbai Suburban,27.4,26,30.4,13.3,1006.2,8,19.1167,72.85,9.9
2024-08-07 00:00:00,August,Monsoon,Bombay / Santacruz,MH,Mumbai Suburban,28,25.6,30.8,14.8,1006.3,8,19.1167,72.85,23.1
2024-08-08 00:00:00,August,Monsoon,Bombay / Santacruz,MH,Mumbai Suburban,28.1,27,31,12.3,1007.1,8,19.1167,72.85,3
2024-08-09 00:00:00,August,Monsoon,Bombay / Santacruz,MH,Mumbai Suburban,28.2,25.8,30.8,14,1008,8,19.1167,72.85,3
2024-08-10 00:00:00,August,Monsoon,Bombay / Santacruz,MH,Mumbai Suburban,27.5,26,29.8,13.3,1008,8,19.1167,72.85,3
2024-08-11 00:00:00,August,Monsoon,Bombay / Santacruz,MH,Mumbai Suburban,27.7,27,30.4,14.1,1006.4,8,19.1167,72.85,7.9
2024-08-12 00:00:00,August,Monsoon,Bombay / Santacruz,MH,Mumbai Suburban,28.3,27,30,14,1006.1,8,19.1167,72.85,4.1
2024-08-13 00:00:00,August,Monsoon,Bombay / Santacruz,MH,Mumbai Suburban,28.6,27,32,10.8,1006.7,8,19.1167,72.85,2.3
2024-08-14 00:00:00,August,Monsoon,Bombay / Santacruz,MH,Mumbai Suburban,29.1,27,32.4,8.5,1006.8,8,19.1167,72.85,1
2024-08-15 00:00:00,August,Monsoon,Bombay / Santacruz,MH,Mumbai Suburban,29.3,27,32.4,9.3,1005.6,8,19.1167,72.85,0.4
2024-08-16 00:00:00,August,Monsoon,Bombay / Santacruz,MH,Mumbai Suburban,29.3,27.6,33,8.2,1004.7,8,19.1167,72.85,0.2
2024-08-17 00:00:00,August,Monsoon,Bombay / Santacruz,MH,Mumbai Suburban,29.1,25.5,32.8,8.3,1005.6,8,19.1167,72.85,3
2024-08-18 00:00:00,August,Monsoon,Bombay / Santacruz,MH,Mumbai Suburban,29.9,27.4,33.2,9.4,1006.1,8,19.1167,72.85,0.3
2024-08-19 00:00:00,August,Monsoon,Bombay / Santacruz,MH,Mumbai Suburban,29.2,28,32.6,9.7,1005.3,8,19.1167,72.85,0
2024-08-20 00:00:00,August,Monsoon,Bombay / Santacruz,MH,Mumbai Suburban,27.8,26,30,7.2,1005.1,8,19.1167,72.85,7.9
2024-08-21 00:00:00,August,Monsoon,Bombay / Santacruz,MH,Mumbai Suburban,29.1,26.4,32,8.4,1005.2,8,19.1167,72.85,1.2
2024-08-22 00:00:00,August,Monsoon,Bombay / Santacruz,MH,Mumbai Suburban,29.9,28,33.5,7.5,1004.5,8,19.1167,72.85,3
2024-08-23 00:00:00,August,Monsoon,Bombay / Santacruz,MH,Mumbai Suburban,27.8,25.8,30.6,9,1005.2,8,19.1167,72.85,4.1
2024-08-24 00:00:00,August,Monsoon,Bombay / Santacruz,MH,Mumbai Suburban,26,24,27.5,12,1006.3,8,19.1167,72.85,57.9
2024-08-25 00:00:00,August,Monsoon,Bombay / Santacruz,MH,Mumbai Suburban,27.4,24,29.6,14.2,1005.3,8,19.1167,72.85,83.1
2024-08-26 00:00:00,August,Monsoon,Bombay / Santacruz,MH,Mumbai Suburban,27.9,27,30.2,15.9,1003.7,8,19.1167,72.85,9.9
2024-08-27 00:00:00,August,Monsoon,Bombay / Santacruz,MH,Mumbai Suburban,27.5,26,30.6,16.7,1004.7,8,19.1167,72.85,5.1
2024-08-28 00:00:00,August,Monsoon,Bombay / Santacruz,MH,Mumbai Suburban,27.9,25.6,30.2,18.1,1006,8,19.1167,72.85,10.9
2024-08-29 00:00:00,August,Monsoon,Bombay / Santacruz,MH,Mumbai Suburban,28.2,26.3,31,14.9,1005.3,8,19.1167,72.85,6.1
2024-08-30 00:00:00,August,Monsoon,Bombay / Santacruz,MH,Mumbai Suburban,28.4,26.8,31.8,12.9,1005.6,8,19.1167,72.85,0
2024-08-31 00:00:00,August,Monsoon,Bombay / Santacruz,MH,Mumbai Suburban,28.6,26,32,11.3,1006.4,8,19.1167,72.85,3
2024-09-01 00:00:00,September,Monsoon,Bombay / Santacruz,MH,Mumbai Suburban,28.3,26.5,30.4,11.9,1006.6,8,19.1167,72.85,0.5
2024-09-02 00:00:00,September,Monsoon,Bombay / Santacruz,MH,Mumbai Suburban,27.9,26,29.6,12.8,1006.1,8,19.1167,72.85,0
2024-09-03 00:00:00,September,Monsoon,Bombay / Santacruz,MH,Mumbai Suburban,28.1,26,31.4,13.9,1006.3,8,19.1167,72.85,22.1
2024-09-04 00:00:00,September,Monsoon,Bombay / Santacruz,MH,Mumbai Suburban,27.8,25.2,31,14.4,1006.7,8,19.1167,72.85,11.9
2024-09-05 00:00:00,September,Monsoon,Bombay / Santacruz,MH,Mumbai Suburban,27.5,25,30.2,14.7,1005.6,8,19.1167,72.85,23.9
2024-09-06 00:00:00,September,Monsoon,Bombay / Santacruz,MH,Mumbai Suburban,27.8,25.6,31.2,15,1006.5,8,19.1167,72.85,9.9
2024-09-07 00:00:00,September,Monsoon,Bombay / Santacruz,MH,Mumbai Suburban,27.9,25.8,31.4,13.1,1007.2,8,19.1167,72.85,6.1
2024-09-08 00:00:00,September,Monsoon,Bombay / Santacruz,MH,Mumbai Suburban,28.3,25.8,31.8,11.2,1007.2,8,19.1167,72.85,7.1
2024-09-09 00:00:00,September,Monsoon,Bombay / Santacruz,MH,Mumbai Suburban,28,27,31.4,9.6,1004.8,8,19.1167,72.85,1
2024-09-10 00:00:00,September,Monsoon,Bombay / Santacruz,MH,Mumbai Suburban,27.9,25.4,31.2,9.6,1004,8,19.1167,72.85,9.9
2024-09-11 00:00:00,September,Monsoon,Bombay / Santacruz,MH,Mumbai Suburban,27.6,25,30.4,11.5,1005.1,8,19.1167,72.85,8.9
2024-09-12 00:00:00,September,Monsoon,Bombay / Santacruz,MH,Mumbai Suburban,27.3,23.8,30.4,10.3,1006.9,8,19.1167,72.85,13
2024-09-13 00:00:00,September,Monsoon,Bombay / Santacruz,MH,Mumbai Suburban,28.1,26,31.6,11.8,1007.4,8,19.1167,72.85,7.9
2024-09-14 00:00:00,September,Monsoon,Bombay / Santacruz,MH,Mumbai Suburban,27.1,24,30,9.3,1006.9,8,19.1167,72.85,0.5
2024-09-15 00:00:00,September,Monsoon,Bombay / Santacruz,MH,Mumbai Suburban,25.7,24,29.2,6.4,1007.7,8,19.1167,72.85,11.9
2024-09-16 00:00:00,September,Monsoon,Bombay / Santacruz,MH,Mumbai Suburban,28.1,23.5,31,7.9,1008.4,8,19.1167,72.85,30
2024-09-17 00:00:00,September,Monsoon,Bombay / Santacruz,MH,Mumbai Suburban,28,22.6,31.4,7,1008.6,8,19.1167,72.85,6.1
2024-09-18 00:00:00,September,Monsoon,Bombay / Santacruz,MH,Mumbai Suburban,28.2,24.4,31.6,7.4,1006.6,8,19.1167,72.85,0
2024-09-19 00:00:00,September,Monsoon,Bombay / Santacruz,MH,Mumbai Suburban,28.6,27,31.4,6.6,1007.1,8,19.1167,72.85,0.1
2024-09-20 00:00:00,September,Monsoon,Bombay / Santacruz,MH,Mumbai Suburban,28.4,26.2,31.8,6.5,1007.2,8,19.1167,72.85,1.8
2024-09-21 00:00:00,September,Monsoon,Bombay / Santacruz,MH,Mumbai Suburban,28.7,26.4,31.6,9.4,1008.1,8,19.1167,72.85,3.8
2024-09-22 00:00:00,September,Monsoon,Bombay / Santacruz,MH,Mumbai Suburban,29,27,31.4,7.9,1007.3,8,19.1167,72.85,0.1
2024-09-23 00:00:00,September,Monsoon,Bombay / Santacruz,MH,Mumbai Suburban,28.6,27.4,31,8.1,1006.2,8,19.1167,72.85,17
2024-09-24 00:00:00,September,Monsoon,Bombay / Santacruz,MH,Mumbai Suburban,26.8,24.4,29.8,8,1004.8,8,19.1167,72.85,74.9
2024-09-25 00:00:00,September,Monsoon,Bombay / Santacruz,MH,Mumbai Suburban,26.9,24.5,30.2,7.4,1003.6,8,19.1167,72.85,73.9
2024-09-26 00:00:00,September,Monsoon,Bombay / Santacruz,MH,Mumbai Suburban,26.3,24.6,28.4,8.8,1002.6,8,19.1167,72.85,169.9
2024-09-27 00:00:00,September,Monsoon,Bombay / Santacruz,MH,Mumbai Suburban,25.7,24,27,14,1004.1,8,19.1167,72.85,73.9
2024-09-28 00:00:00,September,Monsoon,Bombay / Santacruz,MH,Mumbai Suburban,26.2,24,28.7,9.5,1007.6,8,19.1167,72.85,52.1
2024-09-29 00:00:00,September,Monsoon,Bombay / Santacruz,MH,Mumbai Suburban,27.4,24.8,31,9.9,1009.7,8,19.1167,72.85,17
2024-09-30 00:00:00,September,Monsoon,Bombay / Santacruz,MH,Mumbai Suburban,28.5,24.2,31.8,5.6,1009.9,8,19.1167,72.85,4.1
2021-07-01 00:00:00,July,Monsoon,T.B.I.A,MH,Mumbai Suburban,28.7,27.8,31.2,23.4,1004.5,13,19.15,72,1.2
2021-07-02 00:00:00,July,Monsoon,T.B.I.A,MH,Mumbai Suburban,29,27.9,31.8,24.9,1004.7,13,19.15,72,0.7
2021-07-03 00:00:00,July,Monsoon,T.B.I.A,MH,Mumbai Suburban,29,28,32.6,21.6,1005.8,13,19.15,72,1.2
2021-07-04 00:00:00,July,Monsoon,T.B.I.A,MH,Mumbai Suburban,28.8,27.7,32,23,1006.2,13,19.15,72,1.1
2021-07-05 00:00:00,July,Monsoon,T.B.I.A,MH,Mumbai Suburban,28.9,27.7,32.6,19.7,1006.5,13,19.15,72,1.3
2021-07-06 00:00:00,July,Monsoon,T.B.I.A,MH,Mumbai Suburban,28.6,27.8,30.2,11.8,1005.5,13,19.15,72,0.3
2021-07-07 00:00:00,July,Monsoon,T.B.I.A,MH,Mumbai Suburban,29,28,32.8,13,1005.5,13,19.15,72,0.6
2021-07-08 00:00:00,July,Monsoon,T.B.I.A,MH,Mumbai Suburban,28.2,26,29.4,17.2,1005.2,13,19.15,72,4
2021-07-09 00:00:00,July,Monsoon,T.B.I.A,MH,Mumbai Suburban,28.4,27,29.2,17.9,1003.4,13,19.15,72,2.6
2021-07-10 00:00:00,July,Monsoon,T.B.I.A,MH,Mumbai Suburban,27.4,26,28.8,18.7,1003.2,13,19.15,72,29.1
2021-07-11 00:00:00,July,Monsoon,T.B.I.A,MH,Mumbai Suburban,27.8,26.9,31.6,20.6,1001.5,13,19.15,72,33.5
2021-07-12 00:00:00,July,Monsoon,T.B.I.A,MH,Mumbai Suburban,27.7,27,29.2,22.8,999.4,13,19.15,72,80.1
2021-07-13 00:00:00,July,Monsoon,T.B.I.A,MH,Mumbai Suburban,27.6,26.2,28.3,29.9,1001,13,19.15,72,49.6
2021-07-14 00:00:00,July,Monsoon,T.B.I.A,MH,Mumbai Suburban,27.2,25.2,28.1,27.1,1002.2,13,19.15,72,46.4
2021-07-15 00:00:00,July,Monsoon,T.B.I.A,MH,Mumbai Suburban,27.8,26.7,31,24.7,1001.5,13,19.15,72,33.1
2021-07-16 00:00:00,July,Monsoon,T.B.I.A,MH,Mumbai Suburban,27.4,25.4,28.4,23.2,1003.5,13,19.15,72,35.6
2021-07-17 00:00:00,July,Monsoon,T.B.I.A,MH,Mumbai Suburban,27.8,27,29,25.7,1004.9,13,19.15,72,30.1
2021-07-18 00:00:00,July,Monsoon,T.B.I.A,MH,Mumbai Suburban,27.9,26.4,29.2,31.3,1004.4,13,19.15,72,25.9
2021-07-19 00:00:00,July,Monsoon,T.B.I.A,MH,Mumbai Suburban,27,25,28.4,27.6,1003.9,13,19.15,72,32.4
2021-07-20 00:00:00,July,Monsoon,T.B.I.A,MH,Mumbai Suburban,28,27,29,31.5,1005,13,19.15,72,5.8
2021-07-21 00:00:00,July,Monsoon,T.B.I.A,MH,Mumbai Suburban,27.7,25,28.5,36.7,1004.1,13,19.15,72,7.4
2021-07-22 00:00:00,July,Monsoon,T.B.I.A,MH,Mumbai Suburban,28.2,26.2,28.7,53.6,1002.1,13,19.15,72,4.9
2021-07-23 00:00:00,July,Monsoon,T.B.I.A,MH,Mumbai Suburban,28.2,27,28.7,36.3,1001.9,13,19.15,72,7.9
2021-07-24 00:00:00,July,Monsoon,T.B.I.A,MH,Mumbai Suburban,27.8,27,29.6,26.6,1003.1,13,19.15,72,8.7
2021-07-25 00:00:00,July,Monsoon,T.B.I.A,MH,Mumbai Suburban,27.5,26.8,29.2,32.2,1003.7,13,19.15,72,6.5
2021-07-26 00:00:00,July,Monsoon,T.B.I.A,MH,Mumbai Suburban,27.6,26.8,28.3,33.9,1004.3,13,19.15,72,6.8
2021-07-27 00:00:00,July,Monsoon,T.B.I.A,MH,Mumbai Suburban,27.7,27,29.2,32.9,1003.6,13,19.15,72,4.3
2021-07-28 00:00:00,July,Monsoon,T.B.I.A,MH,Mumbai Suburban,28.2,26.8,31,34.1,1003.9,13,19.15,72,1.8
2021-07-29 00:00:00,July,Monsoon,T.B.I.A,MH,Mumbai Suburban,28,27.7,29.2,34.9,1005,13,19.15,72,3.1
2021-07-30 00:00:00,July,Monsoon,T.B.I.A,MH,Mumbai Suburban,28,27.7,29.4,38.2,1005.9,13,19.15,72,4.5
2021-07-31 00:00:00,July,Monsoon,T.B.I.A,MH,Mumbai Suburban,27.9,26.4,30.2,35.4,1006.7,13,19.15,72,1.5
2021-08-01 00:00:00,August,Monsoon,T.B.I.A,MH,Mumbai Suburban,27.5,26.4,29.2,33.6,1005.7,13,19.15,72,3.4
2021-08-02 00:00:00,August,Monsoon,T.B.I.A,MH,Mumbai Suburban,27.3,26.4,28.2,31.8,1005.7,13,19.15,72,3.1
2021-08-03 00:00:00,August,Monsoon,T.B.I.A,MH,Mumbai Suburban,27.3,26,29,30.2,1006.6,13,19.15,72,3.4
2021-08-04 00:00:00,August,Monsoon,T.B.I.A,MH,Mumbai Suburban,27.5,27,29,33.4,1007.2,13,19.15,72,1.9
2021-08-05 00:00:00,August,Monsoon,T.B.I.A,MH,Mumbai Suburban,27.6,26.9,30.2,29,1005.7,13,19.15,72,2.3
2021-08-06 00:00:00,August,Monsoon,T.B.I.A,MH,Mumbai Suburban,27.6,26.8,32,28.1,1004.9,13,19.15,72,3.8
2021-08-07 00:00:00,August,Monsoon,T.B.I.A,MH,Mumbai Suburban,27.3,26.8,30.6,20.6,1005.5,13,19.15,72,2.8
2021-08-08 00:00:00,August,Monsoon,T.B.I.A,MH,Mumbai Suburban,27.2,26.5,30,13.9,1006.6,13,19.15,72,2
2021-08-09 00:00:00,August,Monsoon,T.B.I.A,MH,Mumbai Suburban,27.3,26.3,30,16.2,1007.7,13,19.15,72,0.8
2021-08-10 00:00:00,August,Monsoon,T.B.I.A,MH,Mumbai Suburban,27,26.5,30,19.2,1007.9,13,19.15,72,1.6
2021-08-11 00:00:00,August,Monsoon,T.B.I.A,MH,Mumbai Suburban,27.3,26.6,29.4,20.2,1007.9,13,19.15,72,1.2
2021-08-12 00:00:00,August,Monsoon,T.B.I.A,MH,Mumbai Suburban,26.9,25.2,27.7,27.8,1008.5,13,19.15,72,1.6
2021-08-13 00:00:00,August,Monsoon,T.B.I.A,MH,Mumbai Suburban,27.3,26.5,30.6,22.3,1007.3,13,19.15,72,2
2021-08-14 00:00:00,August,Monsoon,T.B.I.A,MH,Mumbai Suburban,27,26.3,28.8,23.3,1005.7,13,19.15,72,3
2021-08-15 00:00:00,August,Monsoon,T.B.I.A,MH,Mumbai Suburban,26.7,24.8,30,20.8,1005.9,13,19.15,72,4.7
2021-08-16 00:00:00,August,Monsoon,T.B.I.A,MH,Mumbai Suburban,26.8,24.8,27.3,13.6,1007.1,13,19.15,72,1.1
2021-08-17 00:00:00,August,Monsoon,T.B.I.A,MH,Mumbai Suburban,27,25,29,13,1007.3,13,19.15,72,2.1
2021-08-18 00:00:00,August,Monsoon,T.B.I.A,MH,Mumbai Suburban,26.6,25,27.4,15.2,1005.9,13,19.15,72,6.4
2021-08-19 00:00:00,August,Monsoon,T.B.I.A,MH,Mumbai Suburban,26.5,24.8,27.3,20.2,1005.7,13,19.15,72,14.5
2021-08-20 00:00:00,August,Monsoon,T.B.I.A,MH,Mumbai Suburban,26.6,24.8,27.6,17.2,1005.8,13,19.15,72,7.3
2021-08-21 00:00:00,August,Monsoon,T.B.I.A,MH,Mumbai Suburban,26.2,24,26.9,19.2,1006.7,13,19.15,72,45.6
2021-08-22 00:00:00,August,Monsoon,T.B.I.A,MH,Mumbai Suburban,26.8,26,27.4,13.2,1007.3,13,19.15,72,1.1
2021-08-23 00:00:00,August,Monsoon,T.B.I.A,MH,Mumbai Suburban,27.4,26,30.4,12.2,1007.2,13,19.15,72,0.3
2021-08-24 00:00:00,August,Monsoon,T.B.I.A,MH,Mumbai Suburban,27.5,26.5,30,11.5,1007.1,13,19.15,72,1.4
2021-08-25 00:00:00,August,Monsoon,T.B.I.A,MH,Mumbai Suburban,27.6,26.7,29.8,15.1,1006.4,13,19.15,72,1
2021-08-26 00:00:00,August,Monsoon,T.B.I.A,MH,Mumbai Suburban,27.3,26.2,28.4,17.3,1004.9,13,19.15,72,1.4
2021-08-27 00:00:00,August,Monsoon,T.B.I.A,MH,Mumbai Suburban,27.3,26.5,28.2,15.5,1004.4,13,19.15,72,0.8
2021-08-28 00:00:00,August,Monsoon,T.B.I.A,MH,Mumbai Suburban,27.1,26.3,28.6,11.8,1004,13,19.15,72,0.9
2021-08-29 00:00:00,August,Monsoon,T.B.I.A,MH,Mumbai Suburban,27.3,25.2,29.4,11.3,1003.9,13,19.15,72,0.5
2021-08-30 00:00:00,August,Monsoon,T.B.I.A,MH,Mumbai Suburban,26.9,15,28,16.3,1005.1,13,19.15,72,1.9
2021-08-31 00:00:00,August,Monsoon,T.B.I.A,MH,Mumbai Suburban,27.1,25.2,28.2,21.7,1004.9,13,19.15,72,7.9
2021-09-01 00:00:00,September,Monsoon,T.B.I.A,MH,Mumbai Suburban,26.8,25.2,28,19.7,1005,13,19.15,72,7.1
2021-09-02 00:00:00,September,Monsoon,T.B.I.A,MH,Mumbai Suburban,27.3,26.2,28.6,25.9,1004.7,13,19.15,72,2.7
2021-09-03 00:00:00,September,Monsoon,T.B.I.A,MH,Mumbai Suburban,26.9,26.1,29.1,22.1,1004.6,13,19.15,72,11.3
2021-09-04 00:00:00,September,Monsoon,T.B.I.A,MH,Mumbai Suburban,26.7,25.9,27.5,18.2,1005.3,13,19.15,72,13
2021-09-05 00:00:00,September,Monsoon,T.B.I.A,MH,Mumbai Suburban,26.8,25.7,27.3,18.4,1005.8,13,19.15,72,3.5
2021-09-06 00:00:00,September,Monsoon,T.B.I.A,MH,Mumbai Suburban,27,26.1,30.3,14.9,1005.3,13,19.15,72,11.8
2021-09-07 00:00:00,September,Monsoon,T.B.I.A,MH,Mumbai Suburban,27.5,26.3,30.9,21.1,1003.2,13,19.15,72,24
2021-09-08 00:00:00,September,Monsoon,T.B.I.A,MH,Mumbai Suburban,26.9,26,27.8,34.2,1002.1,13,19.15,72,257
2021-09-09 00:00:00,September,Monsoon,T.B.I.A,MH,Mumbai Suburban,27.5,25.7,30.9,32.3,1005.3,13,19.15,72,2.2
2021-09-10 00:00:00,September,Monsoon,T.B.I.A,MH,Mumbai Suburban,27.7,25.9,30.9,29.3,1005.5,13,19.15,72,3
2021-09-11 00:00:00,September,Monsoon,T.B.I.A,MH,Mumbai Suburban,27,26.3,30.5,25.7,1003.6,13,19.15,72,51.3
2021-09-12 00:00:00,September,Monsoon,T.B.I.A,MH,Mumbai Suburban,27.2,26.3,29.1,36.2,1002.4,13,19.15,72,21.4
2021-09-13 00:00:00,September,Monsoon,T.B.I.A,MH,Mumbai Suburban,27.5,26.5,28.2,32.9,1001.4,13,19.15,72,13.6
2021-09-14 00:00:00,September,Monsoon,T.B.I.A,MH,Mumbai Suburban,27.6,26.9,30.1,32.2,1002.2,13,19.15,72,30.7
2021-09-15 00:00:00,September,Monsoon,T.B.I.A,MH,Mumbai Suburban,27.7,27,29.3,29.9,1003.4,13,19.15,72,2
2021-09-16 00:00:00,September,Monsoon,T.B.I.A,MH,Mumbai Suburban,27.4,25.5,29.7,23.3,1004.5,13,19.15,72,1
2021-09-17 00:00:00,September,Monsoon,T.B.I.A,MH,Mumbai Suburban,27.7,27.1,30.5,19.8,1005.2,13,19.15,72,0.6
2021-09-18 00:00:00,September,Monsoon,T.B.I.A,MH,Mumbai Suburban,27.2,26.3,30.3,18.3,1006.7,13,19.15,72,2.3
2021-09-19 00:00:00,September,Monsoon,T.B.I.A,MH,Mumbai Suburban,27.3,26.3,30.5,16.7,1008.2,13,19.15,72,3.9
2021-09-20 00:00:00,September,Monsoon,T.B.I.A,MH,Mumbai Suburban,27.2,25.3,30.1,14.7,1008.1,13,19.15,72,4.1
2021-09-21 00:00:00,September,Monsoon,T.B.I.A,MH,Mumbai Suburban,26.9,25.1,30.5,19,1007.1,13,19.15,72,13.8
2021-09-22 00:00:00,September,Monsoon,T.B.I.A,MH,Mumbai Suburban,26.9,25.3,27.6,19,1005.7,13,19.15,72,5.5
2021-09-23 00:00:00,September,Monsoon,T.B.I.A,MH,Mumbai Suburban,27.4,26.1,28,15.4,1005.4,13,19.15,72,0.5
2021-09-24 00:00:00,September,Monsoon,T.B.I.A,MH,Mumbai Suburban,27.5,26.5,29.3,13.7,1006.9,13,19.15,72,0.4
2021-09-25 00:00:00,September,Monsoon,T.B.I.A,MH,Mumbai Suburban,27.4,26.3,30.5,10.6,1006.7,13,19.15,72,0.4
2021-09-26 00:00:00,September,Monsoon,T.B.I.A,MH,Mumbai Suburban,27.4,26.3,30.1,11.3,1005.2,13,19.15,72,0
2021-09-27 00:00:00,September,Monsoon,T.B.I.A,MH,Mumbai Suburban,26.6,25.3,27.3,10.5,1004.2,13,19.15,72,30.9
2021-09-28 00:00:00,September,Monsoon,T.B.I.A,MH,Mumbai Suburban,26.6,25.1,27.4,16.5,1003.5,13,19.15,72,11.9
2021-09-29 00:00:00,September,Monsoon,T.B.I.A,MH,Mumbai Suburban,27.1,25.1,28.5,26.3,1003.9,13,19.15,72,24.1
2021-09-30 00:00:00,September,Monsoon,T.B.I.A,MH,Mumbai Suburban,27.6,26.7,30.3,21.6,1006.4,13,19.15,72,4
2022-07-01 00:00:00,July,Monsoon,T.B.I.A,MH,Mumbai Suburban,27.2,25,28.3,26.7,1003.3,13,19.15,72,27.9
2022-07-02 00:00:00,July,Monsoon,T.B.I.A,MH,Mumbai Suburban,28.2,27.2,30.2,29.4,1001.9,13,19.15,72,7.2
2022-07-03 00:00:00,July,Monsoon,T.B.I.A,MH,Mumbai Suburban,28.3,26.8,29,34.6,1001.7,13,19.15,72,4
2022-07-04 00:00:00,July,Monsoon,T.B.I.A,MH,Mumbai Suburban,27.3,25,28.1,28.4,1002,13,19.15,72,20.7
2022-07-05 00:00:00,July,Monsoon,T.B.I.A,MH,Mumbai Suburban,27.3,25.2,28,30.9,1000.5,13,19.15,72,33.5
2022-07-06 00:00:00,July,Monsoon,T.B.I.A,MH,Mumbai Suburban,27.2,25.4,27.9,29.2,1001.5,13,19.15,72,25.9
2022-07-07 00:00:00,July,Monsoon,T.B.I.A,MH,Mumbai Suburban,27.5,25,28.2,31.7,1004.3,13,19.15,72,28.9
2022-07-08 00:00:00,July,Monsoon,T.B.I.A,MH,Mumbai Suburban,28,27.2,28.8,35.5,1003.9,13,19.15,72,4.3
2022-07-09 00:00:00,July,Monsoon,T.B.I.A,MH,Mumbai Suburban,28,26.5,28.5,42.1,1002.7,13,19.15,72,7.7
2022-07-10 00:00:00,July,Monsoon,T.B.I.A,MH,Mumbai Suburban,27.6,25.6,28.6,36.9,1003.9,13,19.15,72,6.8
2022-07-11 00:00:00,July,Monsoon,T.B.I.A,MH,Mumbai Suburban,27,25.9,28.2,33.5,1004.8,13,19.15,72,45.4
2022-07-12 00:00:00,July,Monsoon,T.B.I.A,MH,Mumbai Suburban,27.1,25,28,37.1,1004.5,13,19.15,72,37
2022-07-13 00:00:00,July,Monsoon,T.B.I.A,MH,Mumbai Suburban,26.7,25,27.8,39.2,1001.9,13,19.15,72,62.8
2022-07-14 00:00:00,July,Monsoon,T.B.I.A,MH,Mumbai Suburban,27,26,28.2,47.7,999,13,19.15,72,54.8
2022-07-15 00:00:00,July,Monsoon,T.B.I.A,MH,Mumbai Suburban,27.3,25,28.1,39.4,999.3,13,19.15,72,9.6
2022-07-16 00:00:00,July,Monsoon,T.B.I.A,MH,Mumbai Suburban,27.8,26.9,28.3,40,1000,13,19.15,72,6.9
2022-07-17 00:00:00,July,Monsoon,T.B.I.A,MH,Mumbai Suburban,27.7,27.1,28,34.9,1003.3,13,19.15,72,4.1
2022-07-18 00:00:00,July,Monsoon,T.B.I.A,MH,Mumbai Suburban,27.6,26.8,27.9,32.6,1004.3,13,19.15,72,6.1
2022-07-19 00:00:00,July,Monsoon,T.B.I.A,MH,Mumbai Suburban,27.1,25.1,27.9,30.9,1005.2,13,19.15,72,16.1
2022-07-20 00:00:00,July,Monsoon,T.B.I.A,MH,Mumbai Suburban,27.3,26.2,28.2,26.7,1006.1,13,19.15,72,2.4
2022-07-21 00:00:00,July,Monsoon,T.B.I.A,MH,Mumbai Suburban,27.5,26.6,28,23.1,1006.1,13,19.15,72,2.3
2022-07-22 00:00:00,July,Monsoon,T.B.I.A,MH,Mumbai Suburban,27.4,26.7,28.4,22.4,1006.7,13,19.15,72,0.9
2022-07-23 00:00:00,July,Monsoon,T.B.I.A,MH,Mumbai Suburban,27.2,25.6,29.2,26,1005.4,13,19.15,72,10.4
2022-07-24 00:00:00,July,Monsoon,T.B.I.A,MH,Mumbai Suburban,27.6,26.6,28.1,33.5,1004.5,13,19.15,72,4.4
2022-07-25 00:00:00,July,Monsoon,T.B.I.A,MH,Mumbai Suburban,27.7,26.8,29.4,25.7,1005.5,13,19.15,72,1.8
2022-07-26 00:00:00,July,Monsoon,T.B.I.A,MH,Mumbai Suburban,27.5,26.8,27.8,20.8,1007.6,13,19.15,72,1.3
2022-07-27 00:00:00,July,Monsoon,T.B.I.A,MH,Mumbai Suburban,27.4,26.9,28.2,19.7,1007.6,13,19.15,72,0.8
2022-07-28 00:00:00,July,Monsoon,T.B.I.A,MH,Mumbai Suburban,27.5,26.9,28.4,11.1,1008.8,13,19.15,72,0.2
2022-07-29 00:00:00,July,Monsoon,T.B.I.A,MH,Mumbai Suburban,27.8,27.2,28.6,14.1,1008.1,13,19.15,72,0
2022-07-30 00:00:00,July,Monsoon,T.B.I.A,MH,Mumbai Suburban,27.9,27.3,28.8,13.7,1007.1,13,19.15,72,0
2022-07-31 00:00:00,July,Monsoon,T.B.I.A,MH,Mumbai Suburban,27.8,27,28.4,18.2,1005.9,13,19.15,72,0.1
2022-08-01 00:00:00,August,Monsoon,T.B.I.A,MH,Mumbai Suburban,27.7,26.6,28.4,19.4,1005.8,13,19.15,72,0.3
2022-08-02 00:00:00,August,Monsoon,T.B.I.A,MH,Mumbai Suburban,28.1,27.2,31.4,19,1004.9,13,19.15,72,1.7
2022-08-03 00:00:00,August,Monsoon,T.B.I.A,MH,Mumbai Suburban,27.9,26.9,28.5,15.6,1004.2,13,19.15,72,2
2022-08-04 00:00:00,August,Monsoon,T.B.I.A,MH,Mumbai Suburban,27.7,26.4,30.2,12.1,1002.9,13,19.15,72,3.9
2022-08-05 00:00:00,August,Monsoon,T.B.I.A,MH,Mumbai Suburban,27.1,26.1,29.2,9.8,1001.5,13,19.15,72,22
2022-08-06 00:00:00,August,Monsoon,T.B.I.A,MH,Mumbai Suburban,26.9,26.2,27.7,12.2,1000.5,13,19.15,72,16.9
2022-08-07 00:00:00,August,Monsoon,T.B.I.A,MH,Mumbai Suburban,27,26.8,27.4,17.6,999.9,13,19.15,72,20.9
2022-08-08 00:00:00,August,Monsoon,T.B.I.A,MH,Mumbai Suburban,26.8,25.8,29.4,13.8,998.8,13,19.15,72,40.8
2022-08-09 00:00:00,August,Monsoon,T.B.I.A,MH,Mumbai Suburban,27.4,26.2,28.4,38.2,998,13,19.15,72,72.3
2022-08-10 00:00:00,August,Monsoon,T.B.I.A,MH,Mumbai Suburban,27.3,26.7,27.7,51.3,996.5,13,19.15,72,11.1
2022-08-11 00:00:00,August,Monsoon,T.B.I.A,MH,Mumbai Suburban,27.4,26.6,27.9,50,997.9,13,19.15,72,7.8
2022-08-12 00:00:00,August,Monsoon,T.B.I.A,MH,Mumbai Suburban,27.4,26.7,27.8,49,1001.3,13,19.15,72,5.1
2022-08-13 00:00:00,August,Monsoon,T.B.I.A,MH,Mumbai Suburban,27.3,26.8,27.8,40.5,1003.8,13,19.15,72,3.4
2022-08-14 00:00:00,August,Monsoon,T.B.I.A,MH,Mumbai Suburban,27.4,26.2,27.8,38.2,1005.3,13,19.15,72,1.4
2022-08-15 00:00:00,August,Monsoon,T.B.I.A,MH,Mumbai Suburban,27.1,26.3,27.5,40.1,1005.7,13,19.15,72,6.1
2022-08-16 00:00:00,August,Monsoon,T.B.I.A,MH,Mumbai Suburban,26.6,26.1,27.6,41.2,1004.7,13,19.15,72,27.4
2022-08-17 00:00:00,August,Monsoon,T.B.I.A,MH,Mumbai Suburban,26.9,26.2,27.3,36.8,1005.5,13,19.15,72,7
2022-08-18 00:00:00,August,Monsoon,T.B.I.A,MH,Mumbai Suburban,27,25.8,28.2,30.8,1006.2,13,19.15,72,5.7
2022-08-19 00:00:00,August,Monsoon,T.B.I.A,MH,Mumbai Suburban,27,26.4,27.4,33.1,1006.9,13,19.15,72,1.8
2022-08-20 00:00:00,August,Monsoon,T.B.I.A,MH,Mumbai Suburban,26.8,26.2,27.2,28.8,1006.8,13,19.15,72,1.2
2022-08-21 00:00:00,August,Monsoon,T.B.I.A,MH,Mumbai Suburban,26.9,26.6,27.6,31,1006.1,13,19.15,72,0.6
2022-08-22 00:00:00,August,Monsoon,T.B.I.A,MH,Mumbai Suburban,27,26,27.4,34.6,1004.6,13,19.15,72,0.3
2022-08-23 00:00:00,August,Monsoon,T.B.I.A,MH,Mumbai Suburban,27,26.3,29.2,31.6,1004.7,13,19.15,72,2.4
2022-08-24 00:00:00,August,Monsoon,T.B.I.A,MH,Mumbai Suburban,26.9,26.2,28.2,35.7,1006.9,13,19.15,72,2.2
2022-08-25 00:00:00,August,Monsoon,T.B.I.A,MH,Mumbai Suburban,26.9,26.5,27.4,21.5,1007,13,19.15,72,0.9
2022-08-26 00:00:00,August,Monsoon,T.B.I.A,MH,Mumbai Suburban,26.7,25.2,27.4,16.6,1007.3,13,19.15,72,1.4
2022-08-27 00:00:00,August,Monsoon,T.B.I.A,MH,Mumbai Suburban,26.7,25.4,27.2,16.9,1007.6,13,19.15,72,0
2022-08-28 00:00:00,August,Monsoon,T.B.I.A,MH,Mumbai Suburban,26.8,26.2,27.2,17.9,1007.6,13,19.15,72,0.1
2022-08-29 00:00:00,August,Monsoon,T.B.I.A,MH,Mumbai Suburban,26.9,26.1,27.7,13.9,1008.6,13,19.15,72,0.6
2022-08-30 00:00:00,August,Monsoon,T.B.I.A,MH,Mumbai Suburban,27.3,26.2,27.8,14.9,1008.5,13,19.15,72,0
2022-08-31 00:00:00,August,Monsoon,T.B.I.A,MH,Mumbai Suburban,27.5,27,28.1,17.4,1007.3,13,19.15,72,0
2022-09-01 00:00:00,September,Monsoon,T.B.I.A,MH,Mumbai Suburban,27.6,26.7,28.4,17.3,1006.9,13,19.15,72,7.8
2022-09-02 00:00:00,September,Monsoon,T.B.I.A,MH,Mumbai Suburban,28,27.1,29,13.3,1007.2,13,19.15,72,2.1
2022-09-03 00:00:00,September,Monsoon,T.B.I.A,MH,Mumbai Suburban,27.9,27.2,29,10.9,1007.4,13,19.15,72,0.1
2022-09-04 00:00:00,September,Monsoon,T.B.I.A,MH,Mumbai Suburban,27.9,27.3,28.3,17.1,1007.6,13,19.15,72,2.3
2022-09-05 00:00:00,September,Monsoon,T.B.I.A,MH,Mumbai Suburban,27.8,27.4,28.2,20.4,1007.7,13,19.15,72,0.8
2022-09-06 00:00:00,September,Monsoon,T.B.I.A,MH,Mumbai Suburban,27.8,27.2,28.5,14.8,1007.4,13,19.15,72,0.9
2022-09-07 00:00:00,September,Monsoon,T.B.I.A,MH,Mumbai Suburban,28.3,27.7,28.9,18,1007.1,13,19.15,72,0.7
2022-09-08 00:00:00,September,Monsoon,T.B.I.A,MH,Mumbai Suburban,27.3,26.3,28.2,14.9,1005.9,13,19.15,72,32.1
2022-09-09 00:00:00,September,Monsoon,T.B.I.A,MH,Mumbai Suburban,27.9,27.2,28.7,13,1004.1,13,19.15,72,0.6
2022-09-10 00:00:00,September,Monsoon,T.B.I.A,MH,Mumbai Suburban,27.7,27.2,28.3,9.4,1004.5,13,19.15,72,4.5
2022-09-11 00:00:00,September,Monsoon,T.B.I.A,MH,Mumbai Suburban,27.8,27.1,28.3,11.5,1002.4,13,19.15,72,5.5
2022-09-12 00:00:00,September,Monsoon,T.B.I.A,MH,Mumbai Suburban,27.2,26.8,27.6,14.7,1001.3,13,19.15,72,16.2
2022-09-13 00:00:00,September,Monsoon,T.B.I.A,MH,Mumbai Suburban,26.9,26.2,27.4,28.1,1002.7,13,19.15,72,71.3
2022-09-14 00:00:00,September,Monsoon,T.B.I.A,MH,Mumbai Suburban,27.3,26.9,27.7,36.8,1005.2,13,19.15,72,25.8
2022-09-15 00:00:00,September,Monsoon,T.B.I.A,MH,Mumbai Suburban,27.1,26.6,27.4,38.1,1006.8,13,19.15,72,37
2022-09-16 00:00:00,September,Monsoon,T.B.I.A,MH,Mumbai Suburban,26.9,26.3,28.2,30.2,1005.8,13,19.15,72,48.1
2022-09-17 00:00:00,September,Monsoon,T.B.I.A,MH,Mumbai Suburban,26.3,25.6,27.2,20.7,1006.2,13,19.15,72,14
2022-09-18 00:00:00,September,Monsoon,T.B.I.A,MH,Mumbai Suburban,26.8,25.2,27.9,16.5,1008.1,13,19.15,72,16.7
2022-09-19 00:00:00,September,Monsoon,T.B.I.A,MH,Mumbai Suburban,27.3,25.9,28.2,17.3,1008.6,13,19.15,72,1.3
2022-09-20 00:00:00,September,Monsoon,T.B.I.A,MH,Mumbai Suburban,26.9,25.6,27.8,17.2,1008.4,13,19.15,72,2.5
2022-09-21 00:00:00,September,Monsoon,T.B.I.A,MH,Mumbai Suburban,27.1,26.4,27.7,17,1008.6,13,19.15,72,1
2022-09-22 00:00:00,September,Monsoon,T.B.I.A,MH,Mumbai Suburban,27.3,26.2,27.6,17.9,1008.6,13,19.15,72,0
2022-09-23 00:00:00,September,Monsoon,T.B.I.A,MH,Mumbai Suburban,27.1,26,28.4,17.6,1008.6,13,19.15,72,1.5
2022-09-24 00:00:00,September,Monsoon,T.B.I.A,MH,Mumbai Suburban,26.4,24.8,29,14.9,1008.1,13,19.15,72,7
2022-09-25 00:00:00,September,Monsoon,T.B.I.A,MH,Mumbai Suburban,26.5,25.1,27.8,12.6,1008.3,13,19.15,72,3.3
2022-09-26 00:00:00,September,Monsoon,T.B.I.A,MH,Mumbai Suburban,26.5,25.3,27.7,10.9,1009.5,13,19.15,72,2.2
2022-09-27 00:00:00,September,Monsoon,T.B.I.A,MH,Mumbai Suburban,27.1,25.7,28.4,17.8,1008.5,13,19.15,72,0.9
2022-09-28 00:00:00,September,Monsoon,T.B.I.A,MH,Mumbai Suburban,27.1,25.6,28.2,11.8,1007.6,13,19.15,72,1.1
2022-09-29 00:00:00,September,Monsoon,T.B.I.A,MH,Mumbai Suburban,27.3,25.7,28.3,11.1,1007.6,13,19.15,72,3.1
2022-09-30 00:00:00,September,Monsoon,T.B.I.A,MH,Mumbai Suburban,27.5,26.2,30.2,14.2,1008.3,13,19.15,72,2.5
2023-07-01 00:00:00,July,Monsoon,T.B.I.A,MH,Mumbai Suburban,27.5,26.6,28.4,31.4,1005.6,13,19.15,72,40.6
2023-07-02 00:00:00,July,Monsoon,T.B.I.A,MH,Mumbai Suburban,27.6,26.2,28.1,31,1005.6,13,19.15,72,34.1
2023-07-03 00:00:00,July,Monsoon,T.B.I.A,MH,Mumbai Suburban,27.9,27.1,29.2,22,1003.9,13,19.15,72,15.3
2023-07-04 00:00:00,July,Monsoon,T.B.I.A,MH,Mumbai Suburban,28,27.2,29,21.1,1002.6,13,19.15,72,16.5
2023-07-05 00:00:00,July,Monsoon,T.B.I.A,MH,Mumbai Suburban,28,27.2,28.7,21.4,1000.8,13,19.15,72,13.1
2023-07-06 00:00:00,July,Monsoon,T.B.I.A,MH,Mumbai Suburban,27.2,26.6,27.6,29.4,1001.8,13,19.15,72,68
2023-07-07 00:00:00,July,Monsoon,T.B.I.A,MH,Mumbai Suburban,27.6,26.2,28.1,33.9,1002.4,13,19.15,72,52.6
2023-07-08 00:00:00,July,Monsoon,T.B.I.A,MH,Mumbai Suburban,28.2,26.6,29,39.9,1003.9,13,19.15,72,4.4
2023-07-09 00:00:00,July,Monsoon,T.B.I.A,MH,Mumbai Suburban,28.3,27.2,29.2,35.1,1005.1,13,19.15,72,1.7
2023-07-10 00:00:00,July,Monsoon,T.B.I.A,MH,Mumbai Suburban,28.5,26.2,31,27.1,1005.5,13,19.15,72,3.4
2023-07-11 00:00:00,July,Monsoon,T.B.I.A,MH,Mumbai Suburban,28.5,27.7,29,29.3,1006.5,13,19.15,72,1.1
2023-07-12 00:00:00,July,Monsoon,T.B.I.A,MH,Mumbai Suburban,28.6,28,30.6,25.2,1004.9,13,19.15,72,1.6
2023-07-13 00:00:00,July,Monsoon,T.B.I.A,MH,Mumbai Suburban,27.7,26.7,31.6,23.4,1005.1,13,19.15,72,17
2023-07-14 00:00:00,July,Monsoon,T.B.I.A,MH,Mumbai Suburban,27.2,25.2,28,25.7,1006,13,19.15,72,31.5
2023-07-15 00:00:00,July,Monsoon,T.B.I.A,MH,Mumbai Suburban,28.4,27.4,29.2,29.4,1006.4,13,19.15,72,1.5
2023-07-16 00:00:00,July,Monsoon,T.B.I.A,MH,Mumbai Suburban,27.6,26.2,28.6,31.2,1006.2,13,19.15,72,14.6
2023-07-17 00:00:00,July,Monsoon,T.B.I.A,MH,Mumbai Suburban,27.3,25,28,36,1004.8,13,19.15,72,19.5
2023-07-18 00:00:00,July,Monsoon,T.B.I.A,MH,Mumbai Suburban,27.3,25,27.9,32.7,1003.7,13,19.15,72,43.7
2023-07-19 00:00:00,July,Monsoon,T.B.I.A,MH,Mumbai Suburban,27.5,25.2,28.2,36.2,1001.9,13,19.15,72,33.2
2023-07-20 00:00:00,July,Monsoon,T.B.I.A,MH,Mumbai Suburban,27.7,25.8,29.1,33.5,1002,13,19.15,72,28.1
2023-07-21 00:00:00,July,Monsoon,T.B.I.A,MH,Mumbai Suburban,27.6,25,28.7,27.9,1003.8,13,19.15,72,12.7
2023-07-22 00:00:00,July,Monsoon,T.B.I.A,MH,Mumbai Suburban,27.3,25.4,28.5,31.5,1004.5,13,19.15,72,39.5
2023-07-23 00:00:00,July,Monsoon,T.B.I.A,MH,Mumbai Suburban,27.5,26.6,28,39.6,1003.1,13,19.15,72,13
2023-07-24 00:00:00,July,Monsoon,T.B.I.A,MH,Mumbai Suburban,27.2,26.2,27.7,34.4,1003.2,13,19.15,72,40.6
2023-07-25 00:00:00,July,Monsoon,T.B.I.A,MH,Mumbai Suburban,27.2,26.8,27.8,34.7,1005.6,13,19.15,72,29.7
2023-07-26 00:00:00,July,Monsoon,T.B.I.A,MH,Mumbai Suburban,27.1,25,27.7,32,1006.2,13,19.15,72,35.4
2023-07-27 00:00:00,July,Monsoon,T.B.I.A,MH,Mumbai Suburban,27,25,27.9,31.4,1006.2,13,19.15,72,31.7
2023-07-28 00:00:00,July,Monsoon,T.B.I.A,MH,Mumbai Suburban,27.3,26,28.1,35,1006.7,13,19.15,72,26.2
2023-07-29 00:00:00,July,Monsoon,T.B.I.A,MH,Mumbai Suburban,27.6,25.6,28.1,33.9,1006.9,13,19.15,72,1.7
2023-07-30 00:00:00,July,Monsoon,T.B.I.A,MH,Mumbai Suburban,27.7,27.2,28.2,36.4,1006.6,13,19.15,72,3
2023-07-31 00:00:00,July,Monsoon,T.B.I.A,MH,Mumbai Suburban,27.7,27.3,28.2,34.7,1005.9,13,19.15,72,2.3
2023-08-01 00:00:00,August,Monsoon,T.B.I.A,MH,Mumbai Suburban,27.5,26.2,28,40.8,1005.9,13,19.15,72,2.1
2023-08-02 00:00:00,August,Monsoon,T.B.I.A,MH,Mumbai Suburban,27.6,27,28,34,1006.4,13,19.15,72,0.7
2023-08-03 00:00:00,August,Monsoon,T.B.I.A,MH,Mumbai Suburban,27.7,27.2,28.1,36.6,1006,13,19.15,72,1.3
2023-08-04 00:00:00,August,Monsoon,T.B.I.A,MH,Mumbai Suburban,27.9,27.4,28.4,37.3,1007.3,13,19.15,72,0.9
2023-08-05 00:00:00,August,Monsoon,T.B.I.A,MH,Mumbai Suburban,27.9,26.9,29.8,29.8,1008.2,13,19.15,72,1
2023-08-06 00:00:00,August,Monsoon,T.B.I.A,MH,Mumbai Suburban,27.6,27.1,28.2,30.5,1008,13,19.15,72,1.1
2023-08-07 00:00:00,August,Monsoon,T.B.I.A,MH,Mumbai Suburban,27.7,26.9,30,32.6,1006.8,13,19.15,72,1.7
2023-08-08 00:00:00,August,Monsoon,T.B.I.A,MH,Mumbai Suburban,27.7,27.1,30.4,29.2,1006.8,13,19.15,72,1.3
2023-08-09 00:00:00,August,Monsoon,T.B.I.A,MH,Mumbai Suburban,27.7,27,31.4,26.8,1008.8,13,19.15,72,1.2
2023-08-10 00:00:00,August,Monsoon,T.B.I.A,MH,Mumbai Suburban,27.7,27.1,29.2,26.4,1009.4,13,19.15,72,0.7
2023-08-11 00:00:00,August,Monsoon,T.B.I.A,MH,Mumbai Suburban,27.4,26.8,29,22.6,1009.2,13,19.15,72,0.8
2023-08-12 00:00:00,August,Monsoon,T.B.I.A,MH,Mumbai Suburban,27.5,25.8,30.2,25.6,1008.9,13,19.15,72,0.9
2023-08-13 00:00:00,August,Monsoon,T.B.I.A,MH,Mumbai Suburban,27.8,27.1,30.6,27.2,1007.1,13,19.15,72,0
2023-08-14 00:00:00,August,Monsoon,T.B.I.A,MH,Mumbai Suburban,27.9,27,31.2,28.4,1007.7,13,19.15,72,0.9
2023-08-15 00:00:00,August,Monsoon,T.B.I.A,MH,Mumbai Suburban,27.7,27.1,28,28.1,1008.4,13,19.15,72,0.4
2023-08-16 00:00:00,August,Monsoon,T.B.I.A,MH,Mumbai Suburban,27.9,27.2,31.2,24.7,1008.9,13,19.15,72,0.3
2023-08-17 00:00:00,August,Monsoon,T.B.I.A,MH,Mumbai Suburban,27.8,26.7,31.6,21.4,1008.9,13,19.15,72,0.1
2023-08-18 00:00:00,August,Monsoon,T.B.I.A,MH,Mumbai Suburban,27.2,26.5,28,25.4,1008.2,13,19.15,72,0.3
2023-08-19 00:00:00,August,Monsoon,T.B.I.A,MH,Mumbai Suburban,27.4,26.4,30.4,25.5,1006.9,13,19.15,72,1.5
2023-08-20 00:00:00,August,Monsoon,T.B.I.A,MH,Mumbai Suburban,27.7,27.1,29.8,25,1006.6,13,19.15,72,1
2023-08-21 00:00:00,August,Monsoon,T.B.I.A,MH,Mumbai Suburban,27.8,26.8,31.8,28.5,1007.3,13,19.15,72,0.4
2023-08-22 00:00:00,August,Monsoon,T.B.I.A,MH,Mumbai Suburban,27.2,26,28,18.7,1007,13,19.15,72,1.2
2023-08-23 00:00:00,August,Monsoon,T.B.I.A,MH,Mumbai Suburban,27.6,27,29,23.4,1006.9,13,19.15,72,0.3
2023-08-24 00:00:00,August,Monsoon,T.B.I.A,MH,Mumbai Suburban,27.6,26.6,30,26.4,1006.1,13,19.15,72,2.2
2023-08-25 00:00:00,August,Monsoon,T.B.I.A,MH,Mumbai Suburban,27.6,26.8,30.2,28.7,1006.1,13,19.15,72,3.1
2023-08-26 00:00:00,August,Monsoon,T.B.I.A,MH,Mumbai Suburban,27.3,26.7,27.9,28.5,1007.5,13,19.15,72,5.4
2023-08-27 00:00:00,August,Monsoon,T.B.I.A,MH,Mumbai Suburban,27.1,26.2,28.2,22.4,1008.2,13,19.15,72,6.9
2023-08-28 00:00:00,August,Monsoon,T.B.I.A,MH,Mumbai Suburban,27.2,26.1,31.2,19.9,1007.9,13,19.15,72,3.7
2023-08-29 00:00:00,August,Monsoon,T.B.I.A,MH,Mumbai Suburban,27.8,26.8,30.2,16.1,1008,13,19.15,72,0
2023-08-30 00:00:00,August,Monsoon,T.B.I.A,MH,Mumbai Suburban,27.6,26.8,30,11.8,1008.8,13,19.15,72,0
2023-08-31 00:00:00,August,Monsoon,T.B.I.A,MH,Mumbai Suburban,27.7,26.6,31.6,9,1008.6,13,19.15,72,0
2023-09-01 00:00:00,September,Monsoon,T.B.I.A,MH,Mumbai Suburban,27.7,26.9,31.4,9.3,1008.6,13,19.15,72,0
2023-09-02 00:00:00,September,Monsoon,T.B.I.A,MH,Mumbai Suburban,27.6,26,28.4,9,1008.5,13,19.15,72,0
2023-09-03 00:00:00,September,Monsoon,T.B.I.A,MH,Mumbai Suburban,27.7,25.2,28.4,16.7,1007.6,13,19.15,72,0
2023-09-04 00:00:00,September,Monsoon,T.B.I.A,MH,Mumbai Suburban,27.9,27.2,28.6,16.8,1006.5,13,19.15,72,0
2023-09-05 00:00:00,September,Monsoon,T.B.I.A,MH,Mumbai Suburban,27.6,26.9,28.3,18.4,1006.2,13,19.15,72,0
2023-09-06 00:00:00,September,Monsoon,T.B.I.A,MH,Mumbai Suburban,28,25.2,28.6,20.6,1006.1,13,19.15,72,0
2023-09-07 00:00:00,September,Monsoon,T.B.I.A,MH,Mumbai Suburban,27.6,25,29,25.7,1005.5,13,19.15,72,11.9
2023-09-08 00:00:00,September,Monsoon,T.B.I.A,MH,Mumbai Suburban,27.9,25,28.8,31.5,1005.8,13,19.15,72,21.7
2023-09-09 00:00:00,September,Monsoon,T.B.I.A,MH,Mumbai Suburban,28.5,28.1,28.8,31.8,1006.1,13,19.15,72,0.9
2023-09-10 00:00:00,September,Monsoon,T.B.I.A,MH,Mumbai Suburban,28.1,27.7,29,21.9,1005.8,13,19.15,72,0
2023-09-11 00:00:00,September,Monsoon,T.B.I.A,MH,Mumbai Suburban,28,27.1,29.2,24.5,1006.6,13,19.15,72,0.4
2023-09-12 00:00:00,September,Monsoon,T.B.I.A,MH,Mumbai Suburban,28.3,26.6,30.2,19.2,1007,13,19.15,72,0
2023-09-13 00:00:00,September,Monsoon,T.B.I.A,MH,Mumbai Suburban,28.2,27.2,31.4,19.1,1006.5,13,19.15,72,0.9
2023-09-14 00:00:00,September,Monsoon,T.B.I.A,MH,Mumbai Suburban,27.9,26.4,28.6,24.6,1006.7,13,19.15,72,1.7
2023-09-15 00:00:00,September,Monsoon,T.B.I.A,MH,Mumbai Suburban,28.2,26.6,28.9,18.2,1006.9,13,19.15,72,0
2023-09-16 00:00:00,September,Monsoon,T.B.I.A,MH,Mumbai Suburban,28.2,26,31.2,23.5,1006.2,13,19.15,72,0.4
2023-09-17 00:00:00,September,Monsoon,T.B.I.A,MH,Mumbai Suburban,28.2,27.2,29.2,30.3,1005.1,13,19.15,72,1.2
2023-09-18 00:00:00,September,Monsoon,T.B.I.A,MH,Mumbai Suburban,27.7,25.2,30.2,30.1,1005,13,19.15,72,9
2023-09-19 00:00:00,September,Monsoon,T.B.I.A,MH,Mumbai Suburban,27.6,26.8,30.2,28.4,1006.6,13,19.15,72,12.7
2023-09-20 00:00:00,September,Monsoon,T.B.I.A,MH,Mumbai Suburban,27.6,26.3,31.6,18.6,1006.7,13,19.15,72,11.3
2023-09-21 00:00:00,September,Monsoon,T.B.I.A,MH,Mumbai Suburban,27.5,26.6,29.8,17.4,1007.6,13,19.15,72,17
2023-09-22 00:00:00,September,Monsoon,T.B.I.A,MH,Mumbai Suburban,27.7,27,30.2,11.4,1007.6,13,19.15,72,6.8
2023-09-23 00:00:00,September,Monsoon,T.B.I.A,MH,Mumbai Suburban,27,25.5,29.4,12.5,1008.4,13,19.15,72,39.6
2023-09-24 00:00:00,September,Monsoon,T.B.I.A,MH,Mumbai Suburban,26.8,24.8,27.9,15.5,1009,13,19.15,72,32.5
2023-09-25 00:00:00,September,Monsoon,T.B.I.A,MH,Mumbai Suburban,26.9,25.3,29.2,14,1008,13,19.15,72,27.2
2023-09-26 00:00:00,September,Monsoon,T.B.I.A,MH,Mumbai Suburban,27.3,26.3,28.5,10.5,1008.1,13,19.15,72,9.6
2023-09-27 00:00:00,September,Monsoon,T.B.I.A,MH,Mumbai Suburban,27.6,25,28.8,13.5,1007.2,13,19.15,72,8.8
2023-09-28 00:00:00,September,Monsoon,T.B.I.A,MH,Mumbai Suburban,27.6,25.9,28.9,18.2,1006.1,13,19.15,72,35.4
2023-09-29 00:00:00,September,Monsoon,T.B.I.A,MH,Mumbai Suburban,28.4,25.9,29.5,18.4,1005.4,13,19.15,72,23.2
2023-09-30 00:00:00,September,Monsoon,T.B.I.A,MH,Mumbai Suburban,29.7,28.3,32.2,16.1,1005.4,13,19.15,72,0.3
2024-07-01 00:00:00,July,Monsoon,T.B.I.A,MH,Mumbai Suburban,29.4,28.2,31,40.7,1001.5,13,19.15,72,10.4
2024-07-02 00:00:00,July,Monsoon,T.B.I.A,MH,Mumbai Suburban,29.7,27.3,31.4,44.6,1001.2,13,19.15,72,5.3
2024-07-03 00:00:00,July,Monsoon,T.B.I.A,MH,Mumbai Suburban,29.5,29,31.2,34.7,1002,13,19.15,72,1.2
2024-07-04 00:00:00,July,Monsoon,T.B.I.A,MH,Mumbai Suburban,29.2,28.7,29.5,37.9,1003.4,13,19.15,72,3.1
2024-07-05 00:00:00,July,Monsoon,T.B.I.A,MH,Mumbai Suburban,29.1,28.3,30.2,35.2,1001.6,13,19.15,72,3.8
2024-07-06 00:00:00,July,Monsoon,T.B.I.A,MH,Mumbai Suburban,29.4,28.6,31.2,34.3,1000.7,13,19.15,72,3.1
2024-07-07 00:00:00,July,Monsoon,T.B.I.A,MH,Mumbai Suburban,29.2,28,30,38.6,1001.7,13,19.15,72,1.5
2024-07-08 00:00:00,July,Monsoon,T.B.I.A,MH,Mumbai Suburban,28.3,26.2,29.2,19.7,1002.2,13,19.15,72,4.4
2024-07-09 00:00:00,July,Monsoon,T.B.I.A,MH,Mumbai Suburban,27.8,26.2,29,18.8,1003,13,19.15,72,15.4
2024-07-10 00:00:00,July,Monsoon,T.B.I.A,MH,Mumbai Suburban,28.1,26,29.4,21.7,1004.9,13,19.15,72,13.3
2024-07-11 00:00:00,July,Monsoon,T.B.I.A,MH,Mumbai Suburban,27.8,26,28.4,27.4,1005.1,13,19.15,72,20.9
2024-07-12 00:00:00,July,Monsoon,T.B.I.A,MH,Mumbai Suburban,27.8,25.2,28.7,28.3,1003.1,13,19.15,72,24.1
2024-07-13 00:00:00,July,Monsoon,T.B.I.A,MH,Mumbai Suburban,27.4,26.2,28.1,33.1,1002.7,13,19.15,72,31.7
2024-07-14 00:00:00,July,Monsoon,T.B.I.A,MH,Mumbai Suburban,27.1,25.6,28.4,25.2,1001.5,13,19.15,72,43.4
2024-07-15 00:00:00,July,Monsoon,T.B.I.A,MH,Mumbai Suburban,27.6,26.3,29.2,26.5,1000.9,13,19.15,72,12.5
2024-07-16 00:00:00,July,Monsoon,T.B.I.A,MH,Mumbai Suburban,27.7,26.9,29.2,25.4,1000.4,13,19.15,72,48.3
2024-07-17 00:00:00,July,Monsoon,T.B.I.A,MH,Mumbai Suburban,28.1,27.2,30,30.5,1001.2,13,19.15,72,17
2024-07-18 00:00:00,July,Monsoon,T.B.I.A,MH,Mumbai Suburban,27.5,26,28.2,33.4,1002.1,13,19.15,72,27
2024-07-19 00:00:00,July,Monsoon,T.B.I.A,MH,Mumbai Suburban,27.5,26.2,28.1,36.5,1000.3,13,19.15,72,21
2024-07-20 00:00:00,July,Monsoon,T.B.I.A,MH,Mumbai Suburban,27.7,26,28.2,36.8,1000.9,13,19.15,72,27.4
2024-07-21 00:00:00,July,Monsoon,T.B.I.A,MH,Mumbai Suburban,27.6,25,28.4,37.9,1001.6,13,19.15,72,48.5
2024-07-22 00:00:00,July,Monsoon,T.B.I.A,MH,Mumbai Suburban,27.7,25.4,28.3,38.2,1002.9,13,19.15,72,14.8
2024-07-23 00:00:00,July,Monsoon,T.B.I.A,MH,Mumbai Suburban,27.7,26.6,28.3,38.9,1003.5,13,19.15,72,18.1
2024-07-24 00:00:00,July,Monsoon,T.B.I.A,MH,Mumbai Suburban,27.6,25.4,28.2,38.8,1001.7,13,19.15,72,19.6
2024-07-25 00:00:00,July,Monsoon,T.B.I.A,MH,Mumbai Suburban,27.5,25,28.8,39.7,1001,13,19.15,72,22
2024-07-26 00:00:00,July,Monsoon,T.B.I.A,MH,Mumbai Suburban,28.5,27.2,28.8,37.1,1001.9,13,19.15,72,1.3
2024-07-27 00:00:00,July,Monsoon,T.B.I.A,MH,Mumbai Suburban,28.1,27.2,28.6,40.7,1002.6,13,19.15,72,2.2
2024-07-28 00:00:00,July,Monsoon,T.B.I.A,MH,Mumbai Suburban,27.9,26.2,28.2,37.6,1000.8,13,19.15,72,7.3
2024-07-29 00:00:00,July,Monsoon,T.B.I.A,MH,Mumbai Suburban,27.8,27.2,28.4,39.8,999.3,13,19.15,72,21.7
2024-07-30 00:00:00,July,Monsoon,T.B.I.A,MH,Mumbai Suburban,27.8,26.8,29,29.2,1002.4,13,19.15,72,8.8
2024-07-31 00:00:00,July,Monsoon,T.B.I.A,MH,Mumbai Suburban,27.9,27,29.2,27.6,1004.5,13,19.15,72,5.1
2024-08-01 00:00:00,August,Monsoon,T.B.I.A,MH,Mumbai Suburban,28.2,27.5,30,31.4,1004.4,13,19.15,72,3.4
2024-08-02 00:00:00,August,Monsoon,T.B.I.A,MH,Mumbai Suburban,27.7,27.2,30.2,36.4,1004.1,13,19.15,72,19.2
2024-08-03 00:00:00,August,Monsoon,T.B.I.A,MH,Mumbai Suburban,27.5,25.2,28.2,39.8,1004.1,13,19.15,72,12.1
2024-08-04 00:00:00,August,Monsoon,T.B.I.A,MH,Mumbai Suburban,27.6,26,28.2,34.8,1004.4,13,19.15,72,12.3
2024-08-05 00:00:00,August,Monsoon,T.B.I.A,MH,Mumbai Suburban,27.9,27,30.2,29,1005.3,13,19.15,72,1.1
2024-08-06 00:00:00,August,Monsoon,T.B.I.A,MH,Mumbai Suburban,27.7,27.1,29.2,28.2,1005.8,13,19.15,72,2
2024-08-07 00:00:00,August,Monsoon,T.B.I.A,MH,Mumbai Suburban,27.6,27,28,29.2,1006.5,13,19.15,72,1.1
2024-08-08 00:00:00,August,Monsoon,T.B.I.A,MH,Mumbai Suburban,27.7,26.8,28.4,25.7,1006.8,13,19.15,72,1.7
2024-08-09 00:00:00,August,Monsoon,T.B.I.A,MH,Mumbai Suburban,27.9,26.7,30.2,23.9,1007.4,13,19.15,72,3.7
2024-08-10 00:00:00,August,Monsoon,T.B.I.A,MH,Mumbai Suburban,27.8,27.3,28.2,26.9,1008,13,19.15,72,0.9
2024-08-11 00:00:00,August,Monsoon,T.B.I.A,MH,Mumbai Suburban,27.9,27.3,29.6,23.3,1006.1,13,19.15,72,0.1
2024-08-12 00:00:00,August,Monsoon,T.B.I.A,MH,Mumbai Suburban,27.8,27.3,28.3,26.1,1006.1,13,19.15,72,0.5
2024-08-13 00:00:00,August,Monsoon,T.B.I.A,MH,Mumbai Suburban,27.7,27.2,28.1,19.6,1006.8,13,19.15,72,0.3
2024-08-14 00:00:00,August,Monsoon,T.B.I.A,MH,Mumbai Suburban,28,26.8,30.4,14.4,1006.6,13,19.15,72,1.7
2024-08-15 00:00:00,August,Monsoon,T.B.I.A,MH,Mumbai Suburban,27.8,27.1,30.2,14.2,1005.9,13,19.15,72,0
2024-08-16 00:00:00,August,Monsoon,T.B.I.A,MH,Mumbai Suburban,28.2,27,31.2,15.4,1004.3,13,19.15,72,0
2024-08-17 00:00:00,August,Monsoon,T.B.I.A,MH,Mumbai Suburban,28.4,27,31.4,12.6,1005.7,13,19.15,72,0.7
2024-08-18 00:00:00,August,Monsoon,T.B.I.A,MH,Mumbai Suburban,28.2,27.2,32.2,10.4,1006.6,13,19.15,72,0
2024-08-19 00:00:00,August,Monsoon,T.B.I.A,MH,Mumbai Suburban,28.3,27.8,29.2,12.5,1005.9,13,19.15,72,0
2024-08-20 00:00:00,August,Monsoon,T.B.I.A,MH,Mumbai Suburban,28.2,26.8,29.2,10.6,1005.3,13,19.15,72,2.2
2024-08-21 00:00:00,August,Monsoon,T.B.I.A,MH,Mumbai Suburban,28.5,27.2,31.2,12.1,1005.7,13,19.15,72,2.1
2024-08-22 00:00:00,August,Monsoon,T.B.I.A,MH,Mumbai Suburban,28.3,27.1,29,7.5,1005,13,19.15,72,0.4
2024-08-23 00:00:00,August,Monsoon,T.B.I.A,MH,Mumbai Suburban,28.4,27.6,31,13.2,1005.2,13,19.15,72,16.8
2024-08-24 00:00:00,August,Monsoon,T.B.I.A,MH,Mumbai Suburban,27.8,27,28.3,29.5,1006.1,13,19.15,72,44.1
2024-08-25 00:00:00,August,Monsoon,T.B.I.A,MH,Mumbai Suburban,27.7,25.7,28.5,37,1004.7,13,19.15,72,6.7
2024-08-26 00:00:00,August,Monsoon,T.B.I.A,MH,Mumbai Suburban,28.1,27.2,28.4,48.2,1002.9,13,19.15,72,3.9
2024-08-27 00:00:00,August,Monsoon,T.B.I.A,MH,Mumbai Suburban,28,26.6,28.4,42.7,1003.8,13,19.15,72,2.9
2024-09-05 00:00:00,September,Monsoon,T.B.I.A,MH,Mumbai Suburban,27.5,26.4,28.2,26.4,1005.3,13,19.15,72,11.4
2024-09-06 00:00:00,September,Monsoon,T.B.I.A,MH,Mumbai Suburban,27.8,26.9,29.2,25.3,1006.2,13,19.15,72,2.8
2024-09-07 00:00:00,September,Monsoon,T.B.I.A,MH,Mumbai Suburban,27.5,26.6,28,24.4,1007.3,13,19.15,72,1.2
2024-09-08 00:00:00,September,Monsoon,T.B.I.A,MH,Mumbai Suburban,27.6,26.5,28.2,18.4,1007.3,13,19.15,72,1.6
2024-09-09 00:00:00,September,Monsoon,T.B.I.A,MH,Mumbai Suburban,27.8,27,29.4,14.7,1005,13,19.15,72,1.6
2024-09-10 00:00:00,September,Monsoon,T.B.I.A,MH,Mumbai Suburban,27.8,27.1,30.2,18.3,1004.2,13,19.15,72,2.3
2024-09-11 00:00:00,September,Monsoon,T.B.I.A,MH,Mumbai Suburban,27.5,26.2,29.2,33.4,1004.6,13,19.15,72,3.2
2024-09-12 00:00:00,September,Monsoon,T.B.I.A,MH,Mumbai Suburban,27.5,25,28.4,21.6,1006.6,13,19.15,72,0.5
2024-09-13 00:00:00,September,Monsoon,T.B.I.A,MH,Mumbai Suburban,27.7,26.2,28.3,24.4,1007.2,13,19.15,72,0.3
2024-09-14 00:00:00,September,Monsoon,T.B.I.A,MH,Mumbai Suburban,27,25.7,28.4,22.2,1006.7,13,19.15,72,3.4
2024-09-15 00:00:00,September,Monsoon,T.B.I.A,MH,Mumbai Suburban,27.3,24,28.5,19.4,1007,13,19.15,72,3.2
2024-09-16 00:00:00,September,Monsoon,T.B.I.A,MH,Mumbai Suburban,27.3,26.7,28,16.5,1008.7,13,19.15,72,0.3
2024-09-17 00:00:00,September,Monsoon,T.B.I.A,MH,Mumbai Suburban,27.3,25.3,28.4,16.2,1008.7,13,19.15,72,0.8
2024-09-18 00:00:00,September,Monsoon,T.B.I.A,MH,Mumbai Suburban,27.9,26.2,28.5,11.8,1006.7,13,19.15,72,0
2024-09-19 00:00:00,September,Monsoon,T.B.I.A,MH,Mumbai Suburban,28.5,27.4,31.4,8.2,1007,13,19.15,72,0
2024-09-20 00:00:00,September,Monsoon,T.B.I.A,MH,Mumbai Suburban,28.6,27.2,32,10.1,1007.4,13,19.15,72,0
2024-09-21 00:00:00,September,Monsoon,T.B.I.A,MH,Mumbai Suburban,28.7,26.8,30.2,13.2,1008.1,13,19.15,72,0
2024-09-22 00:00:00,September,Monsoon,T.B.I.A,MH,Mumbai Suburban,29.1,27.6,32.2,17.1,1007.5,13,19.15,72,0
2024-09-23 00:00:00,September,Monsoon,T.B.I.A,MH,Mumbai Suburban,28.3,27.1,29,22.9,1006.7,13,19.15,72,3.2
2024-09-24 00:00:00,September,Monsoon,T.B.I.A,MH,Mumbai Suburban,27.9,26.2,29.4,25.3,1004.9,13,19.15,72,17.3
2024-09-25 00:00:00,September,Monsoon,T.B.I.A,MH,Mumbai Suburban,27.5,26.8,28.5,24.5,1004.2,13,19.15,72,23.7
2024-09-26 00:00:00,September,Monsoon,T.B.I.A,MH,Mumbai Suburban,27.1,26.2,28,28.3,1003.2,13,19.15,72,138
2024-09-27 00:00:00,September,Monsoon,T.B.I.A,MH,Mumbai Suburban,27,25.2,27.9,32.3,1004.2,13,19.15,72,170.1
2024-09-28 00:00:00,September,Monsoon,T.B.I.A,MH,Mumbai Suburban,27.5,26.2,28.2,20.8,1007,13,19.15,72,1.8
2024-09-29 00:00:00,September,Monsoon,T.B.I.A,MH,Mumbai Suburban,27.8,25.4,30.2,14.6,1009.1,13,19.15,72,1.4
2024-09-30 00:00:00,September,Monsoon,T.B.I.A,MH,Mumbai Suburban,28.2,26.4,30.2,12,1009.9,13,19.15,72,0.2
2015-07-01 00:00:00,July,Monsoon,Bombay / Colaba,MH,Mumbai City,29.8,27.5,32.8,,,10,18.9,72.8167,6.1
2015-07-02 00:00:00,July,Monsoon,Bombay / Colaba,MH,Mumbai City,29.9,27.6,32.7,,,10,18.9,72.8167,0
2015-07-03 00:00:00,July,Monsoon,Bombay / Colaba,MH,Mumbai City,30.1,27.8,33,,,10,18.9,72.8167,
2015-07-04 00:00:00,July,Monsoon,Bombay / Colaba,MH,Mumbai City,30,28,32.7,,,10,18.9,72.8167,
2015-07-05 00:00:00,July,Monsoon,Bombay / Colaba,MH,Mumbai City,29.9,27.6,32.6,,,10,18.9,72.8167,
2015-07-06 00:00:00,July,Monsoon,Bombay / Colaba,MH,Mumbai City,29.8,28,32.3,,,10,18.9,72.8167,
2015-07-07 00:00:00,July,Monsoon,Bombay / Colaba,MH,Mumbai City,29.8,28.2,32.7,,,10,18.9,72.8167,
2015-07-08 00:00:00,July,Monsoon,Bombay / Colaba,MH,Mumbai City,29.9,26.2,,,,10,18.9,72.8167,4.1
2015-07-09 00:00:00,July,Monsoon,Bombay / Colaba,MH,Mumbai City,30.1,27.8,32.9,,,10,18.9,72.8167,0.3
2015-07-10 00:00:00,July,Monsoon,Bombay / Colaba,MH,Mumbai City,29.9,28.2,32.3,,,10,18.9,72.8167,0.5
2015-07-11 00:00:00,July,Monsoon,Bombay / Colaba,MH,Mumbai City,29.5,26.6,32.2,,,10,18.9,72.8167,2
2015-07-12 00:00:00,July,Monsoon,Bombay / Colaba,MH,Mumbai City,29.8,26.2,32.6,,,10,18.9,72.8167,6.1
2015-07-13 00:00:00,July,Monsoon,Bombay / Colaba,MH,Mumbai City,29.9,28,32.6,,,10,18.9,72.8167,0
2015-07-14 00:00:00,July,Monsoon,Bombay / Colaba,MH,Mumbai City,30,26.4,32.8,,,10,18.9,72.8167,2
2015-07-15 00:00:00,July,Monsoon,Bombay / Colaba,MH,Mumbai City,30.1,27.6,33,,,10,18.9,72.8167,1
2015-07-16 00:00:00,July,Monsoon,Bombay / Colaba,MH,Mumbai City,29.8,27.8,32.3,,,10,18.9,72.8167,0
2015-07-17 00:00:00,July,Monsoon,Bombay / Colaba,MH,Mumbai City,29.6,26.2,31.5,,,10,18.9,72.8167,5.1
2015-07-18 00:00:00,July,Monsoon,Bombay / Colaba,MH,Mumbai City,29.6,26.2,32,,,10,18.9,72.8167,3
2015-07-19 00:00:00,July,Monsoon,Bombay / Colaba,MH,Mumbai City,29.6,26.2,,,,10,18.9,72.8167,5.1
2015-07-20 00:00:00,July,Monsoon,Bombay / Colaba,MH,Mumbai City,29,,31.6,,,10,18.9,72.8167,0.5
2015-07-21 00:00:00,July,Monsoon,Bombay / Colaba,MH,Mumbai City,27.9,24.2,,,,10,18.9,72.8167,61
2015-07-22 00:00:00,July,Monsoon,Bombay / Colaba,MH,Mumbai City,27.1,24.5,29,,,10,18.9,72.8167,49
2015-07-23 00:00:00,July,Monsoon,Bombay / Colaba,MH,Mumbai City,27.4,24.4,30,,,10,18.9,72.8167,46
2015-07-24 00:00:00,July,Monsoon,Bombay / Colaba,MH,Mumbai City,28.1,24.7,30.3,,,10,18.9,72.8167,37.1
2015-07-25 00:00:00,July,Monsoon,Bombay / Colaba,MH,Mumbai City,28.7,25,30.7,,,10,18.9,72.8167,29
2015-07-26 00:00:00,July,Monsoon,Bombay / Colaba,MH,Mumbai City,28.6,25.2,31.2,,,10,18.9,72.8167,8.9
2015-07-27 00:00:00,July,Monsoon,Bombay / Colaba,MH,Mumbai City,27.8,,,,,10,18.9,72.8167,7.9
2015-07-28 00:00:00,July,Monsoon,Bombay / Colaba,MH,Mumbai City,28,25.4,29.6,,,10,18.9,72.8167,27.9
2015-07-29 00:00:00,July,Monsoon,Bombay / Colaba,MH,Mumbai City,27.7,24.4,29.5,,,10,18.9,72.8167,32
2015-07-30 00:00:00,July,Monsoon,Bombay / Colaba,MH,Mumbai City,27.8,23.6,31.2,,,10,18.9,72.8167,17
2015-07-31 00:00:00,July,Monsoon,Bombay / Colaba,MH,Mumbai City,28.9,25,31.5,,,10,18.9,72.8167,8.9
2015-08-01 00:00:00,August,Monsoon,Bombay / Colaba,MH,Mumbai City,29.1,26.2,31.5,,,10,18.9,72.8167,2
2015-08-02 00:00:00,August,Monsoon,Bombay / Colaba,MH,Mumbai City,29.1,26.6,31.9,,,10,18.9,72.8167,2
2015-08-03 00:00:00,August,Monsoon,Bombay / Colaba,MH,Mumbai City,28.9,26.6,,,,10,18.9,72.8167,0.5
2015-08-04 00:00:00,August,Monsoon,Bombay / Colaba,MH,Mumbai City,28.8,26.8,30.6,,,10,18.9,72.8167,0
2015-08-05 00:00:00,August,Monsoon,Bombay / Colaba,MH,Mumbai City,28.1,26,29.3,,,10,18.9,72.8167,2
2015-08-06 00:00:00,August,Monsoon,Bombay / Colaba,MH,Mumbai City,28.4,23.2,30.8,,,10,18.9,72.8167,22.1
2015-08-07 00:00:00,August,Monsoon,Bombay / Colaba,MH,Mumbai City,28.9,26.4,31.8,,,10,18.9,72.8167,1
2015-08-08 00:00:00,August,Monsoon,Bombay / Colaba,MH,Mumbai City,27.6,24.6,30.4,10.4,1005.4,10,18.9,72.8167,5.1
2015-08-09 00:00:00,August,Monsoon,Bombay / Colaba,MH,Mumbai City,27.1,24,29,,1003.9,10,18.9,72.8167,8.9
2015-08-10 00:00:00,August,Monsoon,Bombay / Colaba,MH,Mumbai City,26.6,24.2,29.5,6.4,1003.9,10,18.9,72.8167,8.9
2015-08-11 00:00:00,August,Monsoon,Bombay / Colaba,MH,Mumbai City,27.7,24.2,31.2,6.2,1005.8,10,18.9,72.8167,2
2015-08-12 00:00:00,August,Monsoon,Bombay / Colaba,MH,Mumbai City,27.9,23.8,30.8,,,10,18.9,72.8167,6.1
2015-08-13 00:00:00,August,Monsoon,Bombay / Colaba,MH,Mumbai City,28.2,24.8,31,,,10,18.9,72.8167,2
2015-08-14 00:00:00,August,Monsoon,Bombay / Colaba,MH,Mumbai City,28.2,25,31.5,,,10,18.9,72.8167,3
2015-08-15 00:00:00,August,Monsoon,Bombay / Colaba,MH,Mumbai City,28.3,24.8,30.8,,,10,18.9,72.8167,6.1
2015-08-16 00:00:00,August,Monsoon,Bombay / Colaba,MH,Mumbai City,28.2,25.4,31.7,,,10,18.9,72.8167,7.1
2015-08-17 00:00:00,August,Monsoon,Bombay / Colaba,MH,Mumbai City,28.1,25,31.3,,1007.5,10,18.9,72.8167,11.9
2015-08-18 00:00:00,August,Monsoon,Bombay / Colaba,MH,Mumbai City,28.7,24.8,31.9,7.7,1008.2,10,18.9,72.8167,10.9
2015-08-19 00:00:00,August,Monsoon,Bombay / Colaba,MH,Mumbai City,29.3,25.3,32,,,10,18.9,72.8167,0
2015-08-20 00:00:00,August,Monsoon,Bombay / Colaba,MH,Mumbai City,29.3,25.7,32,,,10,18.9,72.8167,
2015-08-21 00:00:00,August,Monsoon,Bombay / Colaba,MH,Mumbai City,29.1,25.2,32.2,,,10,18.9,72.8167,0.3
2015-08-22 00:00:00,August,Monsoon,Bombay / Colaba,MH,Mumbai City,29.1,24,31.6,,,10,18.9,72.8167,5.1
2015-08-23 00:00:00,August,Monsoon,Bombay / Colaba,MH,Mumbai City,29.3,26.6,31.8,,,10,18.9,72.8167,0
2015-08-24 00:00:00,August,Monsoon,Bombay / Colaba,MH,Mumbai City,28.7,25.8,32.5,,,10,18.9,72.8167,
2015-08-25 00:00:00,August,Monsoon,Bombay / Colaba,MH,Mumbai City,27.4,25.3,30.2,,,10,18.9,72.8167,3
2015-08-26 00:00:00,August,Monsoon,Bombay / Colaba,MH,Mumbai City,29.2,24.7,31.8,,,10,18.9,72.8167,8.9
2015-08-27 00:00:00,August,Monsoon,Bombay / Colaba,MH,Mumbai City,29.1,,31.7,,,10,18.9,72.8167,0
2015-08-28 00:00:00,August,Monsoon,Bombay / Colaba,MH,Mumbai City,26.6,24.5,28.8,,,10,18.9,72.8167,7.9
2015-08-29 00:00:00,August,Monsoon,Bombay / Colaba,MH,Mumbai City,27.7,24.4,31.5,,,10,18.9,72.8167,6.1
2015-08-30 00:00:00,August,Monsoon,Bombay / Colaba,MH,Mumbai City,26.7,24.2,29.6,,,10,18.9,72.8167,10.9
2015-08-31 00:00:00,August,Monsoon,Bombay / Colaba,MH,Mumbai City,28,23.8,31,,,10,18.9,72.8167,9.9
2015-09-01 00:00:00,September,Monsoon,Bombay / Colaba,MH,Mumbai City,28.6,24.6,31.8,,,10,18.9,72.8167,4.1
2015-09-02 00:00:00,September,Monsoon,Bombay / Colaba,MH,Mumbai City,27.9,23.3,31.3,,,10,18.9,72.8167,4.1
2015-09-03 00:00:00,September,Monsoon,Bombay / Colaba,MH,Mumbai City,28.4,23.8,32,,,10,18.9,72.8167,0.5
2015-09-04 00:00:00,September,Monsoon,Bombay / Colaba,MH,Mumbai City,29.1,23.8,32,,,10,18.9,72.8167,0
2015-09-05 00:00:00,September,Monsoon,Bombay / Colaba,MH,Mumbai City,29.1,23,32.2,,,10,18.9,72.8167,
2015-09-06 00:00:00,September,Monsoon,Bombay / Colaba,MH,Mumbai City,29.2,23.8,32.4,,,10,18.9,72.8167,
2015-09-07 00:00:00,September,Monsoon,Bombay / Colaba,MH,Mumbai City,28.8,24.4,32.2,,,10,18.9,72.8167,
2015-09-08 00:00:00,September,Monsoon,Bombay / Colaba,MH,Mumbai City,28.9,23.8,32,,,10,18.9,72.8167,
2015-09-09 00:00:00,September,Monsoon,Bombay / Colaba,MH,Mumbai City,28.6,24.4,31.5,,,10,18.9,72.8167,0
2015-09-10 00:00:00,September,Monsoon,Bombay / Colaba,MH,Mumbai City,27.5,24.8,31.1,,,10,18.9,72.8167,3
2015-09-11 00:00:00,September,Monsoon,Bombay / Colaba,MH,Mumbai City,29.1,24,32,,1008.6,10,18.9,72.8167,32
2015-09-12 00:00:00,September,Monsoon,Bombay / Colaba,MH,Mumbai City,28.3,,32.5,,,10,18.9,72.8167,0
2015-09-13 00:00:00,September,Monsoon,Bombay / Colaba,MH,Mumbai City,27.9,23.7,31.5,,,10,18.9,72.8167,17
2015-09-14 00:00:00,September,Monsoon,Bombay / Colaba,MH,Mumbai City,28.3,23.8,31.5,,,10,18.9,72.8167,21.1
2015-09-15 00:00:00,September,Monsoon,Bombay / Colaba,MH,Mumbai City,28.7,24.2,,,,10,18.9,72.8167,33
2015-09-16 00:00:00,September,Monsoon,Bombay / Colaba,MH,Mumbai City,29.4,24.5,31,,1005.8,10,18.9,72.8167,4.1
2015-09-17 00:00:00,September,Monsoon,Bombay / Colaba,MH,Mumbai City,29.6,26,32,12.4,1004.7,10,18.9,72.8167,2
2015-09-18 00:00:00,September,Monsoon,Bombay / Colaba,MH,Mumbai City,28.9,28,30,17.1,1003.2,10,18.9,72.8167,0.5
2015-09-19 00:00:00,September,Monsoon,Bombay / Colaba,MH,Mumbai City,28.4,25,31.1,16.3,1003.7,10,18.9,72.8167,5.1
2015-09-20 00:00:00,September,Monsoon,Bombay / Colaba,MH,Mumbai City,27.6,24,30,14.4,1004.2,10,18.9,72.8167,32
2015-09-21 00:00:00,September,Monsoon,Bombay / Colaba,MH,Mumbai City,28.6,24.7,32.3,13.8,1005.1,10,18.9,72.8167,27.9
2015-09-22 00:00:00,September,Monsoon,Bombay / Colaba,MH,Mumbai City,28.6,24.6,32,8.8,1007.6,10,18.9,72.8167,15
2015-09-23 00:00:00,September,Monsoon,Bombay / Colaba,MH,Mumbai City,29.1,25.2,32.2,8.2,1010.1,10,18.9,72.8167,3
2015-09-24 00:00:00,September,Monsoon,Bombay / Colaba,MH,Mumbai City,28.7,24,32,,1009.4,10,18.9,72.8167,0
2015-09-25 00:00:00,September,Monsoon,Bombay / Colaba,MH,Mumbai City,28.2,23.7,31.8,8.1,1008.9,10,18.9,72.8167,
2015-09-26 00:00:00,September,Monsoon,Bombay / Colaba,MH,Mumbai City,27.9,23.8,31.7,7.8,1009.2,10,18.9,72.8167,
2015-09-27 00:00:00,September,Monsoon,Bombay / Colaba,MH,Mumbai City,28.4,21.3,32,,1009.3,10,18.9,72.8167,
2015-09-28 00:00:00,September,Monsoon,Bombay / Colaba,MH,Mumbai City,29.8,23.2,34.8,7.3,1007.9,10,18.9,72.8167,
2015-09-29 00:00:00,September,Monsoon,Bombay / Colaba,MH,Mumbai City,31.9,24.3,36.2,7.9,1007.2,10,18.9,72.8167,
2015-09-30 00:00:00,September,Monsoon,Bombay / Colaba,MH,Mumbai City,32.8,24.4,37.4,9.3,1008.3,10,18.9,72.8167,
2016-07-01 00:00:00,July,Monsoon,Bombay / Colaba,MH,Mumbai City,27.8,23.6,30,10.5,,10,18.9,72.8167,71.1
2016-07-02 00:00:00,July,Monsoon,Bombay / Colaba,MH,Mumbai City,27.2,24.6,28,16.7,1001.7,10,18.9,72.8167,77
2016-07-03 00:00:00,July,Monsoon,Bombay / Colaba,MH,Mumbai City,27.9,24.8,30,16.4,1002.2,10,18.9,72.8167,93
2016-07-04 00:00:00,July,Monsoon,Bombay / Colaba,MH,Mumbai City,27.6,24.5,30.4,13.3,1003.6,10,18.9,72.8167,25.9
2016-07-05 00:00:00,July,Monsoon,Bombay / Colaba,MH,Mumbai City,27.4,24.1,31,12.4,1003.7,10,18.9,72.8167,46
2016-07-06 00:00:00,July,Monsoon,Bombay / Colaba,MH,Mumbai City,28.7,24.2,30,12.8,1004.1,10,18.9,72.8167,9.9
2016-07-07 00:00:00,July,Monsoon,Bombay / Colaba,MH,Mumbai City,28.9,25.9,29.2,13.9,1005,10,18.9,72.8167,8.9
2016-07-08 00:00:00,July,Monsoon,Bombay / Colaba,MH,Mumbai City,28.4,28,29.4,14.4,1004,10,18.9,72.8167,1
2016-07-09 00:00:00,July,Monsoon,Bombay / Colaba,MH,Mumbai City,28.8,25.4,30,16.9,1002.6,10,18.9,72.8167,10.9
2016-07-10 00:00:00,July,Monsoon,Bombay / Colaba,MH,Mumbai City,28.7,27,29,20.8,1002.2,10,18.9,72.8167,99.1
2016-07-11 00:00:00,July,Monsoon,Bombay / Colaba,MH,Mumbai City,28.3,26.1,29,20.8,,10,18.9,72.8167,7.1
2016-07-12 00:00:00,July,Monsoon,Bombay / Colaba,MH,Mumbai City,28.4,27,30,16.6,1002.9,10,18.9,72.8167,7.1
2016-07-13 00:00:00,July,Monsoon,Bombay / Colaba,MH,Mumbai City,28.2,24,30.4,16.6,,10,18.9,72.8167,16
2016-07-14 00:00:00,July,Monsoon,Bombay / Colaba,MH,Mumbai City,27,25,30.4,12.2,1004,10,18.9,72.8167,13
2016-07-15 00:00:00,July,Monsoon,Bombay / Colaba,MH,Mumbai City,28.2,24.3,31.4,12.8,1004.9,10,18.9,72.8167,10.9
2016-07-16 00:00:00,July,Monsoon,Bombay / Colaba,MH,Mumbai City,28.1,26,30.8,14.6,1005.4,10,18.9,72.8167,2
2016-07-17 00:00:00,July,Monsoon,Bombay / Colaba,MH,Mumbai City,27.6,23.9,31.6,11.8,1007.5,10,18.9,72.8167,13
2016-07-18 00:00:00,July,Monsoon,Bombay / Colaba,MH,Mumbai City,27.3,24.4,29,13.5,1008.2,10,18.9,72.8167,15
2016-07-19 00:00:00,July,Monsoon,Bombay / Colaba,MH,Mumbai City,26.4,23.4,27,13.2,1008.1,10,18.9,72.8167,57.9
2016-07-20 00:00:00,July,Monsoon,Bombay / Colaba,MH,Mumbai City,27.5,24,30,12.5,,10,18.9,72.8167,64
2016-07-21 00:00:00,July,Monsoon,Bombay / Colaba,MH,Mumbai City,26.1,23.7,27.8,7.2,1006.1,10,18.9,72.8167,10.9
2016-07-22 00:00:00,July,Monsoon,Bombay / Colaba,MH,Mumbai City,27.6,23.6,29.2,12.8,1004.6,10,18.9,72.8167,15
2016-07-23 00:00:00,July,Monsoon,Bombay / Colaba,MH,Mumbai City,27.5,23.6,31.7,11.7,1003.9,10,18.9,72.8167,9.9
2016-07-24 00:00:00,July,Monsoon,Bombay / Colaba,MH,Mumbai City,27.7,24.2,30,9.2,1004.2,10,18.9,72.8167,6.1
2016-07-25 00:00:00,July,Monsoon,Bombay / Colaba,MH,Mumbai City,27.7,24.7,29.4,8.5,1004.8,10,18.9,72.8167,7.9
2016-07-26 00:00:00,July,Monsoon,Bombay / Colaba,MH,Mumbai City,26.4,25,28,8.7,1005.6,10,18.9,72.8167,0
2016-07-27 00:00:00,July,Monsoon,Bombay / Colaba,MH,Mumbai City,25.9,23.4,29,8.7,1006.4,10,18.9,72.8167,68.1
2016-07-28 00:00:00,July,Monsoon,Bombay / Colaba,MH,Mumbai City,25.8,22.9,29.4,8.4,1006.7,10,18.9,72.8167,17
2016-07-29 00:00:00,July,Monsoon,Bombay / Colaba,MH,Mumbai City,25.8,22.4,28,7.7,1006.1,10,18.9,72.8167,110
2016-07-30 00:00:00,July,Monsoon,Bombay / Colaba,MH,Mumbai City,27.1,23,29,11.3,1005.3,10,18.9,72.8167,115.1
2016-07-31 00:00:00,July,Monsoon,Bombay / Colaba,MH,Mumbai City,26.5,25,28,12.9,1006.2,10,18.9,72.8167,15
2016-08-01 00:00:00,August,Monsoon,Bombay / Colaba,MH,Mumbai City,27,23.2,28,21.5,1004.9,10,18.9,72.8167,111
2016-08-02 00:00:00,August,Monsoon,Bombay / Colaba,MH,Mumbai City,27.8,24.6,28,20.7,1002,10,18.9,72.8167,25.9
2016-08-03 00:00:00,August,Monsoon,Bombay / Colaba,MH,Mumbai City,27.9,26,29,18.9,1001.8,10,18.9,72.8167,13
2016-08-04 00:00:00,August,Monsoon,Bombay / Colaba,MH,Mumbai City,28.3,24.5,30.6,18,1002.8,10,18.9,72.8167,15
2016-08-05 00:00:00,August,Monsoon,Bombay / Colaba,MH,Mumbai City,26.9,24,28,17.3,1002.6,10,18.9,72.8167,17
2016-08-06 00:00:00,August,Monsoon,Bombay / Colaba,MH,Mumbai City,27.7,24.5,29,18.8,1003.7,10,18.9,72.8167,142
2016-08-07 00:00:00,August,Monsoon,Bombay / Colaba,MH,Mumbai City,28.4,25.2,30,17.2,1004.8,10,18.9,72.8167,13
2016-08-08 00:00:00,August,Monsoon,Bombay / Colaba,MH,Mumbai City,28.3,25.5,30.6,18.7,1005.8,10,18.9,72.8167,3
2016-08-09 00:00:00,August,Monsoon,Bombay / Colaba,MH,Mumbai City,28.2,26,30.6,18.4,1005.7,10,18.9,72.8167,2
2016-08-10 00:00:00,August,Monsoon,Bombay / Colaba,MH,Mumbai City,28.2,24.9,30,19.5,1006.2,10,18.9,72.8167,10.9
2016-08-11 00:00:00,August,Monsoon,Bombay / Colaba,MH,Mumbai City,27.8,24.9,30.4,16.4,1007.7,10,18.9,72.8167,4.1
2016-08-12 00:00:00,August,Monsoon,Bombay / Colaba,MH,Mumbai City,28.1,25.1,30.4,16,,10,18.9,72.8167,3
2016-08-13 00:00:00,August,Monsoon,Bombay / Colaba,MH,Mumbai City,28.5,25.9,30.6,16.1,1007.1,10,18.9,72.8167,1
2016-08-14 00:00:00,August,Monsoon,Bombay / Colaba,MH,Mumbai City,28.2,25.8,29.8,19.7,1006.8,10,18.9,72.8167,0
2016-08-15 00:00:00,August,Monsoon,Bombay / Colaba,MH,Mumbai City,28.5,26,30.6,18.7,1006.7,10,18.9,72.8167,3
2016-08-16 00:00:00,August,Monsoon,Bombay / Colaba,MH,Mumbai City,28.6,26.2,30.6,17.1,,10,18.9,72.8167,2
2016-08-17 00:00:00,August,Monsoon,Bombay / Colaba,MH,Mumbai City,28.3,26,31.2,15.7,1004.9,10,18.9,72.8167,0
2016-08-18 00:00:00,August,Monsoon,Bombay / Colaba,MH,Mumbai City,28.5,24.4,31,14.7,1004.8,10,18.9,72.8167,8.9
2016-08-19 00:00:00,August,Monsoon,Bombay / Colaba,MH,Mumbai City,28.3,25.7,31,15,,10,18.9,72.8167,0
2016-08-20 00:00:00,August,Monsoon,Bombay / Colaba,MH,Mumbai City,28.6,25.4,30.2,14,1005.1,10,18.9,72.8167,1
2016-08-21 00:00:00,August,Monsoon,Bombay / Colaba,MH,Mumbai City,28.6,25.8,30.6,14.1,1005.3,10,18.9,72.8167,5.1
2016-08-22 00:00:00,August,Monsoon,Bombay / Colaba,MH,Mumbai City,27.8,27,30.2,14.1,1006.1,10,18.9,72.8167,2
2016-08-23 00:00:00,August,Monsoon,Bombay / Colaba,MH,Mumbai City,27.2,23.8,29,12.8,,10,18.9,72.8167,8.9
2016-08-24 00:00:00,August,Monsoon,Bombay / Colaba,MH,Mumbai City,28.1,24.7,30.6,14.1,,10,18.9,72.8167,10.9
2016-08-25 00:00:00,August,Monsoon,Bombay / Colaba,MH,Mumbai City,28.3,24.8,31.8,14.8,,10,18.9,72.8167,5.1
2016-08-26 00:00:00,August,Monsoon,Bombay / Colaba,MH,Mumbai City,26.3,24.4,28,7.8,1006.6,10,18.9,72.8167,1
2016-08-27 00:00:00,August,Monsoon,Bombay / Colaba,MH,Mumbai City,25.7,24,27,7.8,1006.5,10,18.9,72.8167,56.9
2016-08-28 00:00:00,August,Monsoon,Bombay / Colaba,MH,Mumbai City,26.8,23.7,28,11.4,1006.4,10,18.9,72.8167,52.1
2016-08-29 00:00:00,August,Monsoon,Bombay / Colaba,MH,Mumbai City,27.9,25,30.8,11.9,1006.2,10,18.9,72.8167,40.9
2016-08-30 00:00:00,August,Monsoon,Bombay / Colaba,MH,Mumbai City,27.9,25.5,29.8,11.9,1005.4,10,18.9,72.8167,2
2016-08-31 00:00:00,August,Monsoon,Bombay / Colaba,MH,Mumbai City,28.2,25,30.8,11.9,1005.8,10,18.9,72.8167,2
2016-09-01 00:00:00,September,Monsoon,Bombay / Colaba,MH,Mumbai City,28.2,25.4,,,,10,18.9,72.8167,0.5
2016-09-02 00:00:00,September,Monsoon,Bombay / Colaba,MH,Mumbai City,27.2,25.2,30,12.2,,10,18.9,72.8167,4.1
2016-09-03 00:00:00,September,Monsoon,Bombay / Colaba,MH,Mumbai City,27.4,23.6,30.2,10.5,1007.6,10,18.9,72.8167,22.1
2016-09-04 00:00:00,September,Monsoon,Bombay / Colaba,MH,Mumbai City,28.4,23.9,31.2,14.1,1009.8,10,18.9,72.8167,1
2016-09-05 00:00:00,September,Monsoon,Bombay / Colaba,MH,Mumbai City,28.4,25.2,31.2,14.4,1010.6,10,18.9,72.8167,0
2016-09-06 00:00:00,September,Monsoon,Bombay / Colaba,MH,Mumbai City,28.4,25.2,31.2,12.3,1010.6,10,18.9,72.8167,
2016-09-07 00:00:00,September,Monsoon,Bombay / Colaba,MH,Mumbai City,27.6,25.4,30.6,13.4,1009.6,10,18.9,72.8167,0.3
2016-09-08 00:00:00,September,Monsoon,Bombay / Colaba,MH,Mumbai City,27.9,24,31.4,10.2,,10,18.9,72.8167,5.1
2016-09-09 00:00:00,September,Monsoon,Bombay / Colaba,MH,Mumbai City,27.2,24,31.8,10.7,1010.8,10,18.9,72.8167,0
2016-09-10 00:00:00,September,Monsoon,Bombay / Colaba,MH,Mumbai City,27.8,22.6,30.8,10.6,1009.9,10,18.9,72.8167,26.9
2016-09-11 00:00:00,September,Monsoon,Bombay / Colaba,MH,Mumbai City,27.8,24.2,30.8,10.9,1008.6,10,18.9,72.8167,0.8
2016-09-12 00:00:00,September,Monsoon,Bombay / Colaba,MH,Mumbai City,28.3,23.4,31.4,10.1,1008,10,18.9,72.8167,7.9
2016-09-13 00:00:00,September,Monsoon,Bombay / Colaba,MH,Mumbai City,28,23.6,30,9.4,1008.4,10,18.9,72.8167,0
2016-09-14 00:00:00,September,Monsoon,Bombay / Colaba,MH,Mumbai City,28.9,23.9,31,9.2,1008.1,10,18.9,72.8167,6.1
2016-09-15 00:00:00,September,Monsoon,Bombay / Colaba,MH,Mumbai City,26.2,25,29,11.3,1006.7,10,18.9,72.8167,2
2016-09-16 00:00:00,September,Monsoon,Bombay / Colaba,MH,Mumbai City,26.9,23.4,28,8.9,1005,10,18.9,72.8167,81
2016-09-17 00:00:00,September,Monsoon,Bombay / Colaba,MH,Mumbai City,26.7,23,29,11.5,,10,18.9,72.8167,50
2016-09-18 00:00:00,September,Monsoon,Bombay / Colaba,MH,Mumbai City,26.3,23.6,27,14.5,1005.4,10,18.9,72.8167,56.9
2016-09-19 00:00:00,September,Monsoon,Bombay / Colaba,MH,Mumbai City,26.6,23,29,12.2,1008.1,10,18.9,72.8167,35.1
2016-09-20 00:00:00,September,Monsoon,Bombay / Colaba,MH,Mumbai City,25.2,23,28,10.4,1008.2,10,18.9,72.8167,23.1
2016-09-21 00:00:00,September,Monsoon,Bombay / Colaba,MH,Mumbai City,25.9,22,27,10.7,1008,10,18.9,72.8167,143
2016-09-22 00:00:00,September,Monsoon,Bombay / Colaba,MH,Mumbai City,27.1,22.8,29,12,1007.8,10,18.9,72.8167,103.9
2016-09-23 00:00:00,September,Monsoon,Bombay / Colaba,MH,Mumbai City,27,24.2,28,12.1,1005.9,10,18.9,72.8167,39.9
2016-09-24 00:00:00,September,Monsoon,Bombay / Colaba,MH,Mumbai City,27.3,23,29,11,1004.9,10,18.9,72.8167,93
2016-09-25 00:00:00,September,Monsoon,Bombay / Colaba,MH,Mumbai City,27.4,23.4,29.2,10.4,1006.3,10,18.9,72.8167,1
2016-09-26 00:00:00,September,Monsoon,Bombay / Colaba,MH,Mumbai City,28.7,24.8,31,11.4,1008.3,10,18.9,72.8167,7.1
2016-09-27 00:00:00,September,Monsoon,Bombay / Colaba,MH,Mumbai City,28.1,25.2,29.4,12.2,1009.2,10,18.9,72.8167,0
2016-09-28 00:00:00,September,Monsoon,Bombay / Colaba,MH,Mumbai City,28.3,24.4,30,10.9,,10,18.9,72.8167,2
2016-09-29 00:00:00,September,Monsoon,Bombay / Colaba,MH,Mumbai City,28.3,24.4,31,10.9,1008.1,10,18.9,72.8167,0
2016-09-30 00:00:00,September,Monsoon,Bombay / Colaba,MH,Mumbai City,28,22.5,30.8,9.9,1007.6,10,18.9,72.8167,0
2017-07-01 00:00:00,July,Monsoon,Bombay / Colaba,MH,Mumbai City,28.4,24.4,31,18,1002.2,10,18.9,72.8167,93
2017-07-02 00:00:00,July,Monsoon,Bombay / Colaba,MH,Mumbai City,28.2,24.2,31,16.4,1003.1,10,18.9,72.8167,49
2017-07-03 00:00:00,July,Monsoon,Bombay / Colaba,MH,Mumbai City,29.8,25.2,31.6,16.5,1005,10,18.9,72.8167,18
2017-07-04 00:00:00,July,Monsoon,Bombay / Colaba,MH,Mumbai City,29.3,26,32,15.5,1005.9,10,18.9,72.8167,4.1
2017-07-05 00:00:00,July,Monsoon,Bombay / Colaba,MH,Mumbai City,29.7,24.9,31,18.2,1005.8,10,18.9,72.8167,7.1
2017-07-06 00:00:00,July,Monsoon,Bombay / Colaba,MH,Mumbai City,29.5,27.2,32,18.5,1006,10,18.9,72.8167,1
2017-07-07 00:00:00,July,Monsoon,Bombay / Colaba,MH,Mumbai City,29.7,25.5,32.2,15.6,1006.5,10,18.9,72.8167,6.1
2017-07-08 00:00:00,July,Monsoon,Bombay / Colaba,MH,Mumbai City,29.4,28.4,31.4,15.1,1006.8,10,18.9,72.8167,0
2017-07-09 00:00:00,July,Monsoon,Bombay / Colaba,MH,Mumbai City,29.4,24.6,32,11.4,1006.1,10,18.9,72.8167,9.9
2017-07-10 00:00:00,July,Monsoon,Bombay / Colaba,MH,Mumbai City,29.4,26.2,32.4,11.7,1007.2,10,18.9,72.8167,0
2017-07-11 00:00:00,July,Monsoon,Bombay / Colaba,MH,Mumbai City,29.7,26,32,15.4,1007.3,10,18.9,72.8167,3
2017-07-12 00:00:00,July,Monsoon,Bombay / Colaba,MH,Mumbai City,29.7,27.4,32,17.3,1006.5,10,18.9,72.8167,0.5
2017-07-13 00:00:00,July,Monsoon,Bombay / Colaba,MH,Mumbai City,28.8,26,31,16.9,1005.1,10,18.9,72.8167,0.3
2017-07-14 00:00:00,July,Monsoon,Bombay / Colaba,MH,Mumbai City,28.2,24.2,30,18.8,1004.2,10,18.9,72.8167,25.9
2017-07-15 00:00:00,July,Monsoon,Bombay / Colaba,MH,Mumbai City,27.4,23.4,29,18.2,,10,18.9,72.8167,68.1
2017-07-16 00:00:00,July,Monsoon,Bombay / Colaba,MH,Mumbai City,27.9,23,30.4,19.5,1004,10,18.9,72.8167,72.9
2017-07-17 00:00:00,July,Monsoon,Bombay / Colaba,MH,Mumbai City,25.5,23,27,14.2,1003.7,10,18.9,72.8167,56.9
2017-07-18 00:00:00,July,Monsoon,Bombay / Colaba,MH,Mumbai City,26.4,22.5,27,12.7,1001.8,10,18.9,72.8167,163.1
2017-07-19 00:00:00,July,Monsoon,Bombay / Colaba,MH,Mumbai City,27.1,24.2,29,10.8,1000,10,18.9,72.8167,79
2017-07-20 00:00:00,July,Monsoon,Bombay / Colaba,MH,Mumbai City,27.5,24.6,30,13.1,999,10,18.9,72.8167,22.1
2017-07-21 00:00:00,July,Monsoon,Bombay / Colaba,MH,Mumbai City,27.4,24.5,29,19.8,1000.5,10,18.9,72.8167,40.9
2017-07-22 00:00:00,July,Monsoon,Bombay / Colaba,MH,Mumbai City,27.7,24.2,30,20.7,1002.7,10,18.9,72.8167,87.1
2017-07-23 00:00:00,July,Monsoon,Bombay / Colaba,MH,Mumbai City,28.5,24.2,30,17.5,1003.4,10,18.9,72.8167,27.9
2017-07-24 00:00:00,July,Monsoon,Bombay / Colaba,MH,Mumbai City,28.8,26.6,31,20.7,1004.1,10,18.9,72.8167,0
2017-07-25 00:00:00,July,Monsoon,Bombay / Colaba,MH,Mumbai City,28.4,24.8,30,16,1004.1,10,18.9,72.8167,5.1
2017-07-26 00:00:00,July,Monsoon,Bombay / Colaba,MH,Mumbai City,28.6,26.4,30,16.5,1004.4,10,18.9,72.8167,8.9
2017-07-27 00:00:00,July,Monsoon,Bombay / Colaba,MH,Mumbai City,28.3,25.9,30,16.9,1005,10,18.9,72.8167,4.1
2017-07-28 00:00:00,July,Monsoon,Bombay / Colaba,MH,Mumbai City,28.3,25.6,30,16.9,1006.2,10,18.9,72.8167,5.1
2017-07-29 00:00:00,July,Monsoon,Bombay / Colaba,MH,Mumbai City,28.6,25,31,16.8,1007.1,10,18.9,72.8167,4.1
2017-07-30 00:00:00,July,Monsoon,Bombay / Colaba,MH,Mumbai City,28.1,25.6,31,15.2,1007.5,10,18.9,72.8167,2
2017-07-31 00:00:00,July,Monsoon,Bombay / Colaba,MH,Mumbai City,27.8,24.9,30.2,13.2,1007.2,10,18.9,72.8167,2
2017-08-01 00:00:00,August,Monsoon,Bombay / Colaba,MH,Mumbai City,28.3,24.8,31,14.9,1007.3,10,18.9,72.8167,13
2017-08-02 00:00:00,August,Monsoon,Bombay / Colaba,MH,Mumbai City,28.6,26.5,30.8,14.8,1007.5,10,18.9,72.8167,2
2017-08-03 00:00:00,August,Monsoon,Bombay / Colaba,MH,Mumbai City,28.6,25.5,30.6,15.9,1005.9,10,18.9,72.8167,6.1
2017-08-04 00:00:00,August,Monsoon,Bombay / Colaba,MH,Mumbai City,29.1,26.1,32,16.1,1004,10,18.9,72.8167,2
2017-08-05 00:00:00,August,Monsoon,Bombay / Colaba,MH,Mumbai City,29.1,26,31,14.6,1003.8,10,18.9,72.8167,3
2017-08-06 00:00:00,August,Monsoon,Bombay / Colaba,MH,Mumbai City,29.1,26.5,32,13.4,1004.1,10,18.9,72.8167,0
2017-08-07 00:00:00,August,Monsoon,Bombay / Colaba,MH,Mumbai City,28.9,26.4,32,11,1005,10,18.9,72.8167,0.8
2017-08-08 00:00:00,August,Monsoon,Bombay / Colaba,MH,Mumbai City,29,25.6,31.6,13.4,1005.9,10,18.9,72.8167,22.1
2017-08-09 00:00:00,August,Monsoon,Bombay / Colaba,MH,Mumbai City,28.8,26.2,31.6,13.3,1005.9,10,18.9,72.8167,0.3
2017-08-10 00:00:00,August,Monsoon,Bombay / Colaba,MH,Mumbai City,28.8,26.4,39,14.5,1006.2,10,18.9,72.8167,0.5
2017-08-11 00:00:00,August,Monsoon,Bombay / Colaba,MH,Mumbai City,29.1,26.5,31.6,15.2,1007.1,10,18.9,72.8167,1
2017-08-12 00:00:00,August,Monsoon,Bombay / Colaba,MH,Mumbai City,28.8,25.1,31.4,16.9,1007.8,10,18.9,72.8167,5.1
2017-08-13 00:00:00,August,Monsoon,Bombay / Colaba,MH,Mumbai City,28.2,25.4,30.6,15.3,1008.2,10,18.9,72.8167,4.1
2017-08-14 00:00:00,August,Monsoon,Bombay / Colaba,MH,Mumbai City,26.8,24.5,29,11.1,1009.5,10,18.9,72.8167,10.9
2017-08-15 00:00:00,August,Monsoon,Bombay / Colaba,MH,Mumbai City,27.6,23.7,29,8,1009.1,10,18.9,72.8167,54.1
2017-08-16 00:00:00,August,Monsoon,Bombay / Colaba,MH,Mumbai City,28.7,24.6,31,12.4,1007.4,10,18.9,72.8167,5.1
2017-08-17 00:00:00,August,Monsoon,Bombay / Colaba,MH,Mumbai City,29.3,26,32,13.8,1005.4,10,18.9,72.8167,0.3
2017-08-18 00:00:00,August,Monsoon,Bombay / Colaba,MH,Mumbai City,29.3,26,31,14.4,1004,10,18.9,72.8167,0.5
2017-08-19 00:00:00,August,Monsoon,Bombay / Colaba,MH,Mumbai City,27.3,25.6,29,9.5,1004.2,10,18.9,72.8167,4.1
2017-08-20 00:00:00,August,Monsoon,Bombay / Colaba,MH,Mumbai City,24.6,22.6,28,12.1,1003.2,10,18.9,72.8167,54.1
2017-08-21 00:00:00,August,Monsoon,Bombay / Colaba,MH,Mumbai City,25.5,21.8,28,8.4,1001.7,10,18.9,72.8167,119.9
2017-08-22 00:00:00,August,Monsoon,Bombay / Colaba,MH,Mumbai City,27.7,22.2,31,11.7,1003.1,10,18.9,72.8167,14
2017-08-23 00:00:00,August,Monsoon,Bombay / Colaba,MH,Mumbai City,28.4,26.4,31,11.5,1006.1,10,18.9,72.8167,0
2017-08-24 00:00:00,August,Monsoon,Bombay / Colaba,MH,Mumbai City,28.9,25.6,31,14,1006.5,10,18.9,72.8167,15
2017-08-25 00:00:00,August,Monsoon,Bombay / Colaba,MH,Mumbai City,26.9,25,29,14.4,1004.8,10,18.9,72.8167,3
2017-08-26 00:00:00,August,Monsoon,Bombay / Colaba,MH,Mumbai City,27.5,24.2,29,12.2,1002.7,10,18.9,72.8167,89.9
2017-08-27 00:00:00,August,Monsoon,Bombay / Colaba,MH,Mumbai City,28,26.4,30,13.4,1001.8,10,18.9,72.8167,31
2017-08-28 00:00:00,August,Monsoon,Bombay / Colaba,MH,Mumbai City,27.1,24.2,29,9.8,1000,10,18.9,72.8167,59.9
2017-08-29 00:00:00,August,Monsoon,Bombay / Colaba,MH,Mumbai City,25.8,24.1,27,23.1,997.7,10,18.9,72.8167,87.9
2017-08-30 00:00:00,August,Monsoon,Bombay / Colaba,MH,Mumbai City,27.6,23.2,30.4,16.1,1002.2,10,18.9,72.8167,331
2017-08-31 00:00:00,August,Monsoon,Bombay / Colaba,MH,Mumbai City,28.6,25.8,32,15.1,1006.3,10,18.9,72.8167,8.9
2017-09-01 00:00:00,September,Monsoon,Bombay / Colaba,MH,Mumbai City,27.9,26,31,12.5,1007.7,10,18.9,72.8167,0
2017-09-02 00:00:00,September,Monsoon,Bombay / Colaba,MH,Mumbai City,27.8,26,31,11.2,1007.3,10,18.9,72.8167,7.9
2017-09-03 00:00:00,September,Monsoon,Bombay / Colaba,MH,Mumbai City,27.6,25,30.2,9.2,1007.8,10,18.9,72.8167,13
2017-09-04 00:00:00,September,Monsoon,Bombay / Colaba,MH,Mumbai City,29,25.5,31.4,9.7,1009.2,10,18.9,72.8167,1
2017-09-05 00:00:00,September,Monsoon,Bombay / Colaba,MH,Mumbai City,28.9,25.3,31.4,9.8,1009.2,10,18.9,72.8167,0
2017-09-06 00:00:00,September,Monsoon,Bombay / Colaba,MH,Mumbai City,28.9,25.6,31.4,8.8,1008,10,18.9,72.8167,
2017-09-07 00:00:00,September,Monsoon,Bombay / Colaba,MH,Mumbai City,29.4,25,32,9.5,1007,10,18.9,72.8167,
2017-09-08 00:00:00,September,Monsoon,Bombay / Colaba,MH,Mumbai City,29.2,27,32.4,10.5,1006.7,10,18.9,72.8167,
2017-09-09 00:00:00,September,Monsoon,Bombay / Colaba,MH,Mumbai City,29.1,26.4,31,10.3,1005.8,10,18.9,72.8167,
2017-09-10 00:00:00,September,Monsoon,Bombay / Colaba,MH,Mumbai City,29.4,26.4,31.8,8.9,1006,10,18.9,72.8167,
2017-09-11 00:00:00,September,Monsoon,Bombay / Colaba,MH,Mumbai City,31.1,27.5,35,10,1006.4,10,18.9,72.8167,0
2017-09-12 00:00:00,September,Monsoon,Bombay / Colaba,MH,Mumbai City,31.1,27.8,35,8.2,1006.9,10,18.9,72.8167,0.3
2017-09-13 00:00:00,September,Monsoon,Bombay / Colaba,MH,Mumbai City,28.5,23.6,31,8.6,,10,18.9,72.8167,103.1
2017-09-14 00:00:00,September,Monsoon,Bombay / Colaba,MH,Mumbai City,29.1,25,32.4,7.3,1007.3,10,18.9,72.8167,0.5
2017-09-15 00:00:00,September,Monsoon,Bombay / Colaba,MH,Mumbai City,28.1,24,31.4,7.2,1006.8,10,18.9,72.8167,64
2017-09-16 00:00:00,September,Monsoon,Bombay / Colaba,MH,Mumbai City,27.8,26,31,7.9,1005.7,10,18.9,72.8167,4.1
2017-09-17 00:00:00,September,Monsoon,Bombay / Colaba,MH,Mumbai City,27.2,25,29,8.7,1005.6,10,18.9,72.8167,32
2017-09-18 00:00:00,September,Monsoon,Bombay / Colaba,MH,Mumbai City,28.5,25.4,31.4,11.5,1004.7,10,18.9,72.8167,1
2017-09-19 00:00:00,September,Monsoon,Bombay / Colaba,MH,Mumbai City,27.2,24.6,31,11.5,1003.6,10,18.9,72.8167,0
2017-09-20 00:00:00,September,Monsoon,Bombay / Colaba,MH,Mumbai City,24.9,23.8,27,12.5,1005,10,18.9,72.8167,304
2017-09-21 00:00:00,September,Monsoon,Bombay / Colaba,MH,Mumbai City,26.8,24,29,10,1005.6,10,18.9,72.8167,63
2017-09-22 00:00:00,September,Monsoon,Bombay / Colaba,MH,Mumbai City,27.7,24.5,31,9.9,1007.6,10,18.9,72.8167,0.3
2017-09-23 00:00:00,September,Monsoon,Bombay / Colaba,MH,Mumbai City,28.6,25.5,,,,10,18.9,72.8167,0
2017-09-24 00:00:00,September,Monsoon,Bombay / Colaba,MH,Mumbai City,28.7,25.7,,,,10,18.9,72.8167,
2017-09-25 00:00:00,September,Monsoon,Bombay / Colaba,MH,Mumbai City,28.9,25.7,,,,10,18.9,72.8167,
2017-09-26 00:00:00,September,Monsoon,Bombay / Colaba,MH,Mumbai City,29.1,24.5,,,,10,18.9,72.8167,0
2017-09-27 00:00:00,September,Monsoon,Bombay / Colaba,MH,Mumbai City,30,26.6,34,10.5,,10,18.9,72.8167,
2017-09-28 00:00:00,September,Monsoon,Bombay / Colaba,MH,Mumbai City,30.1,27.4,33,9.6,1007.2,10,18.9,72.8167,
2017-09-29 00:00:00,September,Monsoon,Bombay / Colaba,MH,Mumbai City,28.7,26,31.2,9.9,1007.2,10,18.9,72.8167,0.5
2017-09-30 00:00:00,September,Monsoon,Bombay / Colaba,MH,Mumbai City,29.8,25.4,33,8.3,,10,18.9,72.8167,3
2018-07-01 00:00:00,July,Monsoon,Bombay / Colaba,MH,Mumbai City,28.9,23.7,32.6,14.5,1005,10,18.9,72.8167,2
2018-07-02 00:00:00,July,Monsoon,Bombay / Colaba,MH,Mumbai City,27.3,25,30,15.3,1004.4,10,18.9,72.8167,0.5
2018-07-03 00:00:00,July,Monsoon,Bombay / Colaba,MH,Mumbai City,26.6,22.3,28,9.2,1004.6,10,18.9,72.8167,131.1
2018-07-04 00:00:00,July,Monsoon,Bombay / Colaba,MH,Mumbai City,28,23.2,30.6,16.8,1004.5,10,18.9,72.8167,118.1
2018-07-05 00:00:00,July,Monsoon,Bombay / Colaba,MH,Mumbai City,29.1,23.6,31,16.4,1004.8,10,18.9,72.8167,42.9
2018-07-06 00:00:00,July,Monsoon,Bombay / Colaba,MH,Mumbai City,29.2,24.2,31.2,15.5,1004.8,10,18.9,72.8167,17
2018-07-07 00:00:00,July,Monsoon,Bombay / Colaba,MH,Mumbai City,27.6,25,29,15.1,1003.7,10,18.9,72.8167,6.1
2018-07-08 00:00:00,July,Monsoon,Bombay / Colaba,MH,Mumbai City,25.5,22.6,28,11.6,1003.1,10,18.9,72.8167,131.1
2018-07-09 00:00:00,July,Monsoon,Bombay / Colaba,MH,Mumbai City,25.6,22.2,28,9.6,1002.7,10,18.9,72.8167,121.9
2018-07-10 00:00:00,July,Monsoon,Bombay / Colaba,MH,Mumbai City,26.9,22.4,28,15,1002.7,10,18.9,72.8167,183.9
2018-07-11 00:00:00,July,Monsoon,Bombay / Colaba,MH,Mumbai City,28.8,25.2,31,16.5,1002.9,10,18.9,72.8167,114
2018-07-12 00:00:00,July,Monsoon,Bombay / Colaba,MH,Mumbai City,28.9,28,30,17.9,1002.1,10,18.9,72.8167,5.1
2018-07-13 00:00:00,July,Monsoon,Bombay / Colaba,MH,Mumbai City,28.2,26,30.4,17.1,1001.4,10,18.9,72.8167,3
2018-07-14 00:00:00,July,Monsoon,Bombay / Colaba,MH,Mumbai City,28.1,26,29.2,19.2,1000.7,10,18.9,72.8167,16
2018-07-15 00:00:00,July,Monsoon,Bombay / Colaba,MH,Mumbai City,27.3,25.6,29,19.8,999.3,10,18.9,72.8167,38.1
2018-07-16 00:00:00,July,Monsoon,Bombay / Colaba,MH,Mumbai City,27.7,25,29,22.8,1000.2,10,18.9,72.8167,95
2018-07-17 00:00:00,July,Monsoon,Bombay / Colaba,MH,Mumbai City,27.8,26,29.4,19.8,1001.4,10,18.9,72.8167,38.1
2018-07-18 00:00:00,July,Monsoon,Bombay / Colaba,MH,Mumbai City,28.4,25.8,31,18.5,1002.9,10,18.9,72.8167,9.9
2018-07-19 00:00:00,July,Monsoon,Bombay / Colaba,MH,Mumbai City,28.4,26.1,31.2,17.8,1003.4,10,18.9,72.8167,2
2018-07-20 00:00:00,July,Monsoon,Bombay / Colaba,MH,Mumbai City,27.7,25.3,29.4,16.4,1003.1,10,18.9,72.8167,5.1
2018-07-21 00:00:00,July,Monsoon,Bombay / Colaba,MH,Mumbai City,27.6,26.7,28.4,10.3,1003.8,10,18.9,72.8167,18
2018-07-22 00:00:00,July,Monsoon,Bombay / Colaba,MH,Mumbai City,27.9,27.2,28.7,11.2,1004.2,10,18.9,72.8167,0
2018-07-23 00:00:00,July,Monsoon,Bombay / Colaba,MH,Mumbai City,28.4,27.6,29.7,11.8,1003.7,10,18.9,72.8167,0
2018-07-24 00:00:00,July,Monsoon,Bombay / Colaba,MH,Mumbai City,28.5,27.4,30,12.5,1004.9,10,18.9,72.8167,4.1
2018-07-25 00:00:00,July,Monsoon,Bombay / Colaba,MH,Mumbai City,28.6,27.6,30.2,11.6,1005.5,10,18.9,72.8167,1
2018-07-26 00:00:00,July,Monsoon,Bombay / Colaba,MH,Mumbai City,28.5,27.6,30,11.3,1006.2,10,18.9,72.8167,1
2018-07-27 00:00:00,July,Monsoon,Bombay / Colaba,MH,Mumbai City,28.7,27.4,30.4,12.4,1005.8,10,18.9,72.8167,1
2018-07-28 00:00:00,July,Monsoon,Bombay / Colaba,MH,Mumbai City,28.9,27.4,30.7,11.6,1005.7,10,18.9,72.8167,1
2018-07-29 00:00:00,July,Monsoon,Bombay / Colaba,MH,Mumbai City,29.1,27.9,31.1,10.2,1005.7,10,18.9,72.8167,0
2018-07-30 00:00:00,July,Monsoon,Bombay / Colaba,MH,Mumbai City,29.1,27.8,31.2,10.2,1005.3,10,18.9,72.8167,
2018-07-31 00:00:00,July,Monsoon,Bombay / Colaba,MH,Mumbai City,29,27.8,30.9,10.4,1005.3,10,18.9,72.8167,0
2018-08-01 00:00:00,August,Monsoon,Bombay / Colaba,MH,Mumbai City,28.7,27.4,30.6,10.5,1006,10,18.9,72.8167,
2018-08-02 00:00:00,August,Monsoon,Bombay / Colaba,MH,Mumbai City,28.5,27.2,30.6,8.6,1007.3,10,18.9,72.8167,2
2018-08-03 00:00:00,August,Monsoon,Bombay / Colaba,MH,Mumbai City,28,26.9,29.9,7.4,1008.4,10,18.9,72.8167,3
2018-08-04 00:00:00,August,Monsoon,Bombay / Colaba,MH,Mumbai City,27.5,25.6,29.3,8.7,1008.2,10,18.9,72.8167,8.9
2018-08-05 00:00:00,August,Monsoon,Bombay / Colaba,MH,Mumbai City,28.1,26.4,29.9,10.4,1008.2,10,18.9,72.8167,7.9
2018-08-06 00:00:00,August,Monsoon,Bombay / Colaba,MH,Mumbai City,28.5,27.5,30,11.7,1006.7,10,18.9,72.8167,4.1
2018-08-07 00:00:00,August,Monsoon,Bombay / Colaba,MH,Mumbai City,28.6,27.6,30.1,11.8,1004.8,10,18.9,72.8167,2
2018-08-08 00:00:00,August,Monsoon,Bombay / Colaba,MH,Mumbai City,28.2,27.4,29.4,10.7,1003.8,10,18.9,72.8167,0.8
2018-08-09 00:00:00,August,Monsoon,Bombay / Colaba,MH,Mumbai City,28,27,29.7,9.2,1005.6,10,18.9,72.8167,2
2018-08-10 00:00:00,August,Monsoon,Bombay / Colaba,MH,Mumbai City,28,26.6,29.8,6.9,1007.8,10,18.9,72.8167,4.1
2018-08-11 00:00:00,August,Monsoon,Bombay / Colaba,MH,Mumbai City,27.8,26.7,28.9,8.4,1007,10,18.9,72.8167,15
2018-08-12 00:00:00,August,Monsoon,Bombay / Colaba,MH,Mumbai City,27.7,26.8,29.1,11.1,1004.1,10,18.9,72.8167,14
2018-08-13 00:00:00,August,Monsoon,Bombay / Colaba,MH,Mumbai City,27.7,26.2,28.8,12.2,1002.7,10,18.9,72.8167,10.9
2018-08-14 00:00:00,August,Monsoon,Bombay / Colaba,MH,Mumbai City,28.1,27.3,29.3,10.7,1003.7,10,18.9,72.8167,6.1
2018-08-15 00:00:00,August,Monsoon,Bombay / Colaba,MH,Mumbai City,27.7,26,28.9,10,1003.6,10,18.9,72.8167,0.5
2018-08-16 00:00:00,August,Monsoon,Bombay / Colaba,MH,Mumbai City,27.3,26.4,27.9,11.1,1003,10,18.9,72.8167,7.1
2018-08-17 00:00:00,August,Monsoon,Bombay / Colaba,MH,Mumbai City,27,26.2,27.8,12.8,1002.3,10,18.9,72.8167,10.9
2018-08-18 00:00:00,August,Monsoon,Bombay / Colaba,MH,Mumbai City,27.3,26,28.6,10.4,1003.3,10,18.9,72.8167,4.1
2018-08-19 00:00:00,August,Monsoon,Bombay / Colaba,MH,Mumbai City,27.3,26.2,28.5,9.8,1004.5,10,18.9,72.8167,7.9
2018-08-20 00:00:00,August,Monsoon,Bombay / Colaba,MH,Mumbai City,27.4,26.5,29,9,1005,10,18.9,72.8167,16
2018-08-21 00:00:00,August,Monsoon,Bombay / Colaba,MH,Mumbai City,26.8,25.4,27.9,8.9,1005.1,10,18.9,72.8167,5.1
2018-08-22 00:00:00,August,Monsoon,Bombay / Colaba,MH,Mumbai City,26.6,24.8,28,8.6,1006,10,18.9,72.8167,24.9
2018-08-23 00:00:00,August,Monsoon,Bombay / Colaba,MH,Mumbai City,27.2,26,28.6,8.6,1007.1,10,18.9,72.8167,23.1
2018-08-24 00:00:00,August,Monsoon,Bombay / Colaba,MH,Mumbai City,27.5,26.2,29.2,8.5,1007.3,10,18.9,72.8167,8.9
2018-08-25 00:00:00,August,Monsoon,Bombay / Colaba,MH,Mumbai City,27.3,25.6,28.6,9.1,1006.6,10,18.9,72.8167,5.1
2018-08-26 00:00:00,August,Monsoon,Bombay / Colaba,MH,Mumbai City,27.2,26.1,28.6,8.9,1005.3,10,18.9,72.8167,11.9
2018-08-27 00:00:00,August,Monsoon,Bombay / Colaba,MH,Mumbai City,27.1,25.8,28.6,6.8,1005.1,10,18.9,72.8167,8.9
2018-08-28 00:00:00,August,Monsoon,Bombay / Colaba,MH,Mumbai City,26.7,25.5,28.2,4.5,1005.2,10,18.9,72.8167,13
2018-08-29 00:00:00,August,Monsoon,Bombay / Colaba,MH,Mumbai City,27,25.3,29,4.7,1006.7,10,18.9,72.8167,0.3
2018-08-30 00:00:00,August,Monsoon,Bombay / Colaba,MH,Mumbai City,27.5,25.9,29.2,5.8,1007.3,10,18.9,72.8167,0
2018-08-31 00:00:00,August,Monsoon,Bombay / Colaba,MH,Mumbai City,27.9,26.2,30,5.5,1007.5,10,18.9,72.8167,7.1
2018-09-01 00:00:00,September,Monsoon,Bombay / Colaba,MH,Mumbai City,28,26.3,29.8,5.9,1008.3,10,18.9,72.8167,2
2018-09-02 00:00:00,September,Monsoon,Bombay / Colaba,MH,Mumbai City,27.7,26.3,29.5,7.6,1008.5,10,18.9,72.8167,16
2018-09-03 00:00:00,September,Monsoon,Bombay / Colaba,MH,Mumbai City,27.8,26.2,29.6,7.9,1008.5,10,18.9,72.8167,3
2018-09-04 00:00:00,September,Monsoon,Bombay / Colaba,MH,Mumbai City,27.8,26.1,29.8,7,1009.4,10,18.9,72.8167,5.1
2018-09-05 00:00:00,September,Monsoon,Bombay / Colaba,MH,Mumbai City,27.8,26.1,29.7,7,1009.3,10,18.9,72.8167,0
2018-09-06 00:00:00,September,Monsoon,Bombay / Colaba,MH,Mumbai City,27.8,25.9,30,6.6,1008.4,10,18.9,72.8167,0.8
2018-09-07 00:00:00,September,Monsoon,Bombay / Colaba,MH,Mumbai City,27.7,25.7,30.2,5.2,1008.1,10,18.9,72.8167,0
2018-09-08 00:00:00,September,Monsoon,Bombay / Colaba,MH,Mumbai City,27.7,25.1,30.4,4.8,1008.2,10,18.9,72.8167,1
2018-09-09 00:00:00,September,Monsoon,Bombay / Colaba,MH,Mumbai City,27.7,25.1,30.9,4.3,1008.9,10,18.9,72.8167,0.5
2018-09-10 00:00:00,September,Monsoon,Bombay / Colaba,MH,Mumbai City,27.7,24.9,30.7,3.4,1011.2,10,18.9,72.8167,7.9
2018-09-11 00:00:00,September,Monsoon,Bombay / Colaba,MH,Mumbai City,27.7,25.2,30.6,3.3,1012.2,10,18.9,72.8167,0
2018-09-12 00:00:00,September,Monsoon,Bombay / Colaba,MH,Mumbai City,27.6,25.2,30.6,3.1,1011,10,18.9,72.8167,2
2018-09-13 00:00:00,September,Monsoon,Bombay / Colaba,MH,Mumbai City,27.6,25.1,30.6,3.2,1009.5,10,18.9,72.8167,0
2018-09-14 00:00:00,September,Monsoon,Bombay / Colaba,MH,Mumbai City,27.6,25.2,30.5,2.9,1009.5,10,18.9,72.8167,8.9
2018-09-15 00:00:00,September,Monsoon,Bombay / Colaba,MH,Mumbai City,27.7,24.9,30.4,3,1010.3,10,18.9,72.8167,0.5
2018-09-16 00:00:00,September,Monsoon,Bombay / Colaba,MH,Mumbai City,27.8,25.3,30.6,3.6,1009.5,10,18.9,72.8167,1
2018-09-17 00:00:00,September,Monsoon,Bombay / Colaba,MH,Mumbai City,27.9,25.4,30.8,3.8,1008.5,10,18.9,72.8167,0
2018-09-18 00:00:00,September,Monsoon,Bombay / Colaba,MH,Mumbai City,27.9,25.5,30.7,3.5,1008.7,10,18.9,72.8167,
2018-09-19 00:00:00,September,Monsoon,Bombay / Colaba,MH,Mumbai City,27.5,25.2,29.9,3.9,1008.8,10,18.9,72.8167,8.9
2018-09-20 00:00:00,September,Monsoon,Bombay / Colaba,MH,Mumbai City,27.5,25.3,30,4.4,1006.8,10,18.9,72.8167,0
2018-09-21 00:00:00,September,Monsoon,Bombay / Colaba,MH,Mumbai City,28,25.9,30.1,4.6,1005.7,10,18.9,72.8167,2
2018-09-22 00:00:00,September,Monsoon,Bombay / Colaba,MH,Mumbai City,28.1,26.3,30.2,5.4,1007,10,18.9,72.8167,0.3
2018-09-23 00:00:00,September,Monsoon,Bombay / Colaba,MH,Mumbai City,28.2,26.5,30.7,4.8,1010.2,10,18.9,72.8167,0
2018-09-24 00:00:00,September,Monsoon,Bombay / Colaba,MH,Mumbai City,28.3,25.9,31,3.1,1011.2,10,18.9,72.8167,0
2018-09-25 00:00:00,September,Monsoon,Bombay / Colaba,MH,Mumbai City,28.4,25.8,31.4,3,1010.7,10,18.9,72.8167,
2018-09-26 00:00:00,September,Monsoon,Bombay / Colaba,MH,Mumbai City,28.4,25.4,32.1,3.2,1009.2,10,18.9,72.8167,
2018-09-27 00:00:00,September,Monsoon,Bombay / Colaba,MH,Mumbai City,28.7,25.4,32.5,3.1,1008.4,10,18.9,72.8167,
2018-09-28 00:00:00,September,Monsoon,Bombay / Colaba,MH,Mumbai City,28.9,25.8,32.9,2.4,1008.7,10,18.9,72.8167,7.1
2018-09-29 00:00:00,September,Monsoon,Bombay / Colaba,MH,Mumbai City,29,25,33.5,2.5,1009.4,10,18.9,72.8167,4.1
2018-09-30 00:00:00,September,Monsoon,Bombay / Colaba,MH,Mumbai City,29.3,25.9,33.8,2.4,1009.1,10,18.9,72.8167,0
2019-07-01 00:00:00,July,Monsoon,Bombay / Colaba,MH,Mumbai City,27.7,25,29.3,5.9,1002.9,10,18.9,72.8167,91.9
2019-07-02 00:00:00,July,Monsoon,Bombay / Colaba,MH,Mumbai City,26.9,25,28.4,4.5,1003.1,10,18.9,72.8167,374.9
2019-07-03 00:00:00,July,Monsoon,Bombay / Colaba,MH,Mumbai City,27.2,26.4,28.2,8.7,1003.4,10,18.9,72.8167,34
2019-07-04 00:00:00,July,Monsoon,Bombay / Colaba,MH,Mumbai City,27.9,26.6,29.7,5.9,1003.2,10,18.9,72.8167,4.1
2019-07-05 00:00:00,July,Monsoon,Bombay / Colaba,MH,Mumbai City,28,27.2,29.2,8.7,1002.1,10,18.9,72.8167,23.1
2019-07-06 00:00:00,July,Monsoon,Bombay / Colaba,MH,Mumbai City,27.7,27.3,28.5,11.4,1001.4,10,18.9,72.8167,78
2019-07-07 00:00:00,July,Monsoon,Bombay / Colaba,MH,Mumbai City,28.3,27.3,29.5,12.4,1002,10,18.9,72.8167,40.9
2019-07-08 00:00:00,July,Monsoon,Bombay / Colaba,MH,Mumbai City,28.3,26.8,29.4,12.5,1003.5,10,18.9,72.8167,31
2019-07-09 00:00:00,July,Monsoon,Bombay / Colaba,MH,Mumbai City,28.6,27.7,29.9,13.2,1003.1,10,18.9,72.8167,130
2019-07-10 00:00:00,July,Monsoon,Bombay / Colaba,MH,Mumbai City,28,26.9,29.2,11,1003.2,10,18.9,72.8167,7.1
2019-07-11 00:00:00,July,Monsoon,Bombay / Colaba,MH,Mumbai City,28,26.8,29.8,10.5,1005.1,10,18.9,72.8167,50
2019-07-12 00:00:00,July,Monsoon,Bombay / Colaba,MH,Mumbai City,28.7,27.5,30.2,10.5,1006.4,10,18.9,72.8167,24.9
2019-07-13 00:00:00,July,Monsoon,Bombay / Colaba,MH,Mumbai City,29,27.5,31,8.4,1007.4,10,18.9,72.8167,4.1
2019-07-14 00:00:00,July,Monsoon,Bombay / Colaba,MH,Mumbai City,28.9,27.6,30.8,7.7,1007.2,10,18.9,72.8167,10.9
2019-07-15 00:00:00,July,Monsoon,Bombay / Colaba,MH,Mumbai City,29,27.7,30.6,8.2,1006,10,18.9,72.8167,3
2019-07-16 00:00:00,July,Monsoon,Bombay / Colaba,MH,Mumbai City,29.1,27.7,31,7.8,1006.2,10,18.9,72.8167,3
2019-07-17 00:00:00,July,Monsoon,Bombay / Colaba,MH,Mumbai City,29,27.6,31,6.2,1006.5,10,18.9,72.8167,4.1
2019-07-18 00:00:00,July,Monsoon,Bombay / Colaba,MH,Mumbai City,29.3,27.4,31.8,5,1005,10,18.9,72.8167,7.1
2019-07-19 00:00:00,July,Monsoon,Bombay / Colaba,MH,Mumbai City,29.3,27.4,32,3.3,1003.2,10,18.9,72.8167,2
2019-07-20 00:00:00,July,Monsoon,Bombay / Colaba,MH,Mumbai City,28.5,27.3,30,1.8,1002.2,10,18.9,72.8167,0.3
2019-07-21 00:00:00,July,Monsoon,Bombay / Colaba,MH,Mumbai City,28.4,26.7,31.2,2.4,1001,10,18.9,72.8167,6.1
2019-07-22 00:00:00,July,Monsoon,Bombay / Colaba,MH,Mumbai City,28.4,26.8,31,4.4,1000.3,10,18.9,72.8167,16
2019-07-23 00:00:00,July,Monsoon,Bombay / Colaba,MH,Mumbai City,28.5,27.1,30.2,6.1,1001.2,10,18.9,72.8167,0
2019-07-24 00:00:00,July,Monsoon,Bombay / Colaba,MH,Mumbai City,27.6,26.4,29,6,1003.2,10,18.9,72.8167,84.1
2019-07-25 00:00:00,July,Monsoon,Bombay / Colaba,MH,Mumbai City,27.6,26.8,28.5,7.4,1005.8,10,18.9,72.8167,38.1
2019-07-26 00:00:00,July,Monsoon,Bombay / Colaba,MH,Mumbai City,27.7,26.8,29,9.4,1005.2,10,18.9,72.8167,43.9
2019-07-27 00:00:00,July,Monsoon,Bombay / Colaba,MH,Mumbai City,27.5,27,28.2,11.6,1004.7,10,18.9,72.8167,218.9
2019-07-28 00:00:00,July,Monsoon,Bombay / Colaba,MH,Mumbai City,27.7,27.2,28.6,12.1,1004.9,10,18.9,72.8167,27.9
2019-07-29 00:00:00,July,Monsoon,Bombay / Colaba,MH,Mumbai City,27.5,26.9,28.6,12.3,1004.2,10,18.9,72.8167,0.5
2019-07-30 00:00:00,July,Monsoon,Bombay / Colaba,MH,Mumbai City,27.1,25.6,28.2,13,1004.9,10,18.9,72.8167,39.1
2019-07-31 00:00:00,July,Monsoon,Bombay / Colaba,MH,Mumbai City,27.4,26.6,28.4,13.8,1006.1,10,18.9,72.8167,65
2019-08-01 00:00:00,August,Monsoon,Bombay / Colaba,MH,Mumbai City,27.8,26.6,29.4,12.7,1005.8,10,18.9,72.8167,13
2019-08-02 00:00:00,August,Monsoon,Bombay / Colaba,MH,Mumbai City,27.5,26.7,28.3,14.8,1004.6,10,18.9,72.8167,42.9
2019-08-03 00:00:00,August,Monsoon,Bombay / Colaba,MH,Mumbai City,26.7,26.2,27.3,16.8,1003.8,10,18.9,72.8167,134.1
2019-08-04 00:00:00,August,Monsoon,Bombay / Colaba,MH,Mumbai City,26.6,26.2,27.4,15.4,1003.1,10,18.9,72.8167,0
2019-08-05 00:00:00,August,Monsoon,Bombay / Colaba,MH,Mumbai City,27.3,27,28.4,15,1002.5,10,18.9,72.8167,62
2019-08-06 00:00:00,August,Monsoon,Bombay / Colaba,MH,Mumbai City,27.7,27.1,29.2,13.8,1002.3,10,18.9,72.8167,8.9
2019-08-07 00:00:00,August,Monsoon,Bombay / Colaba,MH,Mumbai City,27.8,27,28.3,14.5,1001.4,10,18.9,72.8167,7.9
2019-08-08 00:00:00,August,Monsoon,Bombay / Colaba,MH,Mumbai City,28.2,27.7,28.8,14.8,1000.3,10,18.9,72.8167,1
2019-08-09 00:00:00,August,Monsoon,Bombay / Colaba,MH,Mumbai City,28.1,27.7,28.6,16.1,1000.7,10,18.9,72.8167,4.1
2019-08-10 00:00:00,August,Monsoon,Bombay / Colaba,MH,Mumbai City,28.3,27.6,29.2,17.5,1002,10,18.9,72.8167,3
2019-08-11 00:00:00,August,Monsoon,Bombay / Colaba,MH,Mumbai City,28.5,27.4,30,14.8,1004,10,18.9,72.8167,5.1
2019-08-12 00:00:00,August,Monsoon,Bombay / Colaba,MH,Mumbai City,28.5,27.3,30.1,10.1,1005.3,10,18.9,72.8167,6.1
2019-08-13 00:00:00,August,Monsoon,Bombay / Colaba,MH,Mumbai City,28.1,27.2,29.6,6.4,1005.6,10,18.9,72.8167,1
2019-08-14 00:00:00,August,Monsoon,Bombay / Colaba,MH,Mumbai City,27.9,26.7,29.4,5.6,1005.7,10,18.9,72.8167,3
2019-08-15 00:00:00,August,Monsoon,Bombay / Colaba,MH,Mumbai City,27.9,26.6,29.3,7.7,1006.7,10,18.9,72.8167,7.9
2019-08-16 00:00:00,August,Monsoon,Bombay / Colaba,MH,Mumbai City,28.4,27.1,30.3,10.2,1006.5,10,18.9,72.8167,6.1
2019-08-17 00:00:00,August,Monsoon,Bombay / Colaba,MH,Mumbai City,28.6,27.2,30.6,10.3,1006.2,10,18.9,72.8167,5.1
2019-08-18 00:00:00,August,Monsoon,Bombay / Colaba,MH,Mumbai City,28.5,26.9,30.5,7.8,1007.4,10,18.9,72.8167,4.1
2019-08-19 00:00:00,August,Monsoon,Bombay / Colaba,MH,Mumbai City,28.5,26.7,30.6,5.6,1008.5,10,18.9,72.8167,2
2019-08-20 00:00:00,August,Monsoon,Bombay / Colaba,MH,Mumbai City,28.5,26.7,30.6,4,1008.7,10,18.9,72.8167,1
2019-08-21 00:00:00,August,Monsoon,Bombay / Colaba,MH,Mumbai City,28.5,26.8,31.4,4.1,1008,10,18.9,72.8167,6.1
2019-08-22 00:00:00,August,Monsoon,Bombay / Colaba,MH,Mumbai City,28.3,26.4,31.6,4.4,1007.4,10,18.9,72.8167,1
2019-08-23 00:00:00,August,Monsoon,Bombay / Colaba,MH,Mumbai City,28.1,26,31,3.9,1007.4,10,18.9,72.8167,2
2019-08-24 00:00:00,August,Monsoon,Bombay / Colaba,MH,Mumbai City,28.3,26.4,30.6,4.1,1007.1,10,18.9,72.8167,1
2019-08-25 00:00:00,August,Monsoon,Bombay / Colaba,MH,Mumbai City,28.1,26.3,30.4,3.7,1006.1,10,18.9,72.8167,10.9
2019-08-26 00:00:00,August,Monsoon,Bombay / Colaba,MH,Mumbai City,28.1,26.5,30,4.2,1005.7,10,18.9,72.8167,7.1
2019-08-27 00:00:00,August,Monsoon,Bombay / Colaba,MH,Mumbai City,28.2,26.3,30.2,5.9,1005,10,18.9,72.8167,0
2019-08-28 00:00:00,August,Monsoon,Bombay / Colaba,MH,Mumbai City,28.3,26.4,30.5,7,1004.8,10,18.9,72.8167,6.1
2019-08-29 00:00:00,August,Monsoon,Bombay / Colaba,MH,Mumbai City,28.3,26.5,30.2,5.9,1005.2,10,18.9,72.8167,3
2019-08-30 00:00:00,August,Monsoon,Bombay / Colaba,MH,Mumbai City,27.7,26.4,29.4,5.4,1004.1,10,18.9,72.8167,3
2019-08-31 00:00:00,August,Monsoon,Bombay / Colaba,MH,Mumbai City,27.4,26.6,28.7,6.1,1002.6,10,18.9,72.8167,13
2019-09-01 00:00:00,September,Monsoon,Bombay / Colaba,MH,Mumbai City,27,26,28.4,6.7,1003.3,10,18.9,72.8167,16
2019-09-02 00:00:00,September,Monsoon,Bombay / Colaba,MH,Mumbai City,27.4,26.1,29.1,6.8,1004.8,10,18.9,72.8167,17
2019-09-03 00:00:00,September,Monsoon,Bombay / Colaba,MH,Mumbai City,26.6,25.4,27.9,6.7,1004.6,10,18.9,72.8167,131.1
2019-09-04 00:00:00,September,Monsoon,Bombay / Colaba,MH,Mumbai City,26.1,24.8,27.1,6.2,1003.2,10,18.9,72.8167,118.1
2019-09-05 00:00:00,September,Monsoon,Bombay / Colaba,MH,Mumbai City,26.3,25.6,27.1,7.3,1002.5,10,18.9,72.8167,242.1
2019-09-06 00:00:00,September,Monsoon,Bombay / Colaba,MH,Mumbai City,26.8,26.2,27.7,10.6,1002.6,10,18.9,72.8167,45
2019-09-07 00:00:00,September,Monsoon,Bombay / Colaba,MH,Mumbai City,26.7,26,27.5,10.6,1002.9,10,18.9,72.8167,23.1
2019-09-08 00:00:00,September,Monsoon,Bombay / Colaba,MH,Mumbai City,26.9,26.2,27.9,10.2,1004.2,10,18.9,72.8167,119.1
2019-09-09 00:00:00,September,Monsoon,Bombay / Colaba,MH,Mumbai City,27.3,26.4,28.4,10.3,1004.4,10,18.9,72.8167,25.9
2019-09-10 00:00:00,September,Monsoon,Bombay / Colaba,MH,Mumbai City,27.8,26.2,32,9.2,1003.8,10,18.9,72.8167,54.1
2019-09-11 00:00:00,September,Monsoon,Bombay / Colaba,MH,Mumbai City,27.9,26.4,29.5,8,1006.3,10,18.9,72.8167,7.1
2019-09-12 00:00:00,September,Monsoon,Bombay / Colaba,MH,Mumbai City,27.2,26.4,28.6,6.9,1008.2,10,18.9,72.8167,5.1
2019-09-13 00:00:00,September,Monsoon,Bombay / Colaba,MH,Mumbai City,27.1,26.4,28.4,6.2,1008.6,10,18.9,72.8167,40.9
2019-09-14 00:00:00,September,Monsoon,Bombay / Colaba,MH,Mumbai City,27.4,26.2,29,5.6,1008.5,10,18.9,72.8167,23.1
2019-09-15 00:00:00,September,Monsoon,Bombay / Colaba,MH,Mumbai City,27.2,26,28.8,4.4,1008.9,10,18.9,72.8167,31
2019-09-16 00:00:00,September,Monsoon,Bombay / Colaba,MH,Mumbai City,27.2,26,28.9,4.1,1008.2,10,18.9,72.8167,8.9
2019-09-17 00:00:00,September,Monsoon,Bombay / Colaba,MH,Mumbai City,27.3,26.1,29.1,3.6,1007.1,10,18.9,72.8167,5.1
2019-09-18 00:00:00,September,Monsoon,Bombay / Colaba,MH,Mumbai City,27.2,25.7,28.8,2.5,1006.9,10,18.9,72.8167,7.9
2019-09-19 00:00:00,September,Monsoon,Bombay / Colaba,MH,Mumbai City,27.1,26,28.4,2.5,1005.5,10,18.9,72.8167,69.1
2019-09-20 00:00:00,September,Monsoon,Bombay / Colaba,MH,Mumbai City,27.4,25.2,30.3,8,1005.3,10,18.9,72.8167,3
2019-09-21 00:00:00,September,Monsoon,Bombay / Colaba,MH,Mumbai City,27.7,25.5,30.8,10.9,1005.2,10,18.9,72.8167,55.1
2019-09-22 00:00:00,September,Monsoon,Bombay / Colaba,MH,Mumbai City,28.3,25.9,31.9,10.4,1006.6,10,18.9,72.8167,0.8
2019-09-23 00:00:00,September,Monsoon,Bombay / Colaba,MH,Mumbai City,28.4,26.1,31.4,5.7,1008.4,10,18.9,72.8167,0
2019-09-24 00:00:00,September,Monsoon,Bombay / Colaba,MH,Mumbai City,28.1,26,30.5,2.4,1008.1,10,18.9,72.8167,0.5
2019-09-25 00:00:00,September,Monsoon,Bombay / Colaba,MH,Mumbai City,27.5,25.2,29.7,2.8,1007.1,10,18.9,72.8167,30
2019-09-26 00:00:00,September,Monsoon,Bombay / Colaba,MH,Mumbai City,27.5,26,30.1,6.2,1008.3,10,18.9,72.8167,1
2019-09-27 00:00:00,September,Monsoon,Bombay / Colaba,MH,Mumbai City,27.3,24.4,29.6,9,1011.2,10,18.9,72.8167,29
2019-09-28 00:00:00,September,Monsoon,Bombay / Colaba,MH,Mumbai City,27.7,25.6,30.5,8.3,1011.3,10,18.9,72.8167,1
2019-09-29 00:00:00,September,Monsoon,Bombay / Colaba,MH,Mumbai City,28,26,31.1,7.9,1011.5,10,18.9,72.8167,0.3
2019-09-30 00:00:00,September,Monsoon,Bombay / Colaba,MH,Mumbai City,28.2,26.2,30.8,6.4,1011.3,10,18.9,72.8167,4.1
2020-07-01 00:00:00,July,Monsoon,Bombay / Colaba,MH,Mumbai City,28.6,26.9,30.6,6.8,1003.1,10,18.9,72.8167,8.9
2020-07-02 00:00:00,July,Monsoon,Bombay / Colaba,MH,Mumbai City,28.1,26.4,30.2,5.8,1003,10,18.9,72.8167,7.1
2020-07-03 00:00:00,July,Monsoon,Bombay / Colaba,MH,Mumbai City,27.2,25.4,28.4,5.2,1002.7,10,18.9,72.8167,10.9
2020-07-04 00:00:00,July,Monsoon,Bombay / Colaba,MH,Mumbai City,26.8,25.8,27.7,5.9,1001.1,10,18.9,72.8167,157
2020-07-05 00:00:00,July,Monsoon,Bombay / Colaba,MH,Mumbai City,27.1,25.2,28.1,10.7,1000.6,10,18.9,72.8167,200.9
2020-07-06 00:00:00,July,Monsoon,Bombay / Colaba,MH,Mumbai City,28.3,27.1,29.6,15.4,1000.1,10,18.9,72.8167,116.1
2020-07-07 00:00:00,July,Monsoon,Bombay / Colaba,MH,Mumbai City,28.3,26,30,16.6,1000.2,10,18.9,72.8167,30
2020-07-08 00:00:00,July,Monsoon,Bombay / Colaba,MH,Mumbai City,28.5,27,31,11,1003.5,10,18.9,72.8167,57.9
2020-07-09 00:00:00,July,Monsoon,Bombay / Colaba,MH,Mumbai City,28.6,27.3,30.8,8.8,1004.2,10,18.9,72.8167,20.1
2020-07-10 00:00:00,July,Monsoon,Bombay / Colaba,MH,Mumbai City,28.8,27.4,30.9,9.3,1004.2,10,18.9,72.8167,6.1
2020-07-11 00:00:00,July,Monsoon,Bombay / Colaba,MH,Mumbai City,28.6,27.4,30.4,9,1004.3,10,18.9,72.8167,1
2020-07-12 00:00:00,July,Monsoon,Bombay / Colaba,MH,Mumbai City,28.2,26,30,6.8,1004.6,10,18.9,72.8167,22.1
2020-07-13 00:00:00,July,Monsoon,Bombay / Colaba,MH,Mumbai City,27.4,25.6,29,6.5,1004.2,10,18.9,72.8167,70.1
2020-07-14 00:00:00,July,Monsoon,Bombay / Colaba,MH,Mumbai City,27.2,26.2,28.6,4.6,1003.5,10,18.9,72.8167,26.9
2020-07-15 00:00:00,July,Monsoon,Bombay / Colaba,MH,Mumbai City,26.6,25.6,27.8,3.6,1002.1,10,18.9,72.8167,97
2020-07-16 00:00:00,July,Monsoon,Bombay / Colaba,MH,Mumbai City,26.7,25.4,27.9,7.1,999.8,10,18.9,72.8167,191
2020-07-17 00:00:00,July,Monsoon,Bombay / Colaba,MH,Mumbai City,27.6,26.1,29.8,10.6,999.2,10,18.9,72.8167,154.9
2020-07-18 00:00:00,July,Monsoon,Bombay / Colaba,MH,Mumbai City,27.8,26.4,30,8.6,1001.9,10,18.9,72.8167,54.1
2020-07-19 00:00:00,July,Monsoon,Bombay / Colaba,MH,Mumbai City,28.6,26.8,31,6.1,1004.9,10,18.9,72.8167,7.9
2020-07-20 00:00:00,July,Monsoon,Bombay / Colaba,MH,Mumbai City,28.8,27.4,31,3.6,1004.2,10,18.9,72.8167,6.1
2020-07-21 00:00:00,July,Monsoon,Bombay / Colaba,MH,Mumbai City,28.8,27.3,30.7,6,1004.2,10,18.9,72.8167,4.1
2020-07-22 00:00:00,July,Monsoon,Bombay / Colaba,MH,Mumbai City,28.9,27.2,31.2,4.3,1005.7,10,18.9,72.8167,0
2020-07-23 00:00:00,July,Monsoon,Bombay / Colaba,MH,Mumbai City,28.5,27.1,30.6,1.6,1005.3,10,18.9,72.8167,49
2020-07-24 00:00:00,July,Monsoon,Bombay / Colaba,MH,Mumbai City,28.1,26,29.6,2.4,1005.6,10,18.9,72.8167,18
2020-07-25 00:00:00,July,Monsoon,Bombay / Colaba,MH,Mumbai City,27.9,26.3,29.8,4.7,1005.7,10,18.9,72.8167,9.9
2020-07-26 00:00:00,July,Monsoon,Bombay / Colaba,MH,Mumbai City,28,26.2,31.1,5.8,1006.6,10,18.9,72.8167,8.9
2020-07-27 00:00:00,July,Monsoon,Bombay / Colaba,MH,Mumbai City,27.6,25.4,30,4.5,1007.7,10,18.9,72.8167,101.1
2020-07-28 00:00:00,July,Monsoon,Bombay / Colaba,MH,Mumbai City,27.5,25.4,29.7,2.4,1006.6,10,18.9,72.8167,29
2020-07-29 00:00:00,July,Monsoon,Bombay / Colaba,MH,Mumbai City,27.3,25.8,28.9,1.9,1004.6,10,18.9,72.8167,8.9
2020-07-30 00:00:00,July,Monsoon,Bombay / Colaba,MH,Mumbai City,27.5,26,29.5,2.4,1004.1,10,18.9,72.8167,18
2020-07-31 00:00:00,July,Monsoon,Bombay / Colaba,MH,Mumbai City,27.9,26.2,29.7,3.5,1003.9,10,18.9,72.8167,8.9
2020-08-01 00:00:00,August,Monsoon,Bombay / Colaba,MH,Mumbai City,28.1,26.6,30.2,4.1,1003.3,10,18.9,72.8167,0.5
2020-08-02 00:00:00,August,Monsoon,Bombay / Colaba,MH,Mumbai City,28.2,26.6,30.4,6.9,1002.6,10,18.9,72.8167,0.3
2020-08-03 00:00:00,August,Monsoon,Bombay / Colaba,MH,Mumbai City,27.8,26.7,29.3,8.6,1000.8,10,18.9,72.8167,3
2020-08-04 00:00:00,August,Monsoon,Bombay / Colaba,MH,Mumbai City,26.9,25.4,27.5,12.3,997.6,10,18.9,72.8167,0
2020-08-05 00:00:00,August,Monsoon,Bombay / Colaba,MH,Mumbai City,26.3,23.4,27.4,12.8,995.3,10,18.9,72.8167,84.1
2020-08-06 00:00:00,August,Monsoon,Bombay / Colaba,MH,Mumbai City,26.6,25.4,27.5,18,995.8,10,18.9,72.8167,16
2020-08-07 00:00:00,August,Monsoon,Bombay / Colaba,MH,Mumbai City,28,26.6,29.7,16.4,1000.7,10,18.9,72.8167,79
2020-08-08 00:00:00,August,Monsoon,Bombay / Colaba,MH,Mumbai City,28.2,27.4,29.7,13.7,1004.2,10,18.9,72.8167,11.9
2020-08-09 00:00:00,August,Monsoon,Bombay / Colaba,MH,Mumbai City,28.3,27.4,30.8,10.3,1004.1,10,18.9,72.8167,19.1
2020-08-10 00:00:00,August,Monsoon,Bombay / Colaba,MH,Mumbai City,27.8,27,29.2,7.5,1003.7,10,18.9,72.8167,0.5
2020-08-11 00:00:00,August,Monsoon,Bombay / Colaba,MH,Mumbai City,27.5,26.7,29,8,1004.9,10,18.9,72.8167,5.1
2020-08-12 00:00:00,August,Monsoon,Bombay / Colaba,MH,Mumbai City,27.2,26,28,9.8,1006.6,10,18.9,72.8167,31
2020-08-13 00:00:00,August,Monsoon,Bombay / Colaba,MH,Mumbai City,27,26.5,28.4,11.2,1005.1,10,18.9,72.8167,41.9
2020-08-14 00:00:00,August,Monsoon,Bombay / Colaba,MH,Mumbai City,26.5,25.4,27.1,13.2,1002.9,10,18.9,72.8167,40.9
2020-08-15 00:00:00,August,Monsoon,Bombay / Colaba,MH,Mumbai City,26.5,26,27,13.7,1002.3,10,18.9,72.8167,59.9
2020-08-16 00:00:00,August,Monsoon,Bombay / Colaba,MH,Mumbai City,27.1,26.3,28,11.5,1003.2,10,18.9,72.8167,19.1
2020-08-17 00:00:00,August,Monsoon,Bombay / Colaba,MH,Mumbai City,27.2,26.6,28,11.6,1002.9,10,18.9,72.8167,7.9
2020-08-18 00:00:00,August,Monsoon,Bombay / Colaba,MH,Mumbai City,27.3,26.4,28.4,11.3,1004.2,10,18.9,72.8167,45
2020-08-19 00:00:00,August,Monsoon,Bombay / Colaba,MH,Mumbai City,27.3,26,29,9.5,1004,10,18.9,72.8167,10.9
2020-08-20 00:00:00,August,Monsoon,Bombay / Colaba,MH,Mumbai City,26.9,26,27.7,8.4,1003.1,10,18.9,72.8167,23.1
2020-08-21 00:00:00,August,Monsoon,Bombay / Colaba,MH,Mumbai City,26.4,25,27.3,12.6,1004,10,18.9,72.8167,32
2020-08-22 00:00:00,August,Monsoon,Bombay / Colaba,MH,Mumbai City,27.3,26.2,28.5,12.8,1005,10,18.9,72.8167,65
2020-08-23 00:00:00,August,Monsoon,Bombay / Colaba,MH,Mumbai City,27.9,26.8,29.4,12.3,1005.6,10,18.9,72.8167,14
2020-08-24 00:00:00,August,Monsoon,Bombay / Colaba,MH,Mumbai City,28.4,27,30.1,13,1006.1,10,18.9,72.8167,7.9
2020-08-25 00:00:00,August,Monsoon,Bombay / Colaba,MH,Mumbai City,28.7,27.1,31,10.1,1008.2,10,18.9,72.8167,13
2020-08-26 00:00:00,August,Monsoon,Bombay / Colaba,MH,Mumbai City,28.7,27.1,31.1,7.3,1008.9,10,18.9,72.8167,4.1
2020-08-27 00:00:00,August,Monsoon,Bombay / Colaba,MH,Mumbai City,28.3,26.7,30.5,6.8,1007.6,10,18.9,72.8167,2
2020-08-28 00:00:00,August,Monsoon,Bombay / Colaba,MH,Mumbai City,27.3,25.4,29,7.7,1006.1,10,18.9,72.8167,5.1
2020-08-29 00:00:00,August,Monsoon,Bombay / Colaba,MH,Mumbai City,26.4,25,27.8,6.9,1005.3,10,18.9,72.8167,85.1
2020-08-30 00:00:00,August,Monsoon,Bombay / Colaba,MH,Mumbai City,26.6,25.6,28.2,9.7,1005.5,10,18.9,72.8167,53.1
2020-08-31 00:00:00,August,Monsoon,Bombay / Colaba,MH,Mumbai City,27.7,26.1,30.2,9.5,1007.2,10,18.9,72.8167,46
2020-09-01 00:00:00,September,Monsoon,Bombay / Colaba,MH,Mumbai City,28.1,26.4,30.9,4.2,1008.8,10,18.9,72.8167,8.9
2020-09-02 00:00:00,September,Monsoon,Bombay / Colaba,MH,Mumbai City,28.4,26.2,31.2,3.2,1008.3,10,18.9,72.8167,10.9
2020-09-03 00:00:00,September,Monsoon,Bombay / Colaba,MH,Mumbai City,28.6,26.6,31,3.4,1007.1,10,18.9,72.8167,0
2020-09-04 00:00:00,September,Monsoon,Bombay / Colaba,MH,Mumbai City,28.9,26.5,31.6,3.7,1006.5,10,18.9,72.8167,0
2020-09-05 00:00:00,September,Monsoon,Bombay / Colaba,MH,Mumbai City,29.2,26.9,32,3.2,1006.1,10,18.9,72.8167,7.1
2020-09-06 00:00:00,September,Monsoon,Bombay / Colaba,MH,Mumbai City,29.4,27.2,32.6,2.1,1005.3,10,18.9,72.8167,0
2020-09-07 00:00:00,September,Monsoon,Bombay / Colaba,MH,Mumbai City,29,26.4,31.4,3,1005.9,10,18.9,72.8167,10.9
2020-09-08 00:00:00,September,Monsoon,Bombay / Colaba,MH,Mumbai City,28.6,26.7,30.8,2.4,1006.8,10,18.9,72.8167,0.5
2020-09-09 00:00:00,September,Monsoon,Bombay / Colaba,MH,Mumbai City,29,26.7,31.6,3,1005.6,10,18.9,72.8167,0
2020-09-10 00:00:00,September,Monsoon,Bombay / Colaba,MH,Mumbai City,28.8,27.1,31.2,2.6,1003.7,10,18.9,72.8167,6.1
2020-09-11 00:00:00,September,Monsoon,Bombay / Colaba,MH,Mumbai City,28.3,26.9,30,2.6,1003,10,18.9,72.8167,0
2020-09-12 00:00:00,September,Monsoon,Bombay / Colaba,MH,Mumbai City,28.1,26.2,30.7,6.3,1004,10,18.9,72.8167,10.9
2020-09-13 00:00:00,September,Monsoon,Bombay / Colaba,MH,Mumbai City,27.7,26.3,29.5,6.8,1006.3,10,18.9,72.8167,25.9
2020-09-14 00:00:00,September,Monsoon,Bombay / Colaba,MH,Mumbai City,27.5,26,29.4,3.9,1006.5,10,18.9,72.8167,3
2020-09-15 00:00:00,September,Monsoon,Bombay / Colaba,MH,Mumbai City,27.4,26.1,29.2,3.4,1006.1,10,18.9,72.8167,7.1
2020-09-16 00:00:00,September,Monsoon,Bombay / Colaba,MH,Mumbai City,27.3,26,29,1.9,1006.3,10,18.9,72.8167,3
2020-09-17 00:00:00,September,Monsoon,Bombay / Colaba,MH,Mumbai City,27.3,26.1,29.1,2,1006.7,10,18.9,72.8167,15
2020-09-18 00:00:00,September,Monsoon,Bombay / Colaba,MH,Mumbai City,26.7,25.4,28.8,2.1,1006.2,10,18.9,72.8167,0
2020-09-19 00:00:00,September,Monsoon,Bombay / Colaba,MH,Mumbai City,26.7,25.6,28.3,2.5,1004.1,10,18.9,72.8167,2
2020-09-20 00:00:00,September,Monsoon,Bombay / Colaba,MH,Mumbai City,27.4,26,29.6,2.3,1002.1,10,18.9,72.8167,11.9
2020-09-21 00:00:00,September,Monsoon,Bombay / Colaba,MH,Mumbai City,27.8,26.3,29.6,2.8,1000.7,10,18.9,72.8167,0
2020-09-22 00:00:00,September,Monsoon,Bombay / Colaba,MH,Mumbai City,27.2,26,27.8,4.2,1001.1,10,18.9,72.8167,23.1
2020-09-23 00:00:00,September,Monsoon,Bombay / Colaba,MH,Mumbai City,27.1,25.4,28.6,6.1,1002.9,10,18.9,72.8167,286
2020-09-24 00:00:00,September,Monsoon,Bombay / Colaba,MH,Mumbai City,27.6,25.2,30.2,4.5,1006.3,10,18.9,72.8167,109
2020-09-25 00:00:00,September,Monsoon,Bombay / Colaba,MH,Mumbai City,27.7,26,30.2,3.4,1007.7,10,18.9,72.8167,2
2020-09-26 00:00:00,September,Monsoon,Bombay / Colaba,MH,Mumbai City,28,26.2,31.6,3.7,1007.5,10,18.9,72.8167,0
2020-09-27 00:00:00,September,Monsoon,Bombay / Colaba,MH,Mumbai City,28.2,26,30.8,3.4,1008.4,10,18.9,72.8167,0
2020-09-28 00:00:00,September,Monsoon,Bombay / Colaba,MH,Mumbai City,28.2,25.7,31,2.5,1008.9,10,18.9,72.8167,
2020-09-29 00:00:00,September,Monsoon,Bombay / Colaba,MH,Mumbai City,28.2,25.8,31,2.8,1008.5,10,18.9,72.8167,
2020-09-30 00:00:00,September,Monsoon,Bombay / Colaba,MH,Mumbai City,28.2,25.7,31.2,2.7,1007.7,10,18.9,72.8167,
2021-07-01 00:00:00,July,Monsoon,Bombay / Colaba,MH,Mumbai City,29.2,27.6,31,6.2,1005.3,10,18.9,72.8167,5.1
2021-07-02 00:00:00,July,Monsoon,Bombay / Colaba,MH,Mumbai City,29.7,28,31.7,8.6,1005.4,10,18.9,72.8167,0.3
2021-07-03 00:00:00,July,Monsoon,Bombay / Colaba,MH,Mumbai City,30,28.2,32.4,5.1,1006.2,10,18.9,72.8167,2
2021-07-04 00:00:00,July,Monsoon,Bombay / Colaba,MH,Mumbai City,29.9,28,32.2,4.1,1006.8,10,18.9,72.8167,0
2021-07-05 00:00:00,July,Monsoon,Bombay / Colaba,MH,Mumbai City,30.2,28.1,32.5,3.5,1006.6,10,18.9,72.8167,1.8
2021-07-06 00:00:00,July,Monsoon,Bombay / Colaba,MH,Mumbai City,29.5,27.7,31.9,2.8,1005.5,10,18.9,72.8167,0
2021-07-07 00:00:00,July,Monsoon,Bombay / Colaba,MH,Mumbai City,29.5,27.5,31.5,2.3,1005.3,10,18.9,72.8167,18
2021-07-08 00:00:00,July,Monsoon,Bombay / Colaba,MH,Mumbai City,29.1,27.9,30.9,3.6,1005.4,10,18.9,72.8167,1
2021-07-09 00:00:00,July,Monsoon,Bombay / Colaba,MH,Mumbai City,27.9,26.2,29,2.5,1003.7,10,18.9,72.8167,72.9
2021-07-10 00:00:00,July,Monsoon,Bombay / Colaba,MH,Mumbai City,27.4,26.4,28.7,1.9,1002.6,10,18.9,72.8167,27.9
2021-07-11 00:00:00,July,Monsoon,Bombay / Colaba,MH,Mumbai City,27,25.4,28.1,2.5,1001.5,10,18.9,72.8167,17
2021-07-12 00:00:00,July,Monsoon,Bombay / Colaba,MH,Mumbai City,26.6,26,27.4,5.2,1000,10,18.9,72.8167,3
2021-07-13 00:00:00,July,Monsoon,Bombay / Colaba,MH,Mumbai City,26.7,26.1,27.3,6.3,1001,10,18.9,72.8167,55.1
2021-07-14 00:00:00,July,Monsoon,Bombay / Colaba,MH,Mumbai City,26.4,25,27.3,5.1,1002.5,10,18.9,72.8167,89.9
2021-07-15 00:00:00,July,Monsoon,Bombay / Colaba,MH,Mumbai City,26.7,25.6,28.2,5.3,1001.2,10,18.9,72.8167,8.9
2021-07-16 00:00:00,July,Monsoon,Bombay / Colaba,MH,Mumbai City,26.9,25.9,28.6,4.8,1003.4,10,18.9,72.8167,253
2021-07-17 00:00:00,July,Monsoon,Bombay / Colaba,MH,Mumbai City,27.4,26,29,4.7,1005.4,10,18.9,72.8167,31
2021-07-18 00:00:00,July,Monsoon,Bombay / Colaba,MH,Mumbai City,27.1,26.4,28.4,5.3,1004.8,10,18.9,72.8167,235
2021-07-19 00:00:00,July,Monsoon,Bombay / Colaba,MH,Mumbai City,26.4,26,26.9,7.4,1004.1,10,18.9,72.8167,70.1
2021-07-20 00:00:00,July,Monsoon,Bombay / Colaba,MH,Mumbai City,27.2,26.2,29,9.6,1005.6,10,18.9,72.8167,38.1
2021-07-21 00:00:00,July,Monsoon,Bombay / Colaba,MH,Mumbai City,27.2,26.2,27.6,11.4,1005.3,10,18.9,72.8167,23.9
2021-07-22 00:00:00,July,Monsoon,Bombay / Colaba,MH,Mumbai City,27.3,26.7,27.8,12.4,1002.3,10,18.9,72.8167,57.9
2021-07-23 00:00:00,July,Monsoon,Bombay / Colaba,MH,Mumbai City,27.5,26.9,27.8,11.9,1001.5,10,18.9,72.8167,19.1
2021-07-24 00:00:00,July,Monsoon,Bombay / Colaba,MH,Mumbai City,28.1,27,30,10.3,1003.2,10,18.9,72.8167,6.1
2021-07-25 00:00:00,July,Monsoon,Bombay / Colaba,MH,Mumbai City,28.4,27.6,29.7,11.6,1004.2,10,18.9,72.8167,22.1
2021-07-26 00:00:00,July,Monsoon,Bombay / Colaba,MH,Mumbai City,28.3,27.4,29.7,12.7,1004.8,10,18.9,72.8167,4.1
2021-07-27 00:00:00,July,Monsoon,Bombay / Colaba,MH,Mumbai City,28.3,27.5,29.8,12.2,1004.4,10,18.9,72.8167,4.1
2021-07-28 00:00:00,July,Monsoon,Bombay / Colaba,MH,Mumbai City,28,27.4,29.1,12,1004.7,10,18.9,72.8167,14
2021-07-29 00:00:00,July,Monsoon,Bombay / Colaba,MH,Mumbai City,27.9,27.3,29,11.8,1005.7,10,18.9,72.8167,6.1
2021-07-30 00:00:00,July,Monsoon,Bombay / Colaba,MH,Mumbai City,28.1,27.6,29,11.4,1006.7,10,18.9,72.8167,4.1
2021-07-31 00:00:00,July,Monsoon,Bombay / Colaba,MH,Mumbai City,28.5,27.4,30.1,12.8,1007.5,10,18.9,72.8167,3
2021-08-01 00:00:00,August,Monsoon,Bombay / Colaba,MH,Mumbai City,28.6,27.8,29.9,11.5,1006.8,10,18.9,72.8167,5.1
2021-08-02 00:00:00,August,Monsoon,Bombay / Colaba,MH,Mumbai City,28.3,27.4,30.2,10.9,1006.4,10,18.9,72.8167,6.1
2021-08-03 00:00:00,August,Monsoon,Bombay / Colaba,MH,Mumbai City,28.3,27.5,29.9,10.6,1007.7,10,18.9,72.8167,6.1
2021-08-04 00:00:00,August,Monsoon,Bombay / Colaba,MH,Mumbai City,28.4,27.4,29.9,11.7,1007.9,10,18.9,72.8167,19.1
2021-08-05 00:00:00,August,Monsoon,Bombay / Colaba,MH,Mumbai City,28.6,27.4,30.4,11,1006.4,10,18.9,72.8167,4.1
2021-08-06 00:00:00,August,Monsoon,Bombay / Colaba,MH,Mumbai City,28.8,27.4,30.9,9.7,1005.3,10,18.9,72.8167,0
2021-08-07 00:00:00,August,Monsoon,Bombay / Colaba,MH,Mumbai City,28.8,27.4,30.6,6.5,1005.8,10,18.9,72.8167,0.5
2021-08-08 00:00:00,August,Monsoon,Bombay / Colaba,MH,Mumbai City,28.5,27,30.1,4.1,1006.9,10,18.9,72.8167,3
2021-08-09 00:00:00,August,Monsoon,Bombay / Colaba,MH,Mumbai City,28.5,26.6,30.8,4.8,1008.2,10,18.9,72.8167,0.5
2021-08-10 00:00:00,August,Monsoon,Bombay / Colaba,MH,Mumbai City,28.7,26.8,30.8,5.1,1008.5,10,18.9,72.8167,0.3
2021-08-11 00:00:00,August,Monsoon,Bombay / Colaba,MH,Mumbai City,28.2,26.9,30.2,5.5,1008.3,10,18.9,72.8167,0
2021-08-12 00:00:00,August,Monsoon,Bombay / Colaba,MH,Mumbai City,28.2,26.9,29.9,5.9,1008.9,10,18.9,72.8167,9.9
2021-08-13 00:00:00,August,Monsoon,Bombay / Colaba,MH,Mumbai City,28.4,27,30.6,6.5,1008.1,10,18.9,72.8167,15
2021-08-14 00:00:00,August,Monsoon,Bombay / Colaba,MH,Mumbai City,27.8,26.6,29.8,6.6,1006.5,10,18.9,72.8167,10.9
2021-08-15 00:00:00,August,Monsoon,Bombay / Colaba,MH,Mumbai City,27.3,25.8,29,5.9,1006.2,10,18.9,72.8167,24.9
2021-08-16 00:00:00,August,Monsoon,Bombay / Colaba,MH,Mumbai City,27.4,25.9,29.7,3.5,1007.3,10,18.9,72.8167,31
2021-08-17 00:00:00,August,Monsoon,Bombay / Colaba,MH,Mumbai City,26.9,25.4,28.7,1.8,1007.6,10,18.9,72.8167,2
2021-08-18 00:00:00,August,Monsoon,Bombay / Colaba,MH,Mumbai City,26,24.4,27.5,1.6,1006.2,10,18.9,72.8167,16
2021-08-19 00:00:00,August,Monsoon,Bombay / Colaba,MH,Mumbai City,25.8,25,27,2.9,1005.7,10,18.9,72.8167,42.9
2021-08-20 00:00:00,August,Monsoon,Bombay / Colaba,MH,Mumbai City,26,25,27.5,2.5,1006,10,18.9,72.8167,21.1
2021-08-21 00:00:00,August,Monsoon,Bombay / Colaba,MH,Mumbai City,25.9,24.6,27.4,3,1007.1,10,18.9,72.8167,52.1
2021-08-22 00:00:00,August,Monsoon,Bombay / Colaba,MH,Mumbai City,26.7,24.9,29.1,2.7,1007.9,10,18.9,72.8167,11.9
2021-08-23 00:00:00,August,Monsoon,Bombay / Colaba,MH,Mumbai City,27.7,25.5,30.6,3.3,1007.7,10,18.9,72.8167,0
2021-08-24 00:00:00,August,Monsoon,Bombay / Colaba,MH,Mumbai City,28.2,26.2,31,3.3,1007.7,10,18.9,72.8167,2.2
2021-08-25 00:00:00,August,Monsoon,Bombay / Colaba,MH,Mumbai City,28.1,26.3,30.6,1.9,1007.1,10,18.9,72.8167,1.2
2021-08-26 00:00:00,August,Monsoon,Bombay / Colaba,MH,Mumbai City,28.1,26.4,30.5,3.4,1005.5,10,18.9,72.8167,2
2021-08-27 00:00:00,August,Monsoon,Bombay / Colaba,MH,Mumbai City,28.3,26.4,30.7,4,1004.9,10,18.9,72.8167,2
2021-08-28 00:00:00,August,Monsoon,Bombay / Colaba,MH,Mumbai City,28.6,26.5,31,2.5,1004,10,18.9,72.8167,5.1
2021-08-29 00:00:00,August,Monsoon,Bombay / Colaba,MH,Mumbai City,28.3,26.6,30.4,2.2,1003.5,10,18.9,72.8167,0
2021-08-30 00:00:00,August,Monsoon,Bombay / Colaba,MH,Mumbai City,27.7,26.5,29.5,2.5,1004.9,10,18.9,72.8167,0.8
2021-08-31 00:00:00,August,Monsoon,Bombay / Colaba,MH,Mumbai City,26.2,25,27.3,2.6,1005.1,10,18.9,72.8167,49
2021-09-01 00:00:00,September,Monsoon,Bombay / Colaba,MH,Mumbai City,26.4,25.2,28.3,4.1,1005.8,10,18.9,72.8167,108
2021-09-02 00:00:00,September,Monsoon,Bombay / Colaba,MH,Mumbai City,27.2,26,29.2,7.8,1005.8,10,18.9,72.8167,6.1
2021-09-03 00:00:00,September,Monsoon,Bombay / Colaba,MH,Mumbai City,27.4,26,29.7,6.2,1005.2,10,18.9,72.8167,9.9
2021-09-04 00:00:00,September,Monsoon,Bombay / Colaba,MH,Mumbai City,26.8,25,29.3,4,1005.7,10,18.9,72.8167,54.1
2021-09-05 00:00:00,September,Monsoon,Bombay / Colaba,MH,Mumbai City,26.6,25.4,28.2,2.7,1005.7,10,18.9,72.8167,42.9
2021-09-06 00:00:00,September,Monsoon,Bombay / Colaba,MH,Mumbai City,27,25.5,30,2.4,1005.3,10,18.9,72.8167,6.1
2021-09-07 00:00:00,September,Monsoon,Bombay / Colaba,MH,Mumbai City,26.7,26.1,27.7,2.7,1003.6,10,18.9,72.8167,3
2021-09-08 00:00:00,September,Monsoon,Bombay / Colaba,MH,Mumbai City,26.5,25.7,27.5,7.6,1002.9,10,18.9,72.8167,79
2021-09-09 00:00:00,September,Monsoon,Bombay / Colaba,MH,Mumbai City,27.6,26.4,29.3,12.5,1005.9,10,18.9,72.8167,18
2021-09-10 00:00:00,September,Monsoon,Bombay / Colaba,MH,Mumbai City,27.7,26.6,29.5,12.3,1006.4,10,18.9,72.8167,8.9
2021-09-11 00:00:00,September,Monsoon,Bombay / Colaba,MH,Mumbai City,27.4,26.4,29.3,12.5,1004.6,10,18.9,72.8167,9.9
2021-09-12 00:00:00,September,Monsoon,Bombay / Colaba,MH,Mumbai City,27,26.3,28.1,10.8,1002.7,10,18.9,72.8167,21.1
2021-09-13 00:00:00,September,Monsoon,Bombay / Colaba,MH,Mumbai City,26.6,26,27,11.8,1001.7,10,18.9,72.8167,39.1
2021-09-14 00:00:00,September,Monsoon,Bombay / Colaba,MH,Mumbai City,27.2,26.3,29.2,12.9,1002.6,10,18.9,72.8167,4.1
2021-09-15 00:00:00,September,Monsoon,Bombay / Colaba,MH,Mumbai City,27.8,26.5,29.7,12.6,1004.2,10,18.9,72.8167,3
2021-09-16 00:00:00,September,Monsoon,Bombay / Colaba,MH,Mumbai City,28.2,26.9,30.7,9.6,1005.6,10,18.9,72.8167,2
2021-09-17 00:00:00,September,Monsoon,Bombay / Colaba,MH,Mumbai City,28.1,26,30.5,6.7,1006,10,18.9,72.8167,3
2021-09-18 00:00:00,September,Monsoon,Bombay / Colaba,MH,Mumbai City,28,26,30.4,6.5,1007.4,10,18.9,72.8167,0
2021-09-19 00:00:00,September,Monsoon,Bombay / Colaba,MH,Mumbai City,27.8,26.1,30.1,5.1,1009.1,10,18.9,72.8167,1
2021-09-20 00:00:00,September,Monsoon,Bombay / Colaba,MH,Mumbai City,27.5,25.9,29.5,3.7,1009,10,18.9,72.8167,71.1
2021-09-21 00:00:00,September,Monsoon,Bombay / Colaba,MH,Mumbai City,27.1,26.1,28.5,3.6,1007.7,10,18.9,72.8167,7.1
2021-09-22 00:00:00,September,Monsoon,Bombay / Colaba,MH,Mumbai City,26.7,25.4,27.9,3.7,1006,10,18.9,72.8167,58.9
2021-09-23 00:00:00,September,Monsoon,Bombay / Colaba,MH,Mumbai City,27,25.7,28.8,3.5,1005.9,10,18.9,72.8167,3
2021-09-24 00:00:00,September,Monsoon,Bombay / Colaba,MH,Mumbai City,27.9,25.8,30.6,3.7,1007,10,18.9,72.8167,0.5
2021-09-25 00:00:00,September,Monsoon,Bombay / Colaba,MH,Mumbai City,27.9,26,30.6,3.4,1007.2,10,18.9,72.8167,0
2021-09-26 00:00:00,September,Monsoon,Bombay / Colaba,MH,Mumbai City,27.8,26.3,30.1,2.5,1005.8,10,18.9,72.8167,9.9
2021-09-27 00:00:00,September,Monsoon,Bombay / Colaba,MH,Mumbai City,26.9,25.4,28.3,1.8,1004.2,10,18.9,72.8167,3
2021-09-28 00:00:00,September,Monsoon,Bombay / Colaba,MH,Mumbai City,26.4,25.8,27.3,4.5,1003.6,10,18.9,72.8167,39.1
2021-09-29 00:00:00,September,Monsoon,Bombay / Colaba,MH,Mumbai City,27.1,25.5,29.1,10.1,1004.5,10,18.9,72.8167,27.9
2021-09-30 00:00:00,September,Monsoon,Bombay / Colaba,MH,Mumbai City,27.8,26.3,30.6,10.3,1007.3,10,18.9,72.8167,26.9
2022-07-01 00:00:00,July,Monsoon,Bombay / Colaba,MH,Mumbai City,27,25.6,28.4,5.5,1003.5,10,18.9,72.8167,28.1
2022-07-02 00:00:00,July,Monsoon,Bombay / Colaba,MH,Mumbai City,28,26.3,30,8.9,1002.6,10,18.9,72.8167,23.7
2022-07-03 00:00:00,July,Monsoon,Bombay / Colaba,MH,Mumbai City,28.8,27.5,31,9.6,1002.1,10,18.9,72.8167,22.6
2022-07-04 00:00:00,July,Monsoon,Bombay / Colaba,MH,Mumbai City,27.7,26.8,29,8.3,1001.9,10,18.9,72.8167,44.8
2022-07-05 00:00:00,July,Monsoon,Bombay / Colaba,MH,Mumbai City,26.4,25.4,27.1,6.5,1000.6,10,18.9,72.8167,56.6
2022-07-06 00:00:00,July,Monsoon,Bombay / Colaba,MH,Mumbai City,26.6,25.9,27.7,8.6,1001.4,10,18.9,72.8167,50.4
2022-07-07 00:00:00,July,Monsoon,Bombay / Colaba,MH,Mumbai City,26.6,25.8,27.4,8.5,1004.3,10,18.9,72.8167,43.6
2022-07-08 00:00:00,July,Monsoon,Bombay / Colaba,MH,Mumbai City,27.3,26.3,28.8,9.4,1004.4,10,18.9,72.8167,29.7
2022-07-09 00:00:00,July,Monsoon,Bombay / Colaba,MH,Mumbai City,27.5,27.1,28,10.7,1003.4,10,18.9,72.8167,50.4
2022-07-10 00:00:00,July,Monsoon,Bombay / Colaba,MH,Mumbai City,27.5,26.8,28.8,9.7,1003.7,10,18.9,72.8167,52.4
2022-07-11 00:00:00,July,Monsoon,Bombay / Colaba,MH,Mumbai City,26.8,26.1,28.8,9.7,1004.9,10,18.9,72.8167,77.9
2022-07-12 00:00:00,July,Monsoon,Bombay / Colaba,MH,Mumbai City,26.4,25.8,26.8,10.1,1004.8,10,18.9,72.8167,57.1
2022-07-13 00:00:00,July,Monsoon,Bombay / Colaba,MH,Mumbai City,26.4,25.8,27,12.2,1002.2,10,18.9,72.8167,79.2
2022-07-14 00:00:00,July,Monsoon,Bombay / Colaba,MH,Mumbai City,26.4,25.9,26.9,13.9,999.4,10,18.9,72.8167,63.1
2022-07-15 00:00:00,July,Monsoon,Bombay / Colaba,MH,Mumbai City,27.2,26.6,28.2,15,999.4,10,18.9,72.8167,23.9
2022-07-16 00:00:00,July,Monsoon,Bombay / Colaba,MH,Mumbai City,27.7,26.7,28.8,15.8,1000.6,10,18.9,72.8167,33.5
2022-07-17 00:00:00,July,Monsoon,Bombay / Colaba,MH,Mumbai City,28.2,27.2,29.8,11.3,1003.3,10,18.9,72.8167,20.1
2022-07-18 00:00:00,July,Monsoon,Bombay / Colaba,MH,Mumbai City,27.3,26.6,28.4,8.3,1004.7,10,18.9,72.8167,30.7
2022-07-19 00:00:00,July,Monsoon,Bombay / Colaba,MH,Mumbai City,27.6,26.4,29.6,7.3,1005.4,10,18.9,72.8167,37.2
2022-07-20 00:00:00,July,Monsoon,Bombay / Colaba,MH,Mumbai City,27.7,26.7,29.6,6.9,1006.3,10,18.9,72.8167,17.2
2022-07-21 00:00:00,July,Monsoon,Bombay / Colaba,MH,Mumbai City,27.6,26.6,29.2,5.3,1006.5,10,18.9,72.8167,6.5
2022-07-22 00:00:00,July,Monsoon,Bombay / Colaba,MH,Mumbai City,27.8,26.5,29.2,4.8,1007.1,10,18.9,72.8167,4.5
2022-07-23 00:00:00,July,Monsoon,Bombay / Colaba,MH,Mumbai City,27.4,26.6,28.5,6,1005.8,10,18.9,72.8167,25.4
2022-07-24 00:00:00,July,Monsoon,Bombay / Colaba,MH,Mumbai City,27.6,26.6,28.7,7.6,1004.8,10,18.9,72.8167,34.2
2022-07-25 00:00:00,July,Monsoon,Bombay / Colaba,MH,Mumbai City,27.7,26.7,29.2,6.2,1006,10,18.9,72.8167,14
2022-07-26 00:00:00,July,Monsoon,Bombay / Colaba,MH,Mumbai City,27.7,26.3,29.1,3.4,1007.7,10,18.9,72.8167,5.7
2022-07-27 00:00:00,July,Monsoon,Bombay / Colaba,MH,Mumbai City,27.2,25.4,29.2,1.8,1007.8,10,18.9,72.8167,2.6
2022-07-28 00:00:00,July,Monsoon,Bombay / Colaba,MH,Mumbai City,27.9,25.7,30.2,2.4,1008.3,10,18.9,72.8167,0.8
2022-07-29 00:00:00,July,Monsoon,Bombay / Colaba,MH,Mumbai City,28.4,26.3,30.8,3.1,1008.1,10,18.9,72.8167,0.7
2022-07-30 00:00:00,July,Monsoon,Bombay / Colaba,MH,Mumbai City,28.7,26.6,30.8,2.8,1007.3,10,18.9,72.8167,1.4
2022-07-31 00:00:00,July,Monsoon,Bombay / Colaba,MH,Mumbai City,28.7,26.9,30.6,3.1,1006,10,18.9,72.8167,0.3
2022-08-01 00:00:00,August,Monsoon,Bombay / Colaba,MH,Mumbai City,28.6,26.9,30.5,3.2,1005.8,10,18.9,72.8167,2
2022-08-02 00:00:00,August,Monsoon,Bombay / Colaba,MH,Mumbai City,28.5,26.8,31,3.6,1004.9,10,18.9,72.8167,4
2022-08-03 00:00:00,August,Monsoon,Bombay / Colaba,MH,Mumbai City,27.8,25.8,29.8,1.9,1003.9,10,18.9,72.8167,2.8
2022-08-04 00:00:00,August,Monsoon,Bombay / Colaba,MH,Mumbai City,27.6,26.3,29,1.8,1003,10,18.9,72.8167,13.4
2022-08-05 00:00:00,August,Monsoon,Bombay / Colaba,MH,Mumbai City,27.1,26.1,28.6,2.2,1001.5,10,18.9,72.8167,24.2
2022-08-06 00:00:00,August,Monsoon,Bombay / Colaba,MH,Mumbai City,26.9,25.8,29.4,3.2,1000.5,10,18.9,72.8167,25.6
2022-08-07 00:00:00,August,Monsoon,Bombay / Colaba,MH,Mumbai City,27.2,26.1,30.4,4.2,999.9,10,18.9,72.8167,45.9
2022-08-08 00:00:00,August,Monsoon,Bombay / Colaba,MH,Mumbai City,26.5,26.2,26.9,5.8,999.2,10,18.9,72.8167,47.8
2022-08-09 00:00:00,August,Monsoon,Bombay / Colaba,MH,Mumbai City,26.5,26,28,12.2,998.3,10,18.9,72.8167,128.7
2022-08-10 00:00:00,August,Monsoon,Bombay / Colaba,MH,Mumbai City,27.1,26.6,27.8,16.5,998,10,18.9,72.8167,52.2
2022-08-11 00:00:00,August,Monsoon,Bombay / Colaba,MH,Mumbai City,27.4,26.8,28.6,17.5,999,10,18.9,72.8167,22
2022-08-12 00:00:00,August,Monsoon,Bombay / Colaba,MH,Mumbai City,27.7,26.8,29.4,17.4,1002.1,10,18.9,72.8167,18.3
2022-08-13 00:00:00,August,Monsoon,Bombay / Colaba,MH,Mumbai City,27.7,26.7,29.6,15.1,1004.3,10,18.9,72.8167,28.9
2022-08-14 00:00:00,August,Monsoon,Bombay / Colaba,MH,Mumbai City,27.8,26.7,29.6,13,1005.9,10,18.9,72.8167,12.4
2022-08-15 00:00:00,August,Monsoon,Bombay / Colaba,MH,Mumbai City,27.4,26.5,28.3,12.2,1006.2,10,18.9,72.8167,79.8
2022-08-16 00:00:00,August,Monsoon,Bombay / Colaba,MH,Mumbai City,26.6,25.4,27.7,12.9,1005.5,10,18.9,72.8167,64.8
2022-08-17 00:00:00,August,Monsoon,Bombay / Colaba,MH,Mumbai City,27.2,26,29.1,13.8,1006.6,10,18.9,72.8167,34.6
2022-08-18 00:00:00,August,Monsoon,Bombay / Colaba,MH,Mumbai City,27.4,26.3,29.4,11.1,1007.1,10,18.9,72.8167,16.2
2022-08-19 00:00:00,August,Monsoon,Bombay / Colaba,MH,Mumbai City,27.7,26.3,29.8,8.7,1007.2,10,18.9,72.8167,20.3
2022-08-20 00:00:00,August,Monsoon,Bombay / Colaba,MH,Mumbai City,27.8,26.6,29.6,8.2,1007.3,10,18.9,72.8167,5.6
2022-08-21 00:00:00,August,Monsoon,Bombay / Colaba,MH,Mumbai City,27.7,25.6,30,8.3,1006.5,10,18.9,72.8167,6.4
2022-08-22 00:00:00,August,Monsoon,Bombay / Colaba,MH,Mumbai City,28,27.1,29.6,9.7,1005.2,10,18.9,72.8167,11.8
2022-08-23 00:00:00,August,Monsoon,Bombay / Colaba,MH,Mumbai City,28.1,26.6,30,10.4,1005.1,10,18.9,72.8167,10.8
2022-08-24 00:00:00,August,Monsoon,Bombay / Colaba,MH,Mumbai City,27.9,26.4,30.1,10.4,1007.2,10,18.9,72.8167,15
2022-08-25 00:00:00,August,Monsoon,Bombay / Colaba,MH,Mumbai City,28,26.6,30.3,6.5,1007.5,10,18.9,72.8167,6.3
2022-08-26 00:00:00,August,Monsoon,Bombay / Colaba,MH,Mumbai City,28.1,26.4,30.7,3.1,1007.3,10,18.9,72.8167,2.7
2022-08-27 00:00:00,August,Monsoon,Bombay / Colaba,MH,Mumbai City,28.2,26.1,30.7,2.2,1007.6,10,18.9,72.8167,2
2022-08-28 00:00:00,August,Monsoon,Bombay / Colaba,MH,Mumbai City,28.3,26.3,30.9,3.4,1007.5,10,18.9,72.8167,1.6
2022-08-29 00:00:00,August,Monsoon,Bombay / Colaba,MH,Mumbai City,28.1,25.2,31.2,2.9,1008.3,10,18.9,72.8167,0.7
2022-08-30 00:00:00,August,Monsoon,Bombay / Colaba,MH,Mumbai City,28,26.1,30.1,3.6,1008.3,10,18.9,72.8167,0.5
2022-08-31 00:00:00,August,Monsoon,Bombay / Colaba,MH,Mumbai City,28.3,26.1,31,3.1,1007.1,10,18.9,72.8167,2.9
2022-09-01 00:00:00,September,Monsoon,Bombay / Colaba,MH,Mumbai City,28.1,25.8,31,2.1,1006.5,10,18.9,72.8167,18.5
2022-09-02 00:00:00,September,Monsoon,Bombay / Colaba,MH,Mumbai City,28.5,26.3,31.3,3,1006.9,10,18.9,72.8167,1.2
2022-09-03 00:00:00,September,Monsoon,Bombay / Colaba,MH,Mumbai City,29.1,26.6,32.4,3.3,1007.4,10,18.9,72.8167,0.2
2022-09-04 00:00:00,September,Monsoon,Bombay / Colaba,MH,Mumbai City,28.1,26.8,30.1,2.5,1007.4,10,18.9,72.8167,7.3
2022-09-05 00:00:00,September,Monsoon,Bombay / Colaba,MH,Mumbai City,27.9,26.5,29.6,2.8,1007.7,10,18.9,72.8167,9.1
2022-09-06 00:00:00,September,Monsoon,Bombay / Colaba,MH,Mumbai City,27.5,26,30,2.1,1007.1,10,18.9,72.8167,4.8
2022-09-07 00:00:00,September,Monsoon,Bombay / Colaba,MH,Mumbai City,27.9,26,30,3.3,1006.7,10,18.9,72.8167,13.3
2022-09-08 00:00:00,September,Monsoon,Bombay / Colaba,MH,Mumbai City,27.6,26.2,29.4,2.7,1005.5,10,18.9,72.8167,32.3
2022-09-09 00:00:00,September,Monsoon,Bombay / Colaba,MH,Mumbai City,27.9,26.2,30.4,3.8,1004.2,10,18.9,72.8167,11.6
2022-09-10 00:00:00,September,Monsoon,Bombay / Colaba,MH,Mumbai City,28,26.3,30.4,3.3,1004.2,10,18.9,72.8167,2.9
2022-09-11 00:00:00,September,Monsoon,Bombay / Colaba,MH,Mumbai City,27.8,26.1,29.8,2.7,1002.5,10,18.9,72.8167,10
2022-09-12 00:00:00,September,Monsoon,Bombay / Colaba,MH,Mumbai City,27.5,26.4,30,2.9,1001.2,10,18.9,72.8167,43.1
2022-09-13 00:00:00,September,Monsoon,Bombay / Colaba,MH,Mumbai City,27.3,26.2,28.7,7.8,1003,10,18.9,72.8167,93.3
2022-09-14 00:00:00,September,Monsoon,Bombay / Colaba,MH,Mumbai City,27.4,26.5,28.5,11.8,1005.7,10,18.9,72.8167,80.1
2022-09-15 00:00:00,September,Monsoon,Bombay / Colaba,MH,Mumbai City,27.5,26.6,28.7,13.5,1007.4,10,18.9,72.8167,70.1
2022-09-16 00:00:00,September,Monsoon,Bombay / Colaba,MH,Mumbai City,26.9,26.2,27.8,10.3,1006.6,10,18.9,72.8167,69.2
2022-09-17 00:00:00,September,Monsoon,Bombay / Colaba,MH,Mumbai City,27.2,25.8,29.2,8.3,1006.6,10,18.9,72.8167,44.9
2022-09-18 00:00:00,September,Monsoon,Bombay / Colaba,MH,Mumbai City,26.9,25.2,29.2,4.2,1008.2,10,18.9,72.8167,44.1
2022-09-19 00:00:00,September,Monsoon,Bombay / Colaba,MH,Mumbai City,26.3,24.4,28.4,2.4,1009,10,18.9,72.8167,4.8
2022-09-20 00:00:00,September,Monsoon,Bombay / Colaba,MH,Mumbai City,26.1,25,27.8,2.5,1008.7,10,18.9,72.8167,4
2022-09-21 00:00:00,September,Monsoon,Bombay / Colaba,MH,Mumbai City,25.6,24,27.8,2.3,1008.7,10,18.9,72.8167,4.7
2022-09-22 00:00:00,September,Monsoon,Bombay / Colaba,MH,Mumbai City,25.9,24.5,28.1,2.6,1008.9,10,18.9,72.8167,13.2
2022-09-23 00:00:00,September,Monsoon,Bombay / Colaba,MH,Mumbai City,26.8,24.4,30.4,3.4,1009.2,10,18.9,72.8167,2.5
2022-09-24 00:00:00,September,Monsoon,Bombay / Colaba,MH,Mumbai City,27.2,25.2,29.6,4.5,1008.6,10,18.9,72.8167,10.3
2022-09-25 00:00:00,September,Monsoon,Bombay / Colaba,MH,Mumbai City,27.5,25.5,30.1,3.3,1008.1,10,18.9,72.8167,4.3
2022-09-26 00:00:00,September,Monsoon,Bombay / Colaba,MH,Mumbai City,27.4,25.8,30.1,2.5,1009.6,10,18.9,72.8167,6.2
2022-09-27 00:00:00,September,Monsoon,Bombay / Colaba,MH,Mumbai City,27.3,25.4,30,2.4,1008.8,10,18.9,72.8167,0
2022-09-28 00:00:00,September,Monsoon,Bombay / Colaba,MH,Mumbai City,27.5,25.4,29.7,2.5,1007.7,10,18.9,72.8167,0.7
2022-09-29 00:00:00,September,Monsoon,Bombay / Colaba,MH,Mumbai City,27.5,25.9,29.9,2.8,1007.2,10,18.9,72.8167,2.1
2022-09-30 00:00:00,September,Monsoon,Bombay / Colaba,MH,Mumbai City,27.8,25.8,31.2,2.9,1007.9,10,18.9,72.8167,4.1
2023-07-01 00:00:00,July,Monsoon,Bombay / Colaba,MH,Mumbai City,27.7,26.6,28.7,10.5,1006.4,10,18.9,72.8167,57
2023-07-02 00:00:00,July,Monsoon,Bombay / Colaba,MH,Mumbai City,28.2,26.8,29.9,9.2,1006,10,18.9,72.8167,68.5
2023-07-03 00:00:00,July,Monsoon,Bombay / Colaba,MH,Mumbai City,28.3,26.8,31,6,1004.2,10,18.9,72.8167,20.4
2023-07-04 00:00:00,July,Monsoon,Bombay / Colaba,MH,Mumbai City,28.1,27,29.7,5.1,1002.5,10,18.9,72.8167,17.7
2023-07-05 00:00:00,July,Monsoon,Bombay / Colaba,MH,Mumbai City,27.6,26.8,28.8,4.8,1000.6,10,18.9,72.8167,19.3
2023-07-06 00:00:00,July,Monsoon,Bombay / Colaba,MH,Mumbai City,26.9,26.1,27.9,6,1001.4,10,18.9,72.8167,87.5
2023-07-07 00:00:00,July,Monsoon,Bombay / Colaba,MH,Mumbai City,27.3,26.5,28.2,10.6,1002.9,10,18.9,72.8167,114.5
2023-07-08 00:00:00,July,Monsoon,Bombay / Colaba,MH,Mumbai City,28.3,27.2,30,14.7,1004.7,10,18.9,72.8167,27.9
2023-07-09 00:00:00,July,Monsoon,Bombay / Colaba,MH,Mumbai City,28.9,27.8,30.4,13.1,1005.8,10,18.9,72.8167,12.8
2023-07-10 00:00:00,July,Monsoon,Bombay / Colaba,MH,Mumbai City,29.1,27.7,30.9,10.1,1006.4,10,18.9,72.8167,6.3
2023-07-11 00:00:00,July,Monsoon,Bombay / Colaba,MH,Mumbai City,29.2,27.7,30.9,7.6,1006.6,10,18.9,72.8167,8.5
2023-07-12 00:00:00,July,Monsoon,Bombay / Colaba,MH,Mumbai City,28.8,27.9,30.4,5.2,1005.6,10,18.9,72.8167,13.6
2023-07-13 00:00:00,July,Monsoon,Bombay / Colaba,MH,Mumbai City,28.6,27.2,31.8,4.5,1005.1,10,18.9,72.8167,24.8
2023-07-14 00:00:00,July,Monsoon,Bombay / Colaba,MH,Mumbai City,27.5,25.4,29,5.9,1006.3,10,18.9,72.8167,48.3
2023-07-15 00:00:00,July,Monsoon,Bombay / Colaba,MH,Mumbai City,28.1,26.6,30.8,7.2,1007.3,10,18.9,72.8167,14.9
2023-07-16 00:00:00,July,Monsoon,Bombay / Colaba,MH,Mumbai City,28.1,27.2,29.4,6.7,1006.4,10,18.9,72.8167,18.1
2023-07-17 00:00:00,July,Monsoon,Bombay / Colaba,MH,Mumbai City,27.4,26,28.6,7.6,1005.3,10,18.9,72.8167,40.2
2023-07-18 00:00:00,July,Monsoon,Bombay / Colaba,MH,Mumbai City,26.9,26,27.3,8.6,1004,10,18.9,72.8167,63.1
2023-07-19 00:00:00,July,Monsoon,Bombay / Colaba,MH,Mumbai City,26.3,25.4,26.8,9.6,1002.1,10,18.9,72.8167,59.6
2023-07-20 00:00:00,July,Monsoon,Bombay / Colaba,MH,Mumbai City,27,26.5,28.4,10.4,1001.9,10,18.9,72.8167,35.4
2023-07-21 00:00:00,July,Monsoon,Bombay / Colaba,MH,Mumbai City,27.1,26,28,8.3,1003.7,10,18.9,72.8167,27.6
2023-07-22 00:00:00,July,Monsoon,Bombay / Colaba,MH,Mumbai City,26.9,26.5,27.4,8.5,1004.7,10,18.9,72.8167,41.5
2023-07-23 00:00:00,July,Monsoon,Bombay / Colaba,MH,Mumbai City,27.2,26.4,27.7,9.8,1003.8,10,18.9,72.8167,44
2023-07-24 00:00:00,July,Monsoon,Bombay / Colaba,MH,Mumbai City,27.4,26.9,28.4,11.5,1004,10,18.9,72.8167,91
2023-07-25 00:00:00,July,Monsoon,Bombay / Colaba,MH,Mumbai City,27.1,26.3,28,8.7,1005.5,10,18.9,72.8167,57.7
2023-07-26 00:00:00,July,Monsoon,Bombay / Colaba,MH,Mumbai City,27,26,28.1,6.6,1006.7,10,18.9,72.8167,86.2
2023-07-27 00:00:00,July,Monsoon,Bombay / Colaba,MH,Mumbai City,26.4,25.4,27.1,8.3,1007.1,10,18.9,72.8167,58.4
2023-07-28 00:00:00,July,Monsoon,Bombay / Colaba,MH,Mumbai City,26.4,25,27,9.2,1007.2,10,18.9,72.8167,40.3
2023-07-29 00:00:00,July,Monsoon,Bombay / Colaba,MH,Mumbai City,27.4,26.5,28.5,8.7,1007.5,10,18.9,72.8167,27.9
2023-07-30 00:00:00,July,Monsoon,Bombay / Colaba,MH,Mumbai City,27.9,26.6,30,8.3,1007.1,10,18.9,72.8167,19.8
2023-07-31 00:00:00,July,Monsoon,Bombay / Colaba,MH,Mumbai City,28.1,27.2,29.1,8.6,1006.4,10,18.9,72.8167,14.8
2023-08-01 00:00:00,August,Monsoon,Bombay / Colaba,MH,Mumbai City,28.4,27.4,29.8,9.8,1006.5,10,18.9,72.8167,10
2023-08-02 00:00:00,August,Monsoon,Bombay / Colaba,MH,Mumbai City,28.4,27.6,29.8,10.4,1006.9,10,18.9,72.8167,14.7
2023-08-03 00:00:00,August,Monsoon,Bombay / Colaba,MH,Mumbai City,28.6,27.6,30.1,11.1,1006.7,10,18.9,72.8167,8.8
2023-08-04 00:00:00,August,Monsoon,Bombay / Colaba,MH,Mumbai City,29,27.9,30.6,10.8,1007.6,10,18.9,72.8167,6.7
2023-08-05 00:00:00,August,Monsoon,Bombay / Colaba,MH,Mumbai City,28.8,27.8,30.6,9.7,1009.3,10,18.9,72.8167,4.1
2023-08-06 00:00:00,August,Monsoon,Bombay / Colaba,MH,Mumbai City,29,27.7,30.8,9,1009.1,10,18.9,72.8167,4.6
2023-08-07 00:00:00,August,Monsoon,Bombay / Colaba,MH,Mumbai City,29.2,28,31.1,10.3,1007.6,10,18.9,72.8167,0.6
2023-08-08 00:00:00,August,Monsoon,Bombay / Colaba,MH,Mumbai City,29.3,27.9,31.2,10.4,1007.4,10,18.9,72.8167,3.2
2023-08-09 00:00:00,August,Monsoon,Bombay / Colaba,MH,Mumbai City,29.3,27.7,31.3,7.9,1009.4,10,18.9,72.8167,6.2
2023-08-10 00:00:00,August,Monsoon,Bombay / Colaba,MH,Mumbai City,29,27.8,31.3,6.9,1010.2,10,18.9,72.8167,10.4
2023-08-11 00:00:00,August,Monsoon,Bombay / Colaba,MH,Mumbai City,28.9,27.5,31,5.8,1009.8,10,18.9,72.8167,4.1
2023-08-12 00:00:00,August,Monsoon,Bombay / Colaba,MH,Mumbai City,28.8,27.3,31,6.7,1009.6,10,18.9,72.8167,5.5
2023-08-13 00:00:00,August,Monsoon,Bombay / Colaba,MH,Mumbai City,28.8,27.5,30.5,8.2,1008.5,10,18.9,72.8167,5.6
2023-08-14 00:00:00,August,Monsoon,Bombay / Colaba,MH,Mumbai City,29,27.8,30.8,8.6,1008.6,10,18.9,72.8167,0.3
2023-08-15 00:00:00,August,Monsoon,Bombay / Colaba,MH,Mumbai City,29,27.4,30.8,7.3,1008.9,10,18.9,72.8167,3.7
2023-08-16 00:00:00,August,Monsoon,Bombay / Colaba,MH,Mumbai City,28.9,27.6,30.9,5.8,1009.4,10,18.9,72.8167,4.9
2023-08-17 00:00:00,August,Monsoon,Bombay / Colaba,MH,Mumbai City,28.7,27.2,30.4,4.9,1009.6,10,18.9,72.8167,4.8
2023-08-18 00:00:00,August,Monsoon,Bombay / Colaba,MH,Mumbai City,28.6,27.2,30.2,5.9,1008.5,10,18.9,72.8167,4.3
2023-08-19 00:00:00,August,Monsoon,Bombay / Colaba,MH,Mumbai City,28.3,26.8,29.8,6.2,1007.1,10,18.9,72.8167,6.7
2023-08-20 00:00:00,August,Monsoon,Bombay / Colaba,MH,Mumbai City,28,26.7,30,6,1007,10,18.9,72.8167,7.2
2023-08-21 00:00:00,August,Monsoon,Bombay / Colaba,MH,Mumbai City,28.6,27,30.7,5.5,1007.4,10,18.9,72.8167,4
2023-08-22 00:00:00,August,Monsoon,Bombay / Colaba,MH,Mumbai City,28,26.7,29.5,4.1,1007.4,10,18.9,72.8167,4.6
2023-08-23 00:00:00,August,Monsoon,Bombay / Colaba,MH,Mumbai City,28.2,26.7,30.1,4.8,1007.6,10,18.9,72.8167,4.5
2023-08-24 00:00:00,August,Monsoon,Bombay / Colaba,MH,Mumbai City,28.2,26.9,30,6.3,1006.8,10,18.9,72.8167,8.6
2023-08-25 00:00:00,August,Monsoon,Bombay / Colaba,MH,Mumbai City,28.4,27.1,30.3,7.3,1006.5,10,18.9,72.8167,10.1
2023-08-26 00:00:00,August,Monsoon,Bombay / Colaba,MH,Mumbai City,28.4,27,30.6,8.3,1007.8,10,18.9,72.8167,12.2
2023-08-27 00:00:00,August,Monsoon,Bombay / Colaba,MH,Mumbai City,28.2,26.6,31.6,6.7,1008.9,10,18.9,72.8167,16
2023-08-28 00:00:00,August,Monsoon,Bombay / Colaba,MH,Mumbai City,27.9,26.6,30.5,6.2,1008.7,10,18.9,72.8167,6.7
2023-08-29 00:00:00,August,Monsoon,Bombay / Colaba,MH,Mumbai City,28.6,26.5,31,3.8,1008.3,10,18.9,72.8167,2.5
2023-08-30 00:00:00,August,Monsoon,Bombay / Colaba,MH,Mumbai City,29.2,26.9,32,3.5,1009,10,18.9,72.8167,2
2023-08-31 00:00:00,August,Monsoon,Bombay / Colaba,MH,Mumbai City,29,26.7,32,3.5,1008.9,10,18.9,72.8167,0.4
2023-09-01 00:00:00,September,Monsoon,Bombay / Colaba,MH,Mumbai City,29,26.3,31.8,3.8,1008.6,10,18.9,72.8167,1.6
2023-09-02 00:00:00,September,Monsoon,Bombay / Colaba,MH,Mumbai City,28.1,25.6,31.2,2.5,1008.5,10,18.9,72.8167,14.6
2023-09-03 00:00:00,September,Monsoon,Bombay / Colaba,MH,Mumbai City,27.5,25.4,30,2.8,1007.7,10,18.9,72.8167,2.2
2023-09-04 00:00:00,September,Monsoon,Bombay / Colaba,MH,Mumbai City,27.7,26,30.1,3.1,1006.4,10,18.9,72.8167,0.8
2023-09-05 00:00:00,September,Monsoon,Bombay / Colaba,MH,Mumbai City,27.8,23.9,30.6,3.1,1004.9,10,18.9,72.8167,1.9
2023-09-06 00:00:00,September,Monsoon,Bombay / Colaba,MH,Mumbai City,28.8,26.8,30.9,4.2,1005.4,10,18.9,72.8167,0.4
2023-09-07 00:00:00,September,Monsoon,Bombay / Colaba,MH,Mumbai City,27.7,25.2,29.1,4.2,1005.6,10,18.9,72.8167,7.5
2023-09-08 00:00:00,September,Monsoon,Bombay / Colaba,MH,Mumbai City,27,26,28.1,5.6,1005.9,10,18.9,72.8167,50.4
2023-09-09 00:00:00,September,Monsoon,Bombay / Colaba,MH,Mumbai City,27.9,26.5,29.4,5.8,1006.2,10,18.9,72.8167,17.8
2023-09-10 00:00:00,September,Monsoon,Bombay / Colaba,MH,Mumbai City,28.7,27.3,30.5,4.8,1006.1,10,18.9,72.8167,8.6
2023-09-11 00:00:00,September,Monsoon,Bombay / Colaba,MH,Mumbai City,28.8,27.2,30.6,3.8,1006.6,10,18.9,72.8167,6.1
2023-09-12 00:00:00,September,Monsoon,Bombay / Colaba,MH,Mumbai City,29,27.2,31.4,3.8,1007.4,10,18.9,72.8167,2.3
2023-09-13 00:00:00,September,Monsoon,Bombay / Colaba,MH,Mumbai City,28.9,27.2,31,3.9,1007,10,18.9,72.8167,6.6
2023-09-14 00:00:00,September,Monsoon,Bombay / Colaba,MH,Mumbai City,28.6,27.2,30.7,3,1006.9,10,18.9,72.8167,2.4
2023-09-15 00:00:00,September,Monsoon,Bombay / Colaba,MH,Mumbai City,28.5,26.8,31,3.3,1006.9,10,18.9,72.8167,2.4
2023-09-16 00:00:00,September,Monsoon,Bombay / Colaba,MH,Mumbai City,28.3,27.2,29.8,5.5,1006.5,10,18.9,72.8167,9.1
2023-09-17 00:00:00,September,Monsoon,Bombay / Colaba,MH,Mumbai City,28.4,27.3,30.3,8.3,1005.8,10,18.9,72.8167,10.2
2023-09-18 00:00:00,September,Monsoon,Bombay / Colaba,MH,Mumbai City,28.3,27,30.5,9.3,1005.4,10,18.9,72.8167,30.5
2023-09-19 00:00:00,September,Monsoon,Bombay / Colaba,MH,Mumbai City,28.4,26.9,30.7,8.6,1006.9,10,18.9,72.8167,16.6
2023-09-20 00:00:00,September,Monsoon,Bombay / Colaba,MH,Mumbai City,28.4,27,30.6,6.5,1007.4,10,18.9,72.8167,9.1
2023-09-21 00:00:00,September,Monsoon,Bombay / Colaba,MH,Mumbai City,28.1,26.7,30.3,4.1,1007.6,10,18.9,72.8167,24.5
2023-09-22 00:00:00,September,Monsoon,Bombay / Colaba,MH,Mumbai City,27.8,26.4,29.9,2.6,1007.9,10,18.9,72.8167,9.9
2023-09-23 00:00:00,September,Monsoon,Bombay / Colaba,MH,Mumbai City,27.1,25.8,29.1,1.8,1008.4,10,18.9,72.8167,47.7
2023-09-24 00:00:00,September,Monsoon,Bombay / Colaba,MH,Mumbai City,26.9,25.7,29.2,1.5,1009,10,18.9,72.8167,21.9
2023-09-25 00:00:00,September,Monsoon,Bombay / Colaba,MH,Mumbai City,27.1,25.5,29.4,2.1,1008.1,10,18.9,72.8167,18.5
2023-09-26 00:00:00,September,Monsoon,Bombay / Colaba,MH,Mumbai City,27.8,25.6,30.6,1.8,1007.4,10,18.9,72.8167,5.6
2023-09-27 00:00:00,September,Monsoon,Bombay / Colaba,MH,Mumbai City,27.6,25.6,30.2,9.2,1007,10,18.9,72.8167,19
2023-09-28 00:00:00,September,Monsoon,Bombay / Colaba,MH,Mumbai City,27.5,25.3,30.2,2.2,1005.8,10,18.9,72.8167,13.1
2023-09-29 00:00:00,September,Monsoon,Bombay / Colaba,MH,Mumbai City,27.9,25.6,31.2,2.2,1005.1,10,18.9,72.8167,10.9
2023-09-30 00:00:00,September,Monsoon,Bombay / Colaba,MH,Mumbai City,28.4,25.6,32.4,1.8,1004.7,10,18.9,72.8167,13.3
2024-07-01 00:00:00,July,Monsoon,Bombay / Colaba,MH,Mumbai City,29.5,28.3,31.4,13.4,1002.5,10,18.9,72.8167,30.9
2024-07-02 00:00:00,July,Monsoon,Bombay / Colaba,MH,Mumbai City,29.3,28,30.4,15.7,1001.7,10,18.9,72.8167,12.9
2024-07-03 00:00:00,July,Monsoon,Bombay / Colaba,MH,Mumbai City,29.9,28.8,31.1,12.7,1002.7,10,18.9,72.8167,13
2024-07-04 00:00:00,July,Monsoon,Bombay / Colaba,MH,Mumbai City,29.6,28.4,31.6,12.5,1003.7,10,18.9,72.8167,14.7
2024-07-05 00:00:00,July,Monsoon,Bombay / Colaba,MH,Mumbai City,29.3,28.1,30.3,9.5,1002.1,10,18.9,72.8167,23.9
2024-07-06 00:00:00,July,Monsoon,Bombay / Colaba,MH,Mumbai City,29.3,28.5,30.4,14.3,1000.9,10,18.9,72.8167,21.4
2024-07-07 00:00:00,July,Monsoon,Bombay / Colaba,MH,Mumbai City,28.9,27.6,30.6,8.6,1001.7,10,18.9,72.8167,22.3
2024-07-08 00:00:00,July,Monsoon,Bombay / Colaba,MH,Mumbai City,27.7,26.4,29.2,3.9,1002,10,18.9,72.8167,15.9
2024-07-09 00:00:00,July,Monsoon,Bombay / Colaba,MH,Mumbai City,27.1,25.4,28.6,3.7,1002.8,10,18.9,72.8167,30.5
2024-07-10 00:00:00,July,Monsoon,Bombay / Colaba,MH,Mumbai City,27.4,26.3,29.5,4.7,1005.4,10,18.9,72.8167,11.1
2024-07-11 00:00:00,July,Monsoon,Bombay / Colaba,MH,Mumbai City,27.5,26.2,28.9,4.9,1005.7,10,18.9,72.8167,49.1
2024-07-12 00:00:00,July,Monsoon,Bombay / Colaba,MH,Mumbai City,26.9,25.4,27.9,5.3,1003.6,10,18.9,72.8167,49.3
2024-07-13 00:00:00,July,Monsoon,Bombay / Colaba,MH,Mumbai City,26.6,25.4,27.5,9,1003.1,10,18.9,72.8167,70.6
2024-07-14 00:00:00,July,Monsoon,Bombay / Colaba,MH,Mumbai City,27,26.5,27.6,8.3,1001.3,10,18.9,72.8167,34.4
2024-07-15 00:00:00,July,Monsoon,Bombay / Colaba,MH,Mumbai City,26.9,26.4,27.9,4.7,1000.3,10,18.9,72.8167,12.8
2024-07-16 00:00:00,July,Monsoon,Bombay / Colaba,MH,Mumbai City,27,26.4,28.4,6,1000.1,10,18.9,72.8167,23.9
2024-07-17 00:00:00,July,Monsoon,Bombay / Colaba,MH,Mumbai City,27.7,26.9,29.4,6.6,1001.5,10,18.9,72.8167,34.8
2024-07-18 00:00:00,July,Monsoon,Bombay / Colaba,MH,Mumbai City,26.4,25,27.4,6.3,1002.2,10,18.9,72.8167,60.7
2024-07-19 00:00:00,July,Monsoon,Bombay / Colaba,MH,Mumbai City,27.1,25.8,27.8,10.4,1000.7,10,18.9,72.8167,52
2024-07-20 00:00:00,July,Monsoon,Bombay / Colaba,MH,Mumbai City,27.1,26.4,27.7,11.6,1001,10,18.9,72.8167,83.8
2024-07-21 00:00:00,July,Monsoon,Bombay / Colaba,MH,Mumbai City,27.1,26.6,27.7,9.7,1001.5,10,18.9,72.8167,90.4
2024-07-22 00:00:00,July,Monsoon,Bombay / Colaba,MH,Mumbai City,27,25.8,27.5,12.4,1003.5,10,18.9,72.8167,41.5
2024-07-23 00:00:00,July,Monsoon,Bombay / Colaba,MH,Mumbai City,27.1,26.4,27.5,12,1004.2,10,18.9,72.8167,40.4
2024-07-24 00:00:00,July,Monsoon,Bombay / Colaba,MH,Mumbai City,27.5,27.1,28.4,15.3,1002.2,10,18.9,72.8167,44.7
2024-07-25 00:00:00,July,Monsoon,Bombay / Colaba,MH,Mumbai City,26.8,25.4,27.6,16.4,1000.6,10,18.9,72.8167,79.6
2024-07-26 00:00:00,July,Monsoon,Bombay / Colaba,MH,Mumbai City,27.8,26.6,28.5,12.2,1002.2,10,18.9,72.8167,13.2
2024-07-27 00:00:00,July,Monsoon,Bombay / Colaba,MH,Mumbai City,28.1,27.2,28.7,15.2,1003,10,18.9,72.8167,5.9
2024-07-28 00:00:00,July,Monsoon,Bombay / Colaba,MH,Mumbai City,28.2,27.6,29,9.6,1000.9,10,18.9,72.8167,15.9
2024-07-29 00:00:00,July,Monsoon,Bombay / Colaba,MH,Mumbai City,27.8,27,28.6,12.2,999.4,10,18.9,72.8167,31
2024-07-30 00:00:00,July,Monsoon,Bombay / Colaba,MH,Mumbai City,27.9,27,29.2,10.5,1002.3,10,18.9,72.8167,17.3
2024-07-31 00:00:00,July,Monsoon,Bombay / Colaba,MH,Mumbai City,28.3,27.4,30.4,9.5,1005.1,10,18.9,72.8167,25.5
2024-08-01 00:00:00,August,Monsoon,Bombay / Colaba,MH,Mumbai City,28.2,27.4,29.2,9.9,1004.9,10,18.9,72.8167,38
2024-08-02 00:00:00,August,Monsoon,Bombay / Colaba,MH,Mumbai City,27.8,27.1,28.9,14.5,1004.5,10,18.9,72.8167,36.4
2024-08-03 00:00:00,August,Monsoon,Bombay / Colaba,MH,Mumbai City,27.7,27,28.4,16,1004.7,10,18.9,72.8167,61
2024-08-04 00:00:00,August,Monsoon,Bombay / Colaba,MH,Mumbai City,27.3,26.8,27.6,14.3,1005.1,10,18.9,72.8167,34
2024-08-05 00:00:00,August,Monsoon,Bombay / Colaba,MH,Mumbai City,27.8,26.9,29.4,9.3,1006,10,18.9,72.8167,10.9
2024-08-06 00:00:00,August,Monsoon,Bombay / Colaba,MH,Mumbai City,27.9,26.8,30,7.7,1006.2,10,18.9,72.8167,10.9
2024-08-07 00:00:00,August,Monsoon,Bombay / Colaba,MH,Mumbai City,28.3,26.8,31,6.5,1006.3,10,18.9,72.8167,6.5
2024-08-08 00:00:00,August,Monsoon,Bombay / Colaba,MH,Mumbai City,28.6,27.3,30,6.8,1007.1,10,18.9,72.8167,7.1
2024-08-09 00:00:00,August,Monsoon,Bombay / Colaba,MH,Mumbai City,28.2,27.3,29.3,6.3,1008.1,10,18.9,72.8167,12.8
2024-08-10 00:00:00,August,Monsoon,Bombay / Colaba,MH,Mumbai City,28.4,27.2,30,5.6,1008.5,10,18.9,72.8167,9
2024-08-11 00:00:00,August,Monsoon,Bombay / Colaba,MH,Mumbai City,28.6,27.4,30.4,4.8,1006.9,10,18.9,72.8167,2.1
2024-08-12 00:00:00,August,Monsoon,Bombay / Colaba,MH,Mumbai City,28.8,27.2,31,4.8,1006.2,10,18.9,72.8167,4.1
2024-08-13 00:00:00,August,Monsoon,Bombay / Colaba,MH,Mumbai City,29,27.4,31.4,3.8,1006.8,10,18.9,72.8167,1.9
2024-08-14 00:00:00,August,Monsoon,Bombay / Colaba,MH,Mumbai City,29,27.3,31.2,4.7,1006.7,10,18.9,72.8167,0.7
2024-08-15 00:00:00,August,Monsoon,Bombay / Colaba,MH,Mumbai City,29.3,27.7,31.6,3,1005.8,10,18.9,72.8167,0.2
2024-08-16 00:00:00,August,Monsoon,Bombay / Colaba,MH,Mumbai City,29.4,27.8,31.9,2.5,1004.7,10,18.9,72.8167,0.3
2024-08-17 00:00:00,August,Monsoon,Bombay / Colaba,MH,Mumbai City,29.4,27.5,32.2,1.1,1005.5,10,18.9,72.8167,0.4
2024-08-18 00:00:00,August,Monsoon,Bombay / Colaba,MH,Mumbai City,29,27,31.4,1.3,1006.1,10,18.9,72.8167,0
2024-08-19 00:00:00,August,Monsoon,Bombay / Colaba,MH,Mumbai City,29.3,27.5,31.4,1.9,1005.3,10,18.9,72.8167,11.3
2024-08-20 00:00:00,August,Monsoon,Bombay / Colaba,MH,Mumbai City,28.3,27,30.8,1.8,1004.9,10,18.9,72.8167,6.8
2024-08-21 00:00:00,August,Monsoon,Bombay / Colaba,MH,Mumbai City,28.6,26.6,31,2.8,1005.4,10,18.9,72.8167,0
2024-08-22 00:00:00,August,Monsoon,Bombay / Colaba,MH,Mumbai City,29.1,27,32,1.9,1004.8,10,18.9,72.8167,0.2
2024-08-23 00:00:00,August,Monsoon,Bombay / Colaba,MH,Mumbai City,28.5,26.8,31.1,2.1,1005.1,10,18.9,72.8167,25.8
2024-08-24 00:00:00,August,Monsoon,Bombay / Colaba,MH,Mumbai City,26.8,26.3,28,6.8,1006.2,10,18.9,72.8167,67.1
2024-08-25 00:00:00,August,Monsoon,Bombay / Colaba,MH,Mumbai City,26.8,26.4,27.6,12.3,1005.6,10,18.9,72.8167,50.2
2024-08-26 00:00:00,August,Monsoon,Bombay / Colaba,MH,Mumbai City,27.6,27,29.2,15.1,1004,10,18.9,72.8167,20
2024-08-27 00:00:00,August,Monsoon,Bombay / Colaba,MH,Mumbai City,27.7,26,29,14.9,1005,10,18.9,72.8167,46.1
2024-08-28 00:00:00,August,Monsoon,Bombay / Colaba,MH,Mumbai City,28,27,30,14.9,1006.2,10,18.9,72.8167,10.9
2024-08-29 00:00:00,August,Monsoon,Bombay / Colaba,MH,Mumbai City,28.4,27.2,30.1,12,1005.6,10,18.9,72.8167,6.1
2024-08-30 00:00:00,August,Monsoon,Bombay / Colaba,MH,Mumbai City,28.7,27.3,31.6,8.8,1005.6,10,18.9,72.8167,0
2024-08-31 00:00:00,August,Monsoon,Bombay / Colaba,MH,Mumbai City,28.7,27.2,31,7.9,1006.3,10,18.9,72.8167,3
2024-09-01 00:00:00,September,Monsoon,Bombay / Colaba,MH,Mumbai City,28.6,27.2,30.6,6,1006.6,10,18.9,72.8167,0.5
2024-09-02 00:00:00,September,Monsoon,Bombay / Colaba,MH,Mumbai City,28.1,26.8,29.8,5.6,1006.3,10,18.9,72.8167,0
2024-09-03 00:00:00,September,Monsoon,Bombay / Colaba,MH,Mumbai City,28.1,26.8,30.4,5.5,1006.3,10,18.9,72.8167,22.1
2024-09-04 00:00:00,September,Monsoon,Bombay / Colaba,MH,Mumbai City,28.5,26.9,31.4,5.8,1006.9,10,18.9,72.8167,11.9
2024-09-05 00:00:00,September,Monsoon,Bombay / Colaba,MH,Mumbai City,27.9,26.6,30,6.2,1005.9,10,18.9,72.8167,40.2
2024-09-06 00:00:00,September,Monsoon,Bombay / Colaba,MH,Mumbai City,27.9,26.6,29.7,4.4,1006.5,10,18.9,72.8167,14.4
2024-09-07 00:00:00,September,Monsoon,Bombay / Colaba,MH,Mumbai City,28.3,26.7,31.4,4.7,1007.2,10,18.9,72.8167,11.6
2024-09-08 00:00:00,September,Monsoon,Bombay / Colaba,MH,Mumbai City,28.9,27,32.4,3.4,1007.4,10,18.9,72.8167,3.5
2024-09-09 00:00:00,September,Monsoon,Bombay / Colaba,MH,Mumbai City,28.6,27.1,31.6,2.8,1005.3,10,18.9,72.8167,5.4
2024-09-10 00:00:00,September,Monsoon,Bombay / Colaba,MH,Mumbai City,28.1,27,31.4,2.4,1004.2,10,18.9,72.8167,5.9
2024-09-11 00:00:00,September,Monsoon,Bombay / Colaba,MH,Mumbai City,28.3,26.7,31,3.4,1005.3,10,18.9,72.8167,8.8
2024-09-12 00:00:00,September,Monsoon,Bombay / Colaba,MH,Mumbai City,28.1,26.4,30.5,4.6,1007,10,18.9,72.8167,9.2
2024-09-13 00:00:00,September,Monsoon,Bombay / Colaba,MH,Mumbai City,28.4,26.3,31,5.4,1007.8,10,18.9,72.8167,6.4
2024-09-14 00:00:00,September,Monsoon,Bombay / Colaba,MH,Mumbai City,28,26.3,30.5,4.9,1007.4,10,18.9,72.8167,10.3
2024-09-15 00:00:00,September,Monsoon,Bombay / Colaba,MH,Mumbai City,27.1,24.8,30.2,3.1,1007.7,10,18.9,72.8167,8.1
2024-09-16 00:00:00,September,Monsoon,Bombay / Colaba,MH,Mumbai City,27.7,25.6,30.8,1.6,1008.5,10,18.9,72.8167,3.9
2024-09-17 00:00:00,September,Monsoon,Bombay / Colaba,MH,Mumbai City,28.2,26.1,31.4,3.6,1008.6,10,18.9,72.8167,0.3
2024-09-18 00:00:00,September,Monsoon,Bombay / Colaba,MH,Mumbai City,28.2,26,32,1.5,1006.9,10,18.9,72.8167,0.2
2024-09-19 00:00:00,September,Monsoon,Bombay / Colaba,MH,Mumbai City,28.5,26.4,32.4,0.8,1007.1,10,18.9,72.8167,0
2024-09-20 00:00:00,September,Monsoon,Bombay / Colaba,MH,Mumbai City,28.5,26.3,31.8,1,1007.4,10,18.9,72.8167,2.2
2024-09-21 00:00:00,September,Monsoon,Bombay / Colaba,MH,Mumbai City,28.4,26.6,31,1.7,1008,10,18.9,72.8167,5.4
2024-09-22 00:00:00,September,Monsoon,Bombay / Colaba,MH,Mumbai City,28.6,26.7,31.8,2.2,1007.5,10,18.9,72.8167,2.3
2024-09-23 00:00:00,September,Monsoon,Bombay / Colaba,MH,Mumbai City,28.4,27,30.6,1.8,1006.4,10,18.9,72.8167,9.3
2024-09-24 00:00:00,September,Monsoon,Bombay / Colaba,MH,Mumbai City,27.4,25.6,28.9,2.5,1004.8,10,18.9,72.8167,50.3
2024-09-25 00:00:00,September,Monsoon,Bombay / Colaba,MH,Mumbai City,27,26.4,28.4,2.3,1003.8,10,18.9,72.8167,54.4
2024-09-26 00:00:00,September,Monsoon,Bombay / Colaba,MH,Mumbai City,26.6,26,27.8,2.5,1003.2,10,18.9,72.8167,51.1
2024-09-27 00:00:00,September,Monsoon,Bombay / Colaba,MH,Mumbai City,26.5,25.8,27.8,5.3,1004.6,10,18.9,72.8167,57.7
2024-09-28 00:00:00,September,Monsoon,Bombay / Colaba,MH,Mumbai City,26.8,26,29.1,3.5,1007.7,10,18.9,72.8167,7.7
2024-09-29 00:00:00,September,Monsoon,Bombay / Colaba,MH,Mumbai City,27.7,25.8,31.2,2.3,1009.8,10,18.9,72.8167,3.1
2024-09-30 00:00:00,September,Monsoon,Bombay / Colaba,MH,Mumbai City,28.6,26.1,31.8,1.8,1009.9,10,18.9,72.8167,0
